00:00:00.536252 VirtualBox VM 7.2.0 r170228 linux.amd64 (Aug 14 2025 08:34:19) release log
00:00:00.536254 Log opened 2025-10-22T21:41:06.476057000Z
00:00:00.536254 Build Type: release
00:00:00.536255 OS Product: Linux
00:00:00.536255 OS Release: 6.8.0-85-generic
00:00:00.536255 OS Version: #85-Ubuntu SMP PREEMPT_DYNAMIC Thu Sep 18 15:26:59 UTC 2025
00:00:00.536269 DMI Product Name: 20YS001VUS
00:00:00.536273 DMI Product Version: ThinkPad T15g Gen 2i
00:00:00.536277 Firmware type: UEFI
00:00:00.536749 Secure Boot: Disabled
00:00:00.536770 Host RAM: 64004MB (62.5GB) total, 46335MB (45.2GB) available
00:00:00.536771 Executable: /usr/lib/virtualbox/VirtualBoxVM
00:00:00.536772 Process ID: 722314
00:00:00.536772 Package type: LINUX_64BITS_UBUNTU_24_04
00:00:00.546095 Installed Extension Packs:
00:00:00.546106   None installed!
00:00:00.546501 Console: Machine state changed to 'Starting'
00:00:00.546591 GUI: Qt version: 6.8.0
00:00:00.546595 GUI: X11 Window Manager code: 5
00:00:00.546596 GUI: HID LEDs sync is not supported on this platform
00:00:00.551247 SUP: seg #0: R   0x00000000 LB 0x00050000
00:00:00.551261 SUP: seg #1: R X 0x00050000 LB 0x0023f000
00:00:00.551263 SUP: seg #2: R   0x0028f000 LB 0x00078000
00:00:00.551264 SUP: seg #3: RW  0x00307000 LB 0x0002db28
00:00:00.553616 SUP: Loaded VMMR0.r0 (/usr/lib/virtualbox/VMMR0.r0) at 0xXXXXXXXXXXXXXXXX - ModuleInit at XXXXXXXXXXXXXXXX and ModuleTerm at XXXXXXXXXXXXXXXX
00:00:00.553626 SUP: VMMR0EntryEx located at XXXXXXXXXXXXXXXX and VMMR0EntryFast at XXXXXXXXXXXXXXXX
00:00:00.555467 Guest architecture: x86
00:00:00.555510 Guest OS type: 'Linux_64'
00:00:00.556195 fHMForced=true - No raw-mode support in this build!
00:00:00.556198 Using execution engine 1
00:00:00.559204 File system of '/home/max/Development/rocknix/target/ROCKNIX-INSTALLER.vdi' is ext4
00:00:00.559995 File system of '/home/max/Development/rocknix/target/ROCKNIX-TARGET-DISK.vdi' is ext4
00:00:00.561133 GUI: UIMediumEnumerator: Medium-enumeration finished!
00:00:00.561133 X Server details: vendor: The X.Org Foundation, release: 12101011, protocol version: 11.0, display string: :0
00:00:00.561133 Using XKB for keycode to scan code conversion
00:00:00.564333 Shared Clipboard: Service loaded
00:00:00.564340 Shared Clipboard: Mode: Off
00:00:00.564367 Shared Clipboard: Service running in normal mode
00:00:00.564767 Drag and drop service loaded
00:00:00.564771 Drag and drop mode: Off
00:00:00.565823 ************************* CFGM dump *************************
00:00:00.565824 [/] (level 0)
00:00:00.565825   CpuExecutionCap   <integer> = 0x0000000000000064 (100)
00:00:00.565827   EnablePAE         <integer> = 0x0000000000000001 (1)
00:00:00.565827   HMEnabled         <integer> = 0x0000000000000001 (1)
00:00:00.565827   MemBalloonSize    <integer> = 0x0000000000000000 (0, 0 B)
00:00:00.565829   Name              <string>  = "ROCKNIX-Test" (cb=13)
00:00:00.565830   NumCPUs           <integer> = 0x0000000000000004 (4)
00:00:00.565830   PageFusionAllowed <integer> = 0x0000000000000000 (0)
00:00:00.565831   RamHoleSize       <integer> = 0x0000000020000000 (536 870 912, 512.0 MiB)
00:00:00.565831   RamSize           <integer> = 0x0000000200000000 (8 589 934 592, 8.0 GiB)
00:00:00.565832   TimerMillies      <integer> = 0x000000000000000a (10)
00:00:00.565832   UUID              <bytes>   = "8d f8 11 82 f9 c2 92 49 ac 70 a0 c8 7e 00 f8 73" (cb=16)
00:00:00.565834 
00:00:00.565834 [/CPUM/] (level 1)
00:00:00.565835   Enable64bit        <integer> = 0x0000000000000001 (1)
00:00:00.565835   GuestCpuName       <string>  = "host" (cb=5)
00:00:00.565835   NestedHWVirt       <integer> = 0x0000000000000000 (0)
00:00:00.565836   PortableCpuIdLevel <integer> = 0x0000000000000000 (0)
00:00:00.565836   SpecCtrl           <integer> = 0x0000000000000000 (0)
00:00:00.565836 
00:00:00.565836 [/CPUM/IsaExts/] (level 2)
00:00:00.565837 
00:00:00.565837 [/DBGC/] (level 1)
00:00:00.565837   GlobalInitScript <string>  = "/home/max/.config/VirtualBox/dbgc-init" (cb=39)
00:00:00.565838   HistoryFile      <string>  = "/home/max/.config/VirtualBox/dbgc-history" (cb=42)
00:00:00.565838   LocalInitScript  <string>  = "/home/max/VirtualBox VMs/ROCKNIX-Test/dbgc-init" (cb=48)
00:00:00.565839 
00:00:00.565839 [/DBGF/] (level 1)
00:00:00.565839   Path <string>  = "/home/max/VirtualBox VMs/ROCKNIX-Test/debug/;/home/max/VirtualBox VMs/ROCKNIX-Test/;cache*/home/max/VirtualBox VMs/ROCKNIX-Test/dbgcache/;/home/max/" (cb=149)
00:00:00.565839 
00:00:00.565840 [/Devices/] (level 1)
00:00:00.565840 
00:00:00.565840 [/Devices/3c501/] (level 2)
00:00:00.565840 
00:00:00.565840 [/Devices/8237A/] (level 2)
00:00:00.565841 
00:00:00.565841 [/Devices/8237A/0/] (level 3)
00:00:00.565841   Trusted <integer> = 0x0000000000000001 (1)
00:00:00.565842 
00:00:00.565842 [/Devices/GIMDev/] (level 2)
00:00:00.565842 
00:00:00.565843 [/Devices/GIMDev/0/] (level 3)
00:00:00.565843   Trusted <integer> = 0x0000000000000001 (1)
00:00:00.565843 
00:00:00.565843 [/Devices/VMMDev/] (level 2)
00:00:00.565844 
00:00:00.565844 [/Devices/VMMDev/0/] (level 3)
00:00:00.565844   PCIBusNo      <integer> = 0x0000000000000000 (0)
00:00:00.565845   PCIDeviceNo   <integer> = 0x0000000000000004 (4)
00:00:00.565845   PCIFunctionNo <integer> = 0x0000000000000000 (0)
00:00:00.565845   Trusted       <integer> = 0x0000000000000001 (1)
00:00:00.565846 
00:00:00.565846 [/Devices/VMMDev/0/Config/] (level 4)
00:00:00.565846   GuestCoreDumpDir <string>  = "/home/max/VirtualBox VMs/ROCKNIX-Test/Snapshots" (cb=48)
00:00:00.565847 
00:00:00.565847 [/Devices/VMMDev/0/LUN#0/] (level 4)
00:00:00.565847   Driver <string>  = "HGCM" (cb=5)
00:00:00.565847 
00:00:00.565848 [/Devices/VMMDev/0/LUN#0/Config/] (level 5)
00:00:00.565848 
00:00:00.565848 [/Devices/VMMDev/0/LUN#999/] (level 4)
00:00:00.565849   Driver <string>  = "MainStatus" (cb=11)
00:00:00.565849 
00:00:00.565849 [/Devices/VMMDev/0/LUN#999/Config/] (level 5)
00:00:00.565850   First                <integer> = 0x0000000000000000 (0)
00:00:00.565850   HasMediumAttachments <integer> = 0x0000000000000000 (0)
00:00:00.565850   Last                 <integer> = 0x0000000000000000 (0)
00:00:00.565851   iLedSet              <integer> = 0x0000000000000003 (3)
00:00:00.565851 
00:00:00.565851 [/Devices/acpi/] (level 2)
00:00:00.565852 
00:00:00.565852 [/Devices/acpi/0/] (level 3)
00:00:00.565852   PCIBusNo      <integer> = 0x0000000000000000 (0)
00:00:00.565852   PCIDeviceNo   <integer> = 0x0000000000000007 (7)
00:00:00.565853   PCIFunctionNo <integer> = 0x0000000000000000 (0)
00:00:00.565853   Trusted       <integer> = 0x0000000000000001 (1)
00:00:00.565853 
00:00:00.565853 [/Devices/acpi/0/Config/] (level 4)
00:00:00.565854   CpuHotPlug          <integer> = 0x0000000000000000 (0)
00:00:00.565854   FdcEnabled          <integer> = 0x0000000000000000 (0)
00:00:00.565855   HostBusPciAddress   <integer> = 0x0000000000000000 (0)
00:00:00.565855   HpetEnabled         <integer> = 0x0000000000000000 (0)
00:00:00.565856   IOAPIC              <integer> = 0x0000000000000001 (1)
00:00:00.565856   IocPciAddress       <integer> = 0x0000000000010000 (65 536)
00:00:00.565856   NumCPUs             <integer> = 0x0000000000000004 (4)
00:00:00.565857   Parallel0IoPortBase <integer> = 0x0000000000000000 (0)
00:00:00.565857   Parallel0Irq        <integer> = 0x0000000000000000 (0)
00:00:00.565857   Parallel1IoPortBase <integer> = 0x0000000000000000 (0)
00:00:00.565858   Parallel1Irq        <integer> = 0x0000000000000000 (0)
00:00:00.565858   Serial0IoPortBase   <integer> = 0x0000000000000000 (0)
00:00:00.565858   Serial0Irq          <integer> = 0x0000000000000000 (0)
00:00:00.565859   Serial1IoPortBase   <integer> = 0x0000000000000000 (0)
00:00:00.565859   Serial1Irq          <integer> = 0x0000000000000000 (0)
00:00:00.565859   ShowCpu             <integer> = 0x0000000000000001 (1)
00:00:00.565859   ShowRtc             <integer> = 0x0000000000000000 (0)
00:00:00.565860   SmcEnabled          <integer> = 0x0000000000000000 (0)
00:00:00.565860 
00:00:00.565860 [/Devices/acpi/0/LUN#0/] (level 4)
00:00:00.565861   Driver <string>  = "ACPIHost" (cb=9)
00:00:00.565861 
00:00:00.565861 [/Devices/acpi/0/LUN#0/Config/] (level 5)
00:00:00.565862 
00:00:00.565862 [/Devices/acpi/0/LUN#1/] (level 4)
00:00:00.565862   Driver <string>  = "ACPICpu" (cb=8)
00:00:00.565862 
00:00:00.565862 [/Devices/acpi/0/LUN#1/Config/] (level 5)
00:00:00.565863 
00:00:00.565863 [/Devices/acpi/0/LUN#2/] (level 4)
00:00:00.565863   Driver <string>  = "ACPICpu" (cb=8)
00:00:00.565864 
00:00:00.565864 [/Devices/acpi/0/LUN#2/Config/] (level 5)
00:00:00.565864 
00:00:00.565864 [/Devices/acpi/0/LUN#3/] (level 4)
00:00:00.565865   Driver <string>  = "ACPICpu" (cb=8)
00:00:00.565865 
00:00:00.565865 [/Devices/acpi/0/LUN#3/Config/] (level 5)
00:00:00.565865 
00:00:00.565866 [/Devices/ahci/] (level 2)
00:00:00.565866 
00:00:00.565866 [/Devices/ahci/0/] (level 3)
00:00:00.565866   PCIBusNo      <integer> = 0x0000000000000000 (0)
00:00:00.565867   PCIDeviceNo   <integer> = 0x000000000000000d (13)
00:00:00.565867   PCIFunctionNo <integer> = 0x0000000000000000 (0)
00:00:00.565867   Trusted       <integer> = 0x0000000000000001 (1)
00:00:00.565868 
00:00:00.565868 [/Devices/ahci/0/Config/] (level 4)
00:00:00.565868   Bootable  <integer> = 0x0000000000000001 (1)
00:00:00.565869   PortCount <integer> = 0x0000000000000002 (2)
00:00:00.565869 
00:00:00.565869 [/Devices/ahci/0/Config/Port0/] (level 5)
00:00:00.565869   Hotpluggable <integer> = 0x0000000000000000 (0)
00:00:00.565870 
00:00:00.565870 [/Devices/ahci/0/Config/Port1/] (level 5)
00:00:00.565870   Hotpluggable <integer> = 0x0000000000000000 (0)
00:00:00.565871 
00:00:00.565871 [/Devices/ahci/0/LUN#0/] (level 4)
00:00:00.565871   Driver <string>  = "VD" (cb=3)
00:00:00.565872 
00:00:00.565872 [/Devices/ahci/0/LUN#0/Config/] (level 5)
00:00:00.565872   BlockCache <integer> = 0x0000000000000001 (1)
00:00:00.565873   Format     <string>  = "VDI" (cb=4)
00:00:00.565873   Mountable  <integer> = 0x0000000000000000 (0)
00:00:00.565873   Path       <string>  = "/home/max/Development/rocknix/target/ROCKNIX-INSTALLER.vdi" (cb=59)
00:00:00.565874   Type       <string>  = "HardDisk" (cb=9)
00:00:00.565874   UseNewIo   <integer> = 0x0000000000000001 (1)
00:00:00.565874 
00:00:00.565874 [/Devices/ahci/0/LUN#0/Config/VDConfig/] (level 6)
00:00:00.565875   AllocationBlockSize <string>  = "1048576" (cb=8)
00:00:00.565875 
00:00:00.565876 [/Devices/ahci/0/LUN#1/] (level 4)
00:00:00.565876   Driver <string>  = "VD" (cb=3)
00:00:00.565876 
00:00:00.565876 [/Devices/ahci/0/LUN#1/Config/] (level 5)
00:00:00.565877   BlockCache <integer> = 0x0000000000000001 (1)
00:00:00.565877   Format     <string>  = "VDI" (cb=4)
00:00:00.565877   Mountable  <integer> = 0x0000000000000000 (0)
00:00:00.565878   Path       <string>  = "/home/max/Development/rocknix/target/ROCKNIX-TARGET-DISK.vdi" (cb=61)
00:00:00.565878   Type       <string>  = "HardDisk" (cb=9)
00:00:00.565878   UseNewIo   <integer> = 0x0000000000000001 (1)
00:00:00.565879 
00:00:00.565879 [/Devices/ahci/0/LUN#1/Config/VDConfig/] (level 6)
00:00:00.565879   AllocationBlockSize <string>  = "1048576" (cb=8)
00:00:00.565880 
00:00:00.565880 [/Devices/ahci/0/LUN#999/] (level 4)
00:00:00.565880   Driver <string>  = "MainStatus" (cb=11)
00:00:00.565880 
00:00:00.565881 [/Devices/ahci/0/LUN#999/Config/] (level 5)
00:00:00.565881   DeviceInstance       <string>  = "ahci/0" (cb=7)
00:00:00.565882   First                <integer> = 0x0000000000000000 (0)
00:00:00.565882   HasMediumAttachments <integer> = 0x0000000000000001 (1)
00:00:00.565882   Last                 <integer> = 0x0000000000000001 (1)
00:00:00.565883   iLedSet              <integer> = 0x0000000000000001 (1)
00:00:00.565883 
00:00:00.565883 [/Devices/apic/] (level 2)
00:00:00.565884 
00:00:00.565884 [/Devices/apic/0/] (level 3)
00:00:00.565884   Trusted <integer> = 0x0000000000000001 (1)
00:00:00.565884 
00:00:00.565884 [/Devices/apic/0/Config/] (level 4)
00:00:00.565885   IOAPIC  <integer> = 0x0000000000000001 (1)
00:00:00.565885   Mode    <integer> = 0x0000000000000003 (3)
00:00:00.565886   NumCPUs <integer> = 0x0000000000000004 (4)
00:00:00.565886 
00:00:00.565886 [/Devices/dp8390/] (level 2)
00:00:00.565886 
00:00:00.565887 [/Devices/e1000/] (level 2)
00:00:00.565887 
00:00:00.565887 [/Devices/e1000/0/] (level 3)
00:00:00.565888   PCIBusNo      <integer> = 0x0000000000000000 (0)
00:00:00.565888   PCIDeviceNo   <integer> = 0x0000000000000003 (3)
00:00:00.565888   PCIFunctionNo <integer> = 0x0000000000000000 (0)
00:00:00.565888   Trusted       <integer> = 0x0000000000000001 (1)
00:00:00.565889 
00:00:00.565889 [/Devices/e1000/0/Config/] (level 4)
00:00:00.565889   AdapterType    <integer> = 0x0000000000000000 (0)
00:00:00.565890   CableConnected <integer> = 0x0000000000000001 (1)
00:00:00.565890   LineSpeed      <integer> = 0x0000000000000000 (0)
00:00:00.565890   MAC            <bytes>   = "08 00 27 64 fe b9" (cb=6)
00:00:00.565891 
00:00:00.565891 [/Devices/e1000/0/LUN#0/] (level 4)
00:00:00.565891   Driver <string>  = "NAT" (cb=4)
00:00:00.565892 
00:00:00.565892 [/Devices/e1000/0/LUN#0/Config/] (level 5)
00:00:00.565892   AliasMode          <integer> = 0x0000000000000000 (0)
00:00:00.565893   DNSProxy           <integer> = 0x0000000000000000 (0)
00:00:00.565893   EnableTFTP         <integer> = 0x0000000000000000 (0)
00:00:00.565893   ForwardBroadcast   <integer> = 0x0000000000000000 (0)
00:00:00.565894   LocalhostReachable <integer> = 0x0000000000000000 (0)
00:00:00.565894   Network            <string>  = "10.0.2.0/24" (cb=12)
00:00:00.565894   PassDomain         <integer> = 0x0000000000000001 (1)
00:00:00.565895   UseHostResolver    <integer> = 0x0000000000000000 (0)
00:00:00.565895 
00:00:00.565895 [/Devices/e1000/0/LUN#999/] (level 4)
00:00:00.565895   Driver <string>  = "MainStatus" (cb=11)
00:00:00.565896 
00:00:00.565896 [/Devices/e1000/0/LUN#999/Config/] (level 5)
00:00:00.565896   First                <integer> = 0x0000000000000000 (0)
00:00:00.565897   HasMediumAttachments <integer> = 0x0000000000000000 (0)
00:00:00.565897   Last                 <integer> = 0x0000000000000000 (0)
00:00:00.565897   iLedSet              <integer> = 0x0000000000000002 (2)
00:00:00.565898 
00:00:00.565898 [/Devices/i8254/] (level 2)
00:00:00.565898 
00:00:00.565898 [/Devices/i8254/0/] (level 3)
00:00:00.565899 
00:00:00.565899 [/Devices/i8254/0/Config/] (level 4)
00:00:00.565899 
00:00:00.565899 [/Devices/i8259/] (level 2)
00:00:00.565900 
00:00:00.565900 [/Devices/i8259/0/] (level 3)
00:00:00.565900   Trusted <integer> = 0x0000000000000001 (1)
00:00:00.565900 
00:00:00.565900 [/Devices/i8259/0/Config/] (level 4)
00:00:00.565901 
00:00:00.565901 [/Devices/ioapic/] (level 2)
00:00:00.565901 
00:00:00.565901 [/Devices/ioapic/0/] (level 3)
00:00:00.565902   Trusted <integer> = 0x0000000000000001 (1)
00:00:00.565902 
00:00:00.565902 [/Devices/ioapic/0/Config/] (level 4)
00:00:00.565903   NumCPUs <integer> = 0x0000000000000004 (4)
00:00:00.565903 
00:00:00.565903 [/Devices/mc146818/] (level 2)
00:00:00.565903 
00:00:00.565904 [/Devices/mc146818/0/] (level 3)
00:00:00.565904 
00:00:00.565904 [/Devices/mc146818/0/Config/] (level 4)
00:00:00.565905   UseUTC <integer> = 0x0000000000000001 (1)
00:00:00.565905 
00:00:00.565905 [/Devices/parallel/] (level 2)
00:00:00.565905 
00:00:00.565905 [/Devices/pcarch/] (level 2)
00:00:00.565906 
00:00:00.565906 [/Devices/pcarch/0/] (level 3)
00:00:00.565907   Trusted <integer> = 0x0000000000000001 (1)
00:00:00.565907 
00:00:00.565907 [/Devices/pcarch/0/Config/] (level 4)
00:00:00.565908 
00:00:00.565908 [/Devices/pcbios/] (level 2)
00:00:00.565908 
00:00:00.565908 [/Devices/pcbios/0/] (level 3)
00:00:00.565909   Trusted <integer> = 0x0000000000000001 (1)
00:00:00.565909 
00:00:00.565909 [/Devices/pcbios/0/Config/] (level 4)
00:00:00.565910   APIC               <integer> = 0x0000000000000001 (1)
00:00:00.565910   BootDevice0        <string>  = "IDE" (cb=4)
00:00:00.565910   BootDevice1        <string>  = "NONE" (cb=5)
00:00:00.565911   BootDevice2        <string>  = "NONE" (cb=5)
00:00:00.565911   BootDevice3        <string>  = "NONE" (cb=5)
00:00:00.565911   DmiSystemSerial    <string>  = "VirtualBox-<DmiSystemUuid>" (cb=27)
00:00:00.565911   FloppyDevice       <string>  = "i82078" (cb=7)
00:00:00.565912   HardDiskDevice     <string>  = "piix3ide" (cb=9)
00:00:00.565912   IOAPIC             <integer> = 0x0000000000000001 (1)
00:00:00.565912   McfgBase           <integer> = 0x0000000000000000 (0)
00:00:00.565913   McfgLength         <integer> = 0x0000000000000000 (0)
00:00:00.565913   NumCPUs            <integer> = 0x0000000000000004 (4)
00:00:00.565913   PXEDebug           <integer> = 0x0000000000000000 (0)
00:00:00.565914   SataHardDiskDevice <string>  = "ahci" (cb=5)
00:00:00.565914   SataLUN1           <integer> = 0x0000000000000000 (0)
00:00:00.565914   SataLUN2           <integer> = 0x0000000000000001 (1)
00:00:00.565915   UUID               <bytes>   = "8d f8 11 82 f9 c2 92 49 ac 70 a0 c8 7e 00 f8 73" (cb=16)
00:00:00.565916   UuidLe             <integer> = 0x0000000000000001 (1)
00:00:00.565916 
00:00:00.565916 [/Devices/pcbios/0/Config/NetBoot/] (level 5)
00:00:00.565917 
00:00:00.565917 [/Devices/pcbios/0/Config/NetBoot/0/] (level 6)
00:00:00.565917   NIC           <integer> = 0x0000000000000000 (0)
00:00:00.565918   PCIBusNo      <integer> = 0x0000000000000000 (0)
00:00:00.565918   PCIDeviceNo   <integer> = 0x0000000000000003 (3)
00:00:00.565919   PCIFunctionNo <integer> = 0x0000000000000000 (0)
00:00:00.565919 
00:00:00.565919 [/Devices/pci/] (level 2)
00:00:00.565919 
00:00:00.565919 [/Devices/pci/0/] (level 3)
00:00:00.565920   Trusted <integer> = 0x0000000000000001 (1)
00:00:00.565920 
00:00:00.565920 [/Devices/pci/0/Config/] (level 4)
00:00:00.565921   IOAPIC <integer> = 0x0000000000000001 (1)
00:00:00.565921 
00:00:00.565921 [/Devices/pcibridge/] (level 2)
00:00:00.565921 
00:00:00.565921 [/Devices/pckbd/] (level 2)
00:00:00.565922 
00:00:00.565922 [/Devices/pckbd/0/] (level 3)
00:00:00.565922   Trusted <integer> = 0x0000000000000001 (1)
00:00:00.565923 
00:00:00.565923 [/Devices/pckbd/0/Config/] (level 4)
00:00:00.565923 
00:00:00.565923 [/Devices/pckbd/0/LUN#0/] (level 4)
00:00:00.565924   Driver <string>  = "KeyboardQueue" (cb=14)
00:00:00.565924 
00:00:00.565924 [/Devices/pckbd/0/LUN#0/AttachedDriver/] (level 5)
00:00:00.565925   Driver <string>  = "MainKeyboard" (cb=13)
00:00:00.565925 
00:00:00.565925 [/Devices/pckbd/0/LUN#0/Config/] (level 5)
00:00:00.565926   QueueSize <integer> = 0x0000000000000040 (64, 64 B)
00:00:00.565926 
00:00:00.565926 [/Devices/pckbd/0/LUN#1/] (level 4)
00:00:00.565927   Driver <string>  = "MouseQueue" (cb=11)
00:00:00.565927 
00:00:00.565927 [/Devices/pckbd/0/LUN#1/AttachedDriver/] (level 5)
00:00:00.565927   Driver <string>  = "MainMouse" (cb=10)
00:00:00.565928 
00:00:00.565928 [/Devices/pckbd/0/LUN#1/Config/] (level 5)
00:00:00.565928   QueueSize <integer> = 0x0000000000000080 (128, 128 B)
00:00:00.565929 
00:00:00.565929 [/Devices/pcnet/] (level 2)
00:00:00.565929 
00:00:00.565929 [/Devices/serial/] (level 2)
00:00:00.565930 
00:00:00.565930 [/Devices/vga/] (level 2)
00:00:00.565930 
00:00:00.565930 [/Devices/vga/0/] (level 3)
00:00:00.565931   PCIBusNo      <integer> = 0x0000000000000000 (0)
00:00:00.565931   PCIDeviceNo   <integer> = 0x0000000000000002 (2)
00:00:00.565931   PCIFunctionNo <integer> = 0x0000000000000000 (0)
00:00:00.565931   Trusted       <integer> = 0x0000000000000001 (1)
00:00:00.565932 
00:00:00.565932 [/Devices/vga/0/Config/] (level 4)
00:00:00.565933   3DEnabled             <integer> = 0x0000000000000001 (1)
00:00:00.565933   CustomVideoModes      <integer> = 0x0000000000000000 (0)
00:00:00.565933   FadeIn                <integer> = 0x0000000000000001 (1)
00:00:00.565934   FadeOut               <integer> = 0x0000000000000001 (1)
00:00:00.565934   HeightReduction       <integer> = 0x0000000000000000 (0)
00:00:00.565935   LogoFile              <string>  = "" (cb=1)
00:00:00.565935   LogoTime              <integer> = 0x0000000000000000 (0)
00:00:00.565935   MonitorCount          <integer> = 0x0000000000000001 (1)
00:00:00.565936   ShowBootMenu          <integer> = 0x0000000000000002 (2)
00:00:00.565936   VMSVGA3dEnabled       <integer> = 0x0000000000000001 (1)
00:00:00.565936   VMSVGAEnabled         <integer> = 0x0000000000000001 (1)
00:00:00.565937   VMSVGAPciBarLayout    <integer> = 0x0000000000000001 (1)
00:00:00.565937   VMSVGAPciId           <integer> = 0x0000000000000001 (1)
00:00:00.565937   VRamSize              <integer> = 0x0000000008000000 (134 217 728, 128.0 MiB)
00:00:00.565938   VmSvga3               <integer> = 0x0000000000000000 (0)
00:00:00.565938   VmSvgaExposeLegacyVga <integer> = 0x0000000000000001 (1)
00:00:00.565938 
00:00:00.565939 [/Devices/vga/0/LUN#0/] (level 4)
00:00:00.565939   Driver <string>  = "MainDisplay" (cb=12)
00:00:00.565939 
00:00:00.565939 [/Devices/vga/0/LUN#0/Config/] (level 5)
00:00:00.565940 
00:00:00.565940 [/Devices/vga/0/ERROR [COM]: aRC=VBOX_E_IPRT_ERROR (0x80bb0005) aIID={6ac83d89-6ee7-4e33-8ae6-b257b2e81be8} aComponent={ConsoleWrap} aText={The VBoxGuestPropSvc service call failed with the error VERR_HGCM_SERVICE_NOT_FOUND}, preserve=false aResultDetail=-2900
00:00:00.565954 LUN#999/] (level 4)
00:00:00.565954   Driver <string>  = "MainStatus" (cb=11)
00:00:00.565955 
00:00:00.565955 [/Devices/vga/0/LUN#999/Config/] (level 5)
00:00:00.565955   First                <integer> = 0x0000000000000000 (0)
00:00:00.565956   HasMediumAttachments <integer> = 0x0000000000000000 (0)
00:00:00.565956   Last                 <integer> = 0x0000000000000000 (0)
00:00:00.565956   iLedSet              <integer> = 0x0000000000000000 (0)
00:00:00.565957 
00:00:00.565957 [/Devices/virtio-net/] (level 2)
00:00:00.565957 
00:00:00.565957 [/EM/] (level 1)
00:00:00.565958   TripleFaultReset <integer> = 0x0000000000000000 (0)
00:00:00.565958 
00:00:00.565958 [/GCM/] (level 1)
00:00:00.565958   MesaVmsvgaDrv <integer> = 0x0000000000000001 (1)
00:00:00.565959 
00:00:00.565959 [/GIM/] (level 1)
00:00:00.565959   Provider <string>  = "KVM" (cb=4)
00:00:00.565960 
00:00:00.565960 [/HM/] (level 1)
00:00:00.565961   64bitEnabled            <integer> = 0x0000000000000001 (1)
00:00:00.565961   EnableLargePages        <integer> = 0x0000000000000000 (0)
00:00:00.565962   EnableNestedPaging      <integer> = 0x0000000000000001 (1)
00:00:00.565962   EnableUX                <integer> = 0x0000000000000001 (1)
00:00:00.565962   EnableVPID              <integer> = 0x0000000000000001 (1)
00:00:00.565963   Exclusive               <integer> = 0x0000000000000000 (0)
00:00:00.565963   HMForced                <integer> = 0x0000000000000001 (1)
00:00:00.565963   IBPBOnVMEntry           <integer> = 0x0000000000000000 (0)
00:00:00.565964   IBPBOnVMExit            <integer> = 0x0000000000000000 (0)
00:00:00.565964   L1DFlushOnSched         <integer> = 0x0000000000000001 (1)
00:00:00.565964   L1DFlushOnVMEntry       <integer> = 0x0000000000000000 (0)
00:00:00.565965   LovelyMesaDrvWorkaround <integer> = 0x0000000000000001 (1)
00:00:00.565965   MDSClearOnSched         <integer> = 0x0000000000000001 (1)
00:00:00.565965   MDSClearOnVMEntry       <integer> = 0x0000000000000000 (0)
00:00:00.565966   SpecCtrlByHost          <integer> = 0x0000000000000000 (0)
00:00:00.565966   SvmVirtVmsaveVmload     <integer> = 0x0000000000000000 (0)
00:00:00.565966   UseNEMInstead           <integer> = 0x0000000000000000 (0)
00:00:00.565967 
00:00:00.565967 [/MM/] (level 1)
00:00:00.565967   CanUseLargerHeap <integer> = 0x0000000000000000 (0)
00:00:00.565967 
00:00:00.565967 [/NEM/] (level 1)
00:00:00.565968   Allow64BitGuests        <integer> = 0x0000000000000001 (1)
00:00:00.565968   IBPBOnVMEntry           <integer> = 0x0000000000000000 (0)
00:00:00.565968   IBPBOnVMExit            <integer> = 0x0000000000000000 (0)
00:00:00.565969   L1DFlushOnSched         <integer> = 0x0000000000000001 (1)
00:00:00.565969   L1DFlushOnVMEntry       <integer> = 0x0000000000000000 (0)
00:00:00.565969   LovelyMesaDrvWorkaround <integer> = 0x0000000000000001 (1)
00:00:00.565970   MDSClearOnSched         <integer> = 0x0000000000000001 (1)
00:00:00.565970   MDSClearOnVMEntry       <integer> = 0x0000000000000000 (0)
00:00:00.565970 
00:00:00.565970 [/PDM/] (level 1)
00:00:00.565971 
00:00:00.565971 [/PDM/AsyncCompletion/] (level 2)
00:00:00.565971 
00:00:00.565971 [/PDM/AsyncCompletion/File/] (level 3)
00:00:00.565972 
00:00:00.565972 [/PDM/AsyncCompletion/File/BwGroups/] (level 4)
00:00:00.565972 
00:00:00.565972 [/PDM/BlkCache/] (level 2)
00:00:00.565973   CacheSize <integer> = 0x0000000000500000 (5 242 880, 5.0 MiB)
00:00:00.565973 
00:00:00.565973 [/PDM/Devices/] (level 2)
00:00:00.565974 
00:00:00.565974 [/PDM/Drivers/] (level 2)
00:00:00.565974 
00:00:00.565974 [/PDM/Drivers/VBoxC/] (level 3)
00:00:00.565975   Path <string>  = "/usr/lib/virtualbox/components/VBoxC" (cb=37)
00:00:00.565975 
00:00:00.565975 [/PDM/NetworkShaper/] (level 2)
00:00:00.565975 
00:00:00.565975 [/PDM/NetworkShaper/BwGroups/] (level 3)
00:00:00.565976 
00:00:00.565976 [/TM/] (level 1)
00:00:00.565976   UTCOffset <integer> = 0x0000000000000000 (0)
00:00:00.565977 
00:00:00.565977 ********************* End of CFGM dump **********************
00:00:00.566069 HM: HMR3Init: VT-x w/ nested paging and unrestricted guest execution hw support
00:00:00.566098 CPUM: fXStateHostMask=0xe7; host XCR0=0x2e7
00:00:00.566674 CPUM: Matched host CPU INTEL 0x6/0x8d/0x1 Intel_Core7_TigerLake with CPU DB entry 'Intel Core i7-6700K' (INTEL 0x6/0x5e/0x3 Intel_Core7_Skylake)
00:00:00.566700 CPUM: MXCSR_MASK=0xffff (host: 0xffff)
00:00:00.566704 CPUM: Microcode revision 0x00000056
00:00:00.566708 CPUM: Changing leaf 13[0]: EBX=0xa88 -> 0x340, ECX=0xa88 -> 0x340
00:00:00.566714 CPUM: MSR/CPUID reconciliation insert: 0x0000010b IA32_FLUSH_CMD
00:00:00.566716 CPUM: MSR/CPUID reconciliation insert: 0x0000010a IA32_ARCH_CAPABILITIES
00:00:00.566718 CPUM: MSR fudge: 0x00000122 IA32_TSX_CTRL
00:00:00.566720 CPUM: MSR fudge: 0x00000123 IA32_MCU_OPT_CTRL
00:00:00.566725 CPUM: SetGuestCpuIdFeature: Enabled SYSENTER/EXIT
00:00:00.566726 CPUM: SetGuestCpuIdFeature: Enabled SYSCALL/RET
00:00:00.566726 CPUM: SetGuestCpuIdFeature: Enabled PAE
00:00:00.566727 CPUM: SetGuestCpuIdFeature: Enabled LAHF/SAHF
00:00:00.566728 CPUM: SetGuestCpuIdFeature: Enabled NX
00:00:00.566728 CPUM: SetGuestCpuIdFeature: Enabled LONG MODE
00:00:00.566729 CPUM: Enabled MTRR read-write support
00:00:00.566730 CPUM: Enabled fixed-range MTRRs and 16 (virtualized) variable-range MTRRs
00:00:00.567671 PGM: Host paging mode: AMD64+PGE+NX
00:00:00.567681 PGM: PGMPool: cMaxPages=4352 (u64MaxPages=4136)
00:00:00.567682 PGM: pgmR3PoolInit: cMaxPages=0x1100 cMaxUsers=0x2200 cMaxPhysExts=0x2000 fCacheEnable=true
00:00:00.568381 PGM: /proc/sys/vm/max_map_count = 1048576 (rc2=VWRN_TRAILING_CHARS); cGuessNeeded=16384
00:00:00.570957 GUI: UIDesktopWidgetWatchdog::sltHandleHostScreenAvailableGeometryCalculated: Screen 0 work area is actually resized to: 0x0 x 1920x1080
00:00:00.582962 TM: GIP - u32Mode=3 (Invariant) u32UpdateHz=100 u32UpdateIntervalNS=10000000 enmUseTscDelta=2 (Practically Zero) fGetGipCpu=0x1b cCpus=16
00:00:00.582991 TM: GIP - u64CpuHz=2 611 199 991 (0x9ba3bff7)  SUPGetCpuHzFromGip => 2 611 199 991
00:00:00.582993 TM: GIP - CPU: iCpuSet=0x0 idCpu=0x0 idApic=0x0 iGipCpu=0x2 i64TSCDelta=0 enmState=3 u64CpuHz=2611199680(*) cErrors=0
00:00:00.582995 TM: GIP - CPU: iCpuSet=0x1 idCpu=0x1 idApic=0x2 iGipCpu=0xd i64TSCDelta=0 enmState=3 u64CpuHz=2611199991(*) cErrors=0
00:00:00.582996 TM: GIP - CPU: iCpuSet=0x2 idCpu=0x2 idApic=0x4 iGipCpu=0x1 i64TSCDelta=0 enmState=3 u64CpuHz=2611199991(*) cErrors=0
00:00:00.582997 TM: GIP - CPU: iCpuSet=0x3 idCpu=0x3 idApic=0x6 iGipCpu=0xf i64TSCDelta=0 enmState=3 u64CpuHz=2611199991(*) cErrors=0
00:00:00.582998 TM: GIP - CPU: iCpuSet=0x4 idCpu=0x4 idApic=0x8 iGipCpu=0x9 i64TSCDelta=0 enmState=3 u64CpuHz=2611199991(*) cErrors=0
00:00:00.582999 TM: GIP - CPU: iCpuSet=0x5 idCpu=0x5 idApic=0xa iGipCpu=0x5 i64TSCDelta=0 enmState=3 u64CpuHz=2611199991(*) cErrors=0
00:00:00.583000 TM: GIP - CPU: iCpuSet=0x6 idCpu=0x6 idApic=0xc iGipCpu=0x0 i64TSCDelta=0 enmState=3 u64CpuHz=2611199991(*) cErrors=0
00:00:00.583001 TM: GIP - CPU: iCpuSet=0x7 idCpu=0x7 idApic=0xe iGipCpu=0x7 i64TSCDelta=0 enmState=3 u64CpuHz=2611199991(*) cErrors=0
00:00:00.583002 TM: GIP - CPU: iCpuSet=0x8 idCpu=0x8 idApic=0x1 iGipCpu=0x3 i64TSCDelta=0 enmState=3 u64CpuHz=2611199991(*) cErrors=0
00:00:00.583003 TM: GIP - CPU: iCpuSet=0x9 idCpu=0x9 idApic=0x3 iGipCpu=0xc i64TSCDelta=0 enmState=3 u64CpuHz=2611199991(*) cErrors=0
00:00:00.583013 TM: GIP - CPU: iCpuSet=0xa idCpu=0xa idApic=0x5 iGipCpu=0xa i64TSCDelta=0 enmState=3 u64CpuHz=2611199991(*) cErrors=0
00:00:00.583014 TM: GIP - CPU: iCpuSet=0xb idCpu=0xb idApic=0x7 iGipCpu=0xe i64TSCDelta=0 enmState=3 u64CpuHz=2611199991(*) cErrors=0
00:00:00.583015 TM: GIP - CPU: iCpuSet=0xc idCpu=0xc idApic=0x9 iGipCpu=0x8 i64TSCDelta=0 enmState=3 u64CpuHz=2611199991(*) cErrors=0
00:00:00.583016 TM: GIP - CPU: iCpuSet=0xd idCpu=0xd idApic=0xb iGipCpu=0x4 i64TSCDelta=0 enmState=3 u64CpuHz=2611199991(*) cErrors=0
00:00:00.583017 TM: GIP - CPU: iCpuSet=0xe idCpu=0xe idApic=0xd iGipCpu=0xb i64TSCDelta=0 enmState=3 u64CpuHz=2611199991(*) cErrors=0
00:00:00.583017 TM: GIP - CPU: iCpuSet=0xf idCpu=0xf idApic=0xf iGipCpu=0x6 i64TSCDelta=0 enmState=3 u64CpuHz=2611199991(*) cErrors=0
00:00:00.583027 TM:     cTSCTicksPerSecond=2 611 199 991 (0x9ba3bff7) enmTSCMode=1 (VirtTSCEmulated) TSCMultiplier=1
00:00:00.583028 TM: cTSCTicksPerSecondHost=2 611 199 991 (0x9ba3bff7)
00:00:00.583029 TM: TSCTiedToExecution=false TSCNotTiedToHalt=false
00:00:00.583438 EMR3Init: fIemExecutesAll=false fGuruOnTripleFault=true
00:00:00.583584 IEM: TargetCpu=CURRENT, Microarch=Intel_Core7_TigerLake aidxTargetCpuEflFlavour={1,0}
00:00:00.584144 GIM: Using provider 'KVM' (Implementation version: 0)
00:00:00.584149 CPUM: SetGuestCpuIdFeature: Enabled Hypervisor Present bit
00:00:00.584160 GCM: Initialized - Fixer bits: 0x8 (MesaVmsvgaDrv)
00:00:00.602169 AIOMgr: Default manager type is 'Async'
00:00:00.602185 AIOMgr: Default file backend is 'NonBuffered'
00:00:00.602239 BlkCache: Cache successfully initialized. Cache size is 5242880 bytes
00:00:00.602240 BlkCache: Cache commit interval is 10000 ms
00:00:00.602241 BlkCache: Cache commit threshold is 2621440 bytes
00:00:00.603231 PcBios: [SMP] BIOS with 4 CPUs
00:00:00.603247 PcBios: Using the 386+ BIOS image.
00:00:00.603290 PcBios: MPS table at 000e1300
00:00:00.603719 PcBios: fCheckShutdownStatusForSoftReset=true  fClearShutdownStatusOnHardReset=true
00:00:00.604041 SUP: seg #0: R   0x00000000 LB 0x0000a000
00:00:00.604045 SUP: seg #1: R X 0x0000a000 LB 0x0002d000
00:00:00.604046 SUP: seg #2: R   0x00037000 LB 0x0000e000
00:00:00.604047 SUP: seg #3: RW  0x00045000 LB 0x00008500
00:00:00.604134 SUP: Loaded VBoxDDR0.r0 (/usr/lib/virtualbox/VBoxDDR0.r0) at 0xXXXXXXXXXXXXXXXX - ModuleInit at XXXXXXXXXXXXXXXX and ModuleTerm at XXXXXXXXXXXXXXXX
00:00:00.604275 PDM: VirtualBox APIC backend registered
00:00:00.604279 CPUM: SetGuestCpuIdFeature: Enabled xAPIC
00:00:00.604279 CPUM: SetGuestCpuIdFeature: Enabled x2APIC
00:00:00.604848 IOAPIC: Version=2.0 ChipType=ICH9
00:00:00.604874 PIT: mode=3 count=0x10000 (65536) - 18.20 Hz (ch=0)
00:00:00.604968 VMMDev: cbDefaultBudget: 1 073 741 824 (40000000)
00:00:00.606437 Shared Folders service loaded
00:00:00.606729 Guest Control service loaded
00:00:00.631132 VGA: Using the 386+ BIOS image.
00:00:00.631132 DrvVD: Flushes will be ignored
00:00:00.631132 DrvVD: Async flushes will be passed to the disk
00:00:00.633338 VD: VDInit finished with VINF_SUCCESS
00:00:00.633424 AIOMgr: Endpoint for file '/home/max/Development/rocknix/target/ROCKNIX-INSTALLER.vdi' (flags 000c0723) created successfully
00:00:00.634463 VD: Opening the disk took 1194874 ns
00:00:00.634483 AHCI: LUN#0: disk, PCHS=8397/16/63, total number of sectors 8464384
00:00:00.634580 DrvVD: Flushes will be ignored
00:00:00.634581 DrvVD: Async flushes will be passed to the disk
00:00:00.635995 AIOMgr: Endpoint for file '/home/max/Development/rocknix/target/ROCKNIX-TARGET-DISK.vdi' (flags 000c0723) created successfully
00:00:00.636430 VD: Opening the disk took 471640 ns
00:00:00.636448 AHCI: LUN#1: disk, PCHS=16383/16/63, total number of sectors 67108864
00:00:00.636550 AHCI#0: Reset the HBA
00:00:00.636551 VD#0: Cancelling all active requests
00:00:00.636552 VD#1: Cancelling all active requests
00:00:00.636594 E1000#0: Chip=82540EM LinkUpDelay=5000ms EthernetCRC=on GSO=enabled Itr=disabled ItrRx=enabled TID=disabled R0=enabled RC=disabled
00:00:00.636968 PGM: The CPU physical address width is 39 bits
00:00:00.636973 PGM: PGMR3InitFinalize: 4 MB PSE mask 0000007fffffffff -> VINF_SUCCESS
00:00:00.636977 TM: TMR3InitFinalize: fTSCModeSwitchAllowed=true
00:00:00.637056 CPUM: Mapped 1.0MiB (1048576 bytes) of RAM using fixed-range MTRRs
00:00:00.637059 CPUM: Mapped 8.0GiB (8589934592 bytes) of RAM using 4 variable-range MTRRs
00:00:00.637155 CPUM: Host IA32_ARCH_CAPABILITIES  = 0xa007c6b
00:00:00.637157 CPUM: Guest IA32_ARCH_CAPABILITIES = 0x8006069
00:00:00.637236 VMM: Enabled thread-context hooks
00:00:00.637237 VMM: RTThreadPreemptIsPending() can be trusted
00:00:00.637237 VMM: Kernel preemption is possible
00:00:00.637337 HM: fWorldSwitcher=0x0 (fIbpbOnVmExit=false fIbpbOnVmEntry=false fL1dFlushOnVmEntry=false); fL1dFlushOnSched=false fMdsClearOnVmEntry=false
00:00:00.637340 HM: Using VT-x implementation 3.0
00:00:00.637340 HM: Max resume loops                  = 8192
00:00:00.637340 HM: Host CR0                          = 0x80050033
00:00:00.637341 HM: Host CR4                          = 0xf70ef0
00:00:00.637341 HM: Host EFER                         = 0xd01
00:00:00.637341 HM: Host SMM_MONITOR_CTL              = 0x9bf06001
00:00:00.637341 HM: Host CORE_CAPABILITIES            = 0x69
00:00:00.637341 HM: Host MEMORY_CTRL                  = 0x20000000 - split-lock disable!
00:00:00.637342 HM: Host DR6 zero'ed                  = 0xffff0ff0
00:00:00.637342 HM: MSR_IA32_FEATURE_CONTROL          = 0xff07
00:00:00.637343 HM:   LOCK
00:00:00.637343 HM:   SMX_VMXON
00:00:00.637343 HM:   VMXON
00:00:00.637343 HM:   SENTER_LOCAL_FN0
00:00:00.637343 HM:   SENTER_LOCAL_FN1
00:00:00.637343 HM:   SENTER_LOCAL_FN2
00:00:00.637343 HM:   SENTER_LOCAL_FN3
00:00:00.637343 HM:   SENTER_LOCAL_FN4
00:00:00.637344 HM:   SENTER_LOCAL_FN5
00:00:00.637344 HM:   SENTER_LOCAL_FN6
00:00:00.637344 HM:   SENTER_GLOBAL_EN
00:00:00.637344 HM: MSR_IA32_VMX_BASIC                = 0x1da050000000013
00:00:00.637344 HM:   VMCS id                           = 0x13
00:00:00.637345 HM:   VMCS size                         = 1280 bytes
00:00:00.637345 HM:   VMCS physical address limit       = None
00:00:00.637345 HM:   VMCS memory type                  = Write Back (WB)
00:00:00.637345 HM:   Dual-monitor treatment support    = true
00:00:00.637345 HM:   OUTS & INS instruction-info       = true
00:00:00.637346 HM:   Supports true-capability MSRs     = true
00:00:00.637346 HM:   VM-entry Xcpt error-code optional = true
00:00:00.637346 HM: MSR_IA32_VMX_PINBASED_CTLS        = 0xff00000016
00:00:00.637346 HM:   EXT_INT_EXIT
00:00:00.637346 HM:   NMI_EXIT
00:00:00.637347 HM:   VIRTUAL_NMI
00:00:00.637347 HM:   PREEMPT_TIMER
00:00:00.637347 HM:   POSTED_INT
00:00:00.637347 HM: MSR_IA32_VMX_PROCBASED_CTLS       = 0xfffbfffe0401e172
00:00:00.637347 HM:   INT_WINDOW_EXIT
00:00:00.637348 HM:   USE_TSC_OFFSETTING
00:00:00.637348 HM:   HLT_EXIT
00:00:00.637348 HM:   INVLPG_EXIT
00:00:00.637348 HM:   MWAIT_EXIT
00:00:00.637349 HM:   RDPMC_EXIT
00:00:00.637349 HM:   RDTSC_EXIT
00:00:00.637349 HM:   CR3_LOAD_EXIT (must be set)
00:00:00.637349 HM:   CR3_STORE_EXIT (must be set)
00:00:00.637349 HM:   USE_TERTIARY_CTLS
00:00:00.637349 HM:   CR8_LOAD_EXIT
00:00:00.637350 HM:   CR8_STORE_EXIT
00:00:00.637350 HM:   USE_TPR_SHADOW
00:00:00.637350 HM:   NMI_WINDOW_EXIT
00:00:00.637350 HM:   MOV_DR_EXIT
00:00:00.637350 HM:   UNCOND_IO_EXIT
00:00:00.637350 HM:   USE_IO_BITMAPS
00:00:00.637350 HM:   MONITOR_TRAP_FLAG
00:00:00.637350 HM:   USE_MSR_BITMAPS
00:00:00.637351 HM:   MONITOR_EXIT
00:00:00.637351 HM:   PAUSE_EXIT
00:00:00.637351 HM:   USE_SECONDARY_CTLS
00:00:00.637351 HM: MSR_IA32_VMX_PROCBASED_CTLS2      = 0x35f7fff00000000
00:00:00.637352 HM:   VIRT_APIC_ACCESS
00:00:00.637352 HM:   EPT
00:00:00.637352 HM:   DESC_TABLE_EXIT
00:00:00.637352 HM:   RDTSCP
00:00:00.637352 HM:   VIRT_X2APIC_MODE
00:00:00.637353 HM:   VPID
00:00:00.637353 HM:   WBINVD_EXIT
00:00:00.637353 HM:   UNRESTRICTED_GUEST
00:00:00.637353 HM:   APIC_REG_VIRT
00:00:00.637354 HM:   VIRT_INT_DELIVERY
00:00:00.637354 HM:   PAUSE_LOOP_EXIT
00:00:00.637355 HM:   RDRAND_EXIT
00:00:00.637355 HM:   INVPCID
00:00:00.637355 HM:   VMFUNC
00:00:00.637355 HM:   VMCS_SHADOWING
00:00:00.637356 HM:   ENCLS_EXIT (must be cleared)
00:00:00.637356 HM:   RDSEED_EXIT
00:00:00.637356 HM:   PML
00:00:00.637356 HM:   EPT_XCPT_VE
00:00:00.637356 HM:   CONCEAL_VMX_FROM_PT
00:00:00.637357 HM:   XSAVES_XRSTORS
00:00:00.637357 HM:   PASID_TRANSLATE (must be cleared)
00:00:00.637357 HM:   MODE_BASED_EPT_PERM
00:00:00.637357 HM:   SPP_EPT (must be cleared)
00:00:00.637357 HM:   PT_EPT
00:00:00.637357 HM:   TSC_SCALING
00:00:00.637357 HM:   USER_WAIT_PAUSE (must be cleared)
00:00:00.637358 HM:   PCONFIG (must be cleared)
00:00:00.637358 HM:   ENCLV_EXIT (must be cleared)
00:00:00.637358 HM:   BUS_LOCK_DETECT (must be cleared)
00:00:00.637358 HM:   INSTR_TIMEOUT (must be cleared)
00:00:00.637358 HM: MSR_IA32_VMX_PROCBASED_CTLS3      = 0x1
00:00:00.637358 HM:   LOADIWKEY_EXIT                    = true
00:00:00.637359 HM:   HLAT                              = false
00:00:00.637359 HM:   EPT_PAGING_WRITE                  = false
00:00:00.637359 HM:   GST_PAGING_VERIFY                 = false
00:00:00.637359 HM:   IPI_VIRT                          = false
00:00:00.637359 HM:   VIRT_SPEC_CTRL                    = false
00:00:00.637359 HM: MSR_IA32_VMX_ENTRY_CTLS           = 0x16ffff000011ff
00:00:00.637360 HM:   LOAD_DEBUG (must be set)
00:00:00.637360 HM:   IA32E_MODE_GUEST
00:00:00.637360 HM:   ENTRY_TO_SMM
00:00:00.637360 HM:   DEACTIVATE_DUAL_MON
00:00:00.637361 HM:   LOAD_PERF_MSR
00:00:00.637361 HM:   LOAD_PAT_MSR
00:00:00.637361 HM:   LOAD_EFER_MSR
00:00:00.637361 HM:   LOAD_BNDCFGS_MSR (must be cleared)
00:00:00.637362 HM:   CONCEAL_VMX_FROM_PT
00:00:00.637362 HM:   LOAD_RTIT_CTL_MSR
00:00:00.637362 HM:   LOAD_UINV (must be cleared)
00:00:00.637362 HM:   LOAD_CET_STATE
00:00:00.637363 HM:   LOAD_LBR_CTL_MSR (must be cleared)
00:00:00.637363 HM:   LOAD_PKRS_MSR (must be cleared)
00:00:00.637363 HM: MSR_IA32_VMX_EXIT_CTLS            = 0x137fffff00036dff
00:00:00.637363 HM:   SAVE_DEBUG (must be set)
00:00:00.637363 HM:   HOST_ADDR_SPACE_SIZE
00:00:00.637364 HM:   LOAD_PERF_MSR
00:00:00.637364 HM:   ACK_EXT_INT
00:00:00.637364 HM:   SAVE_PAT_MSR
00:00:00.637364 HM:   LOAD_PAT_MSR
00:00:00.637364 HM:   SAVE_EFER_MSR
00:00:00.637364 HM:   LOAD_EFER_MSR
00:00:00.637364 HM:   SAVE_PREEMPT_TIMER
00:00:00.637365 HM:   CLEAR_BNDCFGS_MSR (must be cleared)
00:00:00.637365 HM:   CONCEAL_VMX_FROM_PT
00:00:00.637365 HM:   CLEAR_RTIT_CTL_MSR
00:00:00.637365 HM:   CLEAR_LBR_CTL_MSR (must be cleared)
00:00:00.637365 HM:   CLEAR_UINV (must be cleared)
00:00:00.637365 HM:   LOAD_CET_STATE
00:00:00.637365 HM:   LOAD_PKRS_MSR (must be cleared)
00:00:00.637366 HM:   SAVE_PERF_MSR (must be cleared)
00:00:00.637366 HM: MSR_IA32_VMX_TRUE_PINBASED_CTLS   = 0xff00000016
00:00:00.637366 HM: MSR_IA32_VMX_TRUE_PROCBASED_CTLS  = 0xfffbfffe04006172
00:00:00.637366 HM: MSR_IA32_VMX_TRUE_ENTRY_CTLS      = 0x16ffff000011fb
00:00:00.637367 HM: MSR_IA32_VMX_TRUE_EXIT_CTLS       = 0x137fffff00036dfb
00:00:00.637367 HM: MSR_IA32_VMX_MISC                 = 0x7004c1e7
00:00:00.637367 HM:   PREEMPT_TIMER_TSC                 = 0x7
00:00:00.637367 HM:   EXIT_SAVE_EFER_LMA                = true
00:00:00.637368 HM:   ACTIVITY_STATES                   = 0x7 ( HLT SHUTDOWN SIPI_WAIT )
00:00:00.637368 HM:   INTEL_PT                          = true
00:00:00.637368 HM:   SMM_READ_SMBASE_MSR               = true
00:00:00.637368 HM:   CR3_TARGET                        = 0x4
00:00:00.637369 HM:   MAX_MSR                           = 0x0 ( 512 )
00:00:00.637369 HM:   VMXOFF_BLOCK_SMI                  = true
00:00:00.637369 HM:   VMWRITE_ALL                       = true
00:00:00.637369 HM:   ENTRY_INJECT_SOFT_INT             = 0x1
00:00:00.637369 HM:   MSEG_ID                           = 0x0
00:00:00.637370 HM: MSR_IA32_VMX_VMCS_ENUM            = 0x2e
00:00:00.637370 HM:   HIGHEST_IDX                       = 0x17
00:00:00.637370 HM: MSR_IA32_VMX_EPT_VPID_CAP         = 0xf0106f34141
00:00:00.637370 HM:   RWX_X_ONLY
00:00:00.637371 HM:   PAGE_WALK_LENGTH_4
00:00:00.637371 HM:   MEMTYPE_UC
00:00:00.637371 HM:   MEMTYPE_WB
00:00:00.637371 HM:   PDE_2M
00:00:00.637371 HM:   PDPTE_1G
00:00:00.637371 HM:   INVEPT
00:00:00.637371 HM:   ACCESS_DIRTY
00:00:00.637372 HM:   ADVEXITINFO_EPT_VIOLATION
00:00:00.637372 HM:   SUPER_SHW_STACK
00:00:00.637372 HM:   INVEPT_SINGLE_CONTEXT
00:00:00.637372 HM:   INVEPT_ALL_CONTEXTS
00:00:00.637372 HM:   INVVPID
00:00:00.637372 HM:   INVVPID_INDIV_ADDR
00:00:00.637373 HM:   INVVPID_SINGLE_CONTEXT
00:00:00.637373 HM:   INVVPID_ALL_CONTEXTS
00:00:00.637373 HM:   INVVPID_SINGLE_CONTEXT_RETAIN_GLOBALS
00:00:00.637373 HM: MSR_IA32_VMX_VMFUNC               = 0x1
00:00:00.637373 HM:   EPTP_SWITCHING
00:00:00.637373 HM: MSR_IA32_VMX_CR0_FIXED0           = 0x80000021
00:00:00.637374 HM: MSR_IA32_VMX_CR0_FIXED1           = 0xffffffff
00:00:00.637374 HM: MSR_IA32_VMX_CR4_FIXED0           = 0x2000
00:00:00.637374 HM: MSR_IA32_VMX_CR4_FIXED1           = 0xff6fff
00:00:00.637375 HM: Guest support: 32-bit and 64-bit
00:00:00.637380 HM: Supports VMCS EFER fields         = true
00:00:00.637380 HM: Enabled VMX
00:00:00.637383 HM: Enabled nested paging
00:00:00.637383 HM:   EPT flush type                  = Single context
00:00:00.637383 HM: Enabled unrestricted guest execution
00:00:00.637383 HM: Enabled VPID
00:00:00.637383 HM:   VPID flush type                 = Single context
00:00:00.637383 HM: Enabled VMX-preemption timer (cPreemptTimerShift=7)
00:00:00.637384 HM: VT-x/AMD-V init method: Local
00:00:00.637384 EM: Exit history optimizations: enabled=true enabled-r0=true enabled-r0-no-preemption=false
00:00:00.637398 PcBios: SATA LUN#0 LCHS=526/255/63
00:00:00.637399 PcBios: SATA LUN#1 LCHS=1024/255/63
00:00:00.637403 APIC: fPostedIntrsEnabled=false fVirtApicRegsEnabled=false fSupportsTscDeadline=false
00:00:00.637405 TMR3UtcNow: nsNow=1 761 169 266 577 213 000 nsPrev=0 -> cNsDelta=1 761 169 266 577 213 000 (offLag=0 offVirtualSync=0 offVirtualSyncGivenUp=0, NowAgain=1 761 169 266 577 213 000)
00:00:00.637408 VMM: fUsePeriodicPreemptionTimers=false
00:00:00.638425 CPUM: Logical host processors: 16 present, 16 max, 16 online, online mask: 000000000000ffff
00:00:00.638548 CPUM: Physical host cores: 8
00:00:00.638548 ************************ CPUID dump *************************
00:00:00.639099          Raw Standard CPUID Leaves
00:00:00.639100      Leaf/sub-leaf  eax      ebx      ecx      edx
00:00:00.639100 Gst: 00000000/0000  00000016 756e6547 6c65746e 49656e69
00:00:00.639101 Hst:                0000001b 756e6547 6c65746e 49656e69
00:00:00.639101 Gst: 00000001/0000  000806d1 00040800 f6fa3203 178bfbff
00:00:00.639101 Hst:                000806d1 0c100800 7ffafbff bfebfbff
00:00:00.639102 Gst: 00000002/0000  00feff01 000000f0 00000000 00000000
00:00:00.639102 Hst:                00feff01 000000f0 00000000 00000000
00:00:00.639103 Gst: 00000003/0000  00000000 00000000 00000000 00000000
00:00:00.639103 Hst:                00000000 00000000 00000000 00000000
00:00:00.639103 Gst: 00000004/0000  0c000121 02c0003f 0000003f 00000000
00:00:00.639104 Hst:                1c004121 02c0003f 0000003f 00000000
00:00:00.639104 Gst: 00000004/0001  0c000122 01c0003f 0000003f 00000000
00:00:00.639104 Hst:                1c004122 01c0003f 0000003f 00000000
00:00:00.639105 Gst: 00000004/0002  0c000143 04c0003f 000003ff 00000000
00:00:00.639105 Hst:                1c004143 04c0003f 000003ff 00000000
00:00:00.639105 Gst: 00000004/0003  0c000163 02c0003f 00007fff 00000004
00:00:00.639106 Hst:                1c03c163 02c0003f 00007fff 00000004
00:00:00.639106 Gst: 00000004/0004  0c000000 00000000 00000000 00000000
00:00:00.639106 Hst:                00000000 00000000 00000000 00000000
00:00:00.639106 Gst: 00000005/0000  00000000 00000000 00000000 00000000
00:00:00.639107 Hst:                00000040 00000040 00000003 11121020
00:00:00.639107 Gst: 00000006/0000  00000004 00000000 00000000 00000000
00:00:00.639107 Hst:                0017eff7 00000002 00000009 00000000
00:00:00.639108 Gst: 00000007/0000  00000002 208c2569 00000000 30000400
00:00:00.639108 Hst:                00000002 f3bfa7eb 18c07fde fc100510
00:00:00.639108 Gst: 00000007/0001  00000000 00000000 00000000 00000000
00:00:00.639109 Hst:                00000000 00000000 00000000 00040000
00:00:00.639109 Gst: 00000007/0002  00000000 00000000 00000000 00000000
00:00:00.639109 Hst:                00000000 00000000 00000000 00000001
00:00:00.639110 Gst: 00000007/0003  00000000 00000000 00000000 00000000
00:00:00.639110 Hst:                00000000 00000000 00000000 00000000
00:00:00.639110 Gst: 00000008/0000  00000000 00000000 00000000 00000000
00:00:00.639111 Hst:                00000000 00000000 00000000 00000000
00:00:00.639111 Gst: 00000009/0000  00000000 00000000 00000000 00000000
00:00:00.639111 Hst:                00000000 00000000 00000000 00000000
00:00:00.639111 Gst: 0000000a/0000  00000000 00000000 00000000 00000000
00:00:00.639112 Hst:                08300805 00000000 0000000f 00008604
00:00:00.639112 Gst: 0000000b/0000  00000000 00000001 00000100 00000000
00:00:00.639112 Hst:                00000001 00000002 00000100 0000000c
00:00:00.639113 Gst: 0000000b/0001  00000002 00000004 00000201 00000000
00:00:00.639113 Hst:                00000004 00000010 00000201 0000000c
00:00:00.639113 Gst: 0000000b/0002  00000000 00000000 00000002 00000000
00:00:00.639114 Hst:                00000000 00000000 00000002 0000000c
00:00:00.639114 Gst: 0000000c/0000  00000000 00000000 00000000 00000000
00:00:00.639114 Hst:                00000000 00000000 00000000 00000000
00:00:00.639114 Gst: 0000000d/0000  00000007 00000340 00000340 00000000
00:00:00.639115 Hst:                000002e7 00000a88 00000a88 00000000
00:00:00.639115 Gst: 0000000d/0001  00000000 00000998 00000000 00000000
00:00:00.639115 Hst:                0000000f 00000998 00003900 00000000
00:00:00.639116 Gst: 0000000d/0002  00000100 00000240 00000000 00000000
00:00:00.639116 Hst:                00000100 00000240 00000000 00000000
00:00:00.639116 Gst: 0000000d/0003  00000000 00000000 00000000 00000000
00:00:00.639117 Hst:                00000000 00000000 00000000 00000000
00:00:00.639117 Gst: 0000000d/0004  00000000 00000000 00000000 00000000
00:00:00.639117 Hst:                00000000 00000000 00000000 00000000
00:00:00.639117 Gst: 0000000d/0005  00000000 00000000 00000000 00000000
00:00:00.639118 Hst:                00000040 00000440 00000000 00000000
00:00:00.639118 Gst: 0000000d/0006  00000000 00000000 00000000 00000000
00:00:00.639118 Hst:                00000200 00000480 00000000 00000000
00:00:00.639119 Gst: 0000000d/0007  00000000 00000000 00000000 00000000
00:00:00.639119 Hst:                00000400 00000680 00000000 00000000
00:00:00.639119 Gst: 0000000d/0008  00000000 00000000 00000000 00000000
00:00:00.639119 Hst:                00000080 00000000 00000001 00000000
00:00:00.639120 Gst: 0000000d/0009  00000000 00000000 00000000 00000000
00:00:00.639120 Hst:                00000008 00000a80 00000000 00000000
00:00:00.639120 Gst: 0000000d/000a  00000000 00000000 00000000 00000000
00:00:00.639121 Hst:                00000000 00000000 00000000 00000000
00:00:00.639121 Gst: 0000000d/000b  00000000 00000000 00000000 00000000
00:00:00.639121 Hst:                00000010 00000000 00000001 00000000
00:00:00.639121 Gst: 0000000d/000c  00000000 00000000 00000000 00000000
00:00:00.639122 Hst:                00000018 00000000 00000001 00000000
00:00:00.639122 Gst: 0000000d/000d  00000000 00000000 00000000 00000000
00:00:00.639122 Hst:                00000008 00000000 00000001 00000000
00:00:00.639123 Gst: 0000000d/000e  00000000 00000000 00000000 00000000
00:00:00.639123 Hst:                00000000 00000000 00000000 00000000
00:00:00.639123 Gst: 0000000e/0000  00000000 00000000 00000000 00000000
00:00:00.639124 Hst:                00000000 00000000 00000000 00000000
00:00:00.639124 Gst: 0000000f/0000  00000000 00000000 00000000 00000000
00:00:00.639124 Hst:                00000000 00000000 00000000 00000000
00:00:00.639124 Gst: 00000010/0000  00000000 00000000 00000000 00000000
00:00:00.639128 Hst:                00000000 00000004 00000000 00000000
00:00:00.639128 Hst: 00000011/0000  00000000 00000000 00000000 00000000
00:00:00.639128 Hst: 00000012/0000  00000000 00000000 00000000 00000000
00:00:00.639129 Hst: 00000013/0000  00000000 00000000 00000000 00000000
00:00:00.639129 Hst: 00000014/0000  00000001 0000004f 00000007 00000000
00:00:00.639129 Hst: 00000015/0000  00000002 00000088 0249f000 00000000
00:00:00.639130 Hst: 00000016/0000  00000a28 00001388 00000064 00000000
00:00:00.639130 Hst: 00000017/0000  00000000 00000000 00000000 00000000
00:00:00.639130 Hst: 00000018/0000  00000008 00000000 00000000 00000000
00:00:00.639131 Hst: 00000019/0000  00000007 00000014 00000003 00000000
00:00:00.639131 Hst: 0000001a/0000  00000000 00000000 00000000 00000000
00:00:00.639131 Hst: 0000001b/0000  00000000 00000000 00000000 00000000
00:00:00.639132                                Name: GenuineIntel
00:00:00.639132                            Supports: 0x00000000-0x00000016
00:00:00.639133                              Family:  6 	Extended: 0 	Effective: 6
00:00:00.639134                               Model: 13 	Extended: 8 	Effective: 141
00:00:00.639134                            Stepping: 1
00:00:00.639135                                Type: 0 (primary)
00:00:00.639135                             APIC ID: 0x00
00:00:00.639136                        Logical CPUs: 4
00:00:00.639136                        CLFLUSH Size: 8
00:00:00.639136                            Brand ID: 0x00
00:00:00.639137 Features
00:00:00.639137   Mnemonic - Description                                  = Guest (Host)
00:00:00.639139   FPU - x87 FPU on Chip                                   = 1 (1)
00:00:00.639139   VME - Virtual 8086 Mode Enhancements                    = 1 (1)
00:00:00.639140   DE - Debugging extensions                               = 1 (1)
00:00:00.639140   PSE - Page Size Extension                               = 1 (1)
00:00:00.639141   TSC - Time Stamp Counter                                = 1 (1)
00:00:00.639141   MSR - Model Specific Registers                          = 1 (1)
00:00:00.639141   PAE - Physical Address Extension                        = 1 (1)
00:00:00.639142   MCE - Machine Check Exception                           = 1 (1)
00:00:00.639142   CX8 - CMPXCHG8B instruction                             = 1 (1)
00:00:00.639143   APIC - APIC On-Chip                                     = 1 (1)
00:00:00.639143   SEP - SYSENTER and SYSEXIT Present                      = 1 (1)
00:00:00.639144   MTRR - Memory Type Range Registers                      = 1 (1)
00:00:00.639144   PGE - PTE Global Bit                                    = 1 (1)
00:00:00.639145   MCA - Machine Check Architecture                        = 1 (1)
00:00:00.639145   CMOV - Conditional Move instructions                    = 1 (1)
00:00:00.639145   PAT - Page Attribute Table                              = 1 (1)
00:00:00.639146   PSE-36 - 36-bit Page Size Extension                     = 1 (1)
00:00:00.639146   PSN - Processor Serial Number                           = 0 (0)
00:00:00.639147   CLFSH - CLFLUSH instruction                             = 1 (1)
00:00:00.639147   DS - Debug Store                                        = 0 (1)
00:00:00.639147   ACPI - Thermal Mon. & Soft. Clock Ctrl.                 = 0 (1)
00:00:00.639148   MMX - Intel MMX Technology                              = 1 (1)
00:00:00.639148   FXSR - FXSAVE and FXRSTOR instructions                  = 1 (1)
00:00:00.639149   SSE - SSE support                                       = 1 (1)
00:00:00.639149   SSE2 - SSE2 support                                     = 1 (1)
00:00:00.639150   SS - Self Snoop                                         = 0 (1)
00:00:00.639150   HTT - Hyper-Threading Technology                        = 1 (1)
00:00:00.639151   TM - Therm. Monitor                                     = 0 (1)
00:00:00.639151   PBE - Pending Break Enabled                             = 0 (1)
00:00:00.639152   SSE3 - SSE3 support                                     = 1 (1)
00:00:00.639152   PCLMUL - PCLMULQDQ support (for AES-GCM)                = 1 (1)
00:00:00.639153   DTES64 - DS Area 64-bit Layout                          = 0 (1)
00:00:00.639153   MONITOR - MONITOR/MWAIT instructions                    = 0 (1)
00:00:00.639153   CPL-DS - CPL Qualified Debug Store                      = 0 (1)
00:00:00.639154   VMX - Virtual Machine Extensions                        = 0 (1)
00:00:00.639154   SMX - Safer Mode Extensions                             = 0 (1)
00:00:00.639155   EST - Enhanced SpeedStep Technology                     = 0 (1)
00:00:00.639155   TM2 - Terminal Monitor 2                                = 0 (1)
00:00:00.639156   SSSE3 - Supplemental Streaming SIMD Extensions 3        = 1 (1)
00:00:00.639156   CNTX-ID - L1 Context ID                                 = 0 (0)
00:00:00.639156   SDBG - Silicon Debug interface                          = 0 (1)
00:00:00.639157   FMA - Fused Multiply Add extensions                     = 1 (1)
00:00:00.639157   CX16 - CMPXCHG16B instruction                           = 1 (1)
00:00:00.639158   TPRUPDATE - xTPR Update Control                         = 0 (1)
00:00:00.639158   PDCM - Perf/Debug Capability MSR                        = 0 (1)
00:00:00.639159   PCID - Process Context Identifiers                      = 1 (1)
00:00:00.639159   DCA - Direct Cache Access                               = 0 (0)
00:00:00.639159   SSE4_1 - SSE4_1 support                                 = 1 (1)
00:00:00.639160   SSE4_2 - SSE4_2 support                                 = 1 (1)
00:00:00.639160   X2APIC - x2APIC support                                 = 1 (1)
00:00:00.639161   MOVBE - MOVBE instruction                               = 1 (1)
00:00:00.639161   POPCNT - POPCNT instruction                             = 1 (1)
00:00:00.639162   TSCDEADL - Time Stamp Counter Deadline                  = 0 (1)
00:00:00.639162   AES - AES instructions                                  = 1 (1)
00:00:00.639162   XSAVE - XSAVE instruction                               = 1 (1)
00:00:00.639163   OSXSAVE - OSXSAVE instruction                           = 0 (1)
00:00:00.639163   AVX - AVX support                                       = 1 (1)
00:00:00.639164   F16C - 16-bit floating point conversion instructions    = 1 (1)
00:00:00.639164   RDRAND - RDRAND instruction                             = 1 (1)
00:00:00.639165   HVP - Hypervisor Present (we're a guest)                = 1 (0)
00:00:00.639165 Structured Extended Feature Flags Enumeration (leaf 7):
00:00:00.639165 Sub-leaf 0
00:00:00.639165   Mnemonic - Description                                  = Guest (Host)
00:00:00.639166   FSGSBASE - RDFSBASE/RDGSBASE/WRFSBASE/WRGSBASE instr.   = 1 (1)
00:00:00.639166   TSCADJUST - Supports MSR_IA32_TSC_ADJUST                = 0 (1)
00:00:00.639167   SGX - Supports Software Guard Extensions                = 0 (0)
00:00:00.639167   BMI1 - Advanced Bit Manipulation extension 1            = 1 (1)
00:00:00.639168   HLE - Hardware Lock Elision                             = 0 (0)
00:00:00.639168   AVX2 - Advanced Vector Extensions 2                     = 1 (1)
00:00:00.639168   FDP_EXCPTN_ONLY - FPU DP only updated on exceptions     = 1 (1)
00:00:00.639169   SMEP - Supervisor Mode Execution Prevention             = 0 (1)
00:00:00.639169   BMI2 - Advanced Bit Manipulation extension 2            = 1 (1)
00:00:00.639170   ERMS - Enhanced REP MOVSB/STOSB instructions            = 0 (1)
00:00:00.639170   INVPCID - INVPCID instruction                           = 1 (1)
00:00:00.639170   RTM - Restricted Transactional Memory                   = 0 (0)
00:00:00.639171   PQM - Platform Quality of Service Monitoring            = 0 (0)
00:00:00.639171   DEPFPU_CS_DS - Deprecates FPU CS, FPU DS values if set  = 1 (1)
00:00:00.639171   MPE - Intel Memory Protection Extensions                = 0 (0)
00:00:00.639172   PQE - Platform Quality of Service Enforcement           = 0 (1)
00:00:00.639172   AVX512F - AVX512 Foundation instructions                = 0 (1)
00:00:00.639173   17 - Reserved                                           = 0 (1)
00:00:00.639173   RDSEED - RDSEED instruction                             = 1 (1)
00:00:00.639174   ADX - ADCX/ADOX instructions                            = 1 (1)
00:00:00.639174   SMAP - Supervisor Mode Access Prevention                = 0 (1)
00:00:00.639174   21 - Reserved                                           = 0 (1)
00:00:00.639175   CLFLUSHOPT - CLFLUSHOPT (Cache Line Flush) instruction  = 1 (1)
00:00:00.639175   CLWB - CLWB instruction                                 = 0 (1)
00:00:00.639176   INTEL_PT - Intel Processor Trace                        = 0 (1)
00:00:00.639176   AVX512PF - AVX512 Prefetch instructions                 = 0 (0)
00:00:00.639177   AVX512ER - AVX512 Exponential & Reciprocal instructions = 0 (0)
00:00:00.639177   AVX512CD - AVX512 Conflict Detection instructions       = 0 (1)
00:00:00.639177   SHA - Secure Hash Algorithm extensions                  = 1 (1)
00:00:00.639177   30 - Reserved                                           = 0 (1)
00:00:00.639179   31 - Reserved                                           = 0 (1)
00:00:00.639180   PREFETCHWT1 - PREFETCHWT1 instruction                   = 0 (0)
00:00:00.639181    1 - Reserved                                           = 0 (1)
00:00:00.639181   UMIP - User mode insturction prevention                 = 0 (1)
00:00:00.639181   PKU - Protection Key for Usermode pages                 = 0 (1)
00:00:00.639182   OSPKE - CR4.PKU mirror                                  = 0 (1)
00:00:00.639182    6 - Reserved                                           = 0 (1)
00:00:00.639183    7 - Reserved                                           = 0 (1)
00:00:00.639183    8 - Reserved                                           = 0 (1)
00:00:00.639184    9 - Reserved                                           = 0 (1)
00:00:00.639186   10 - Reserved                                           = 0 (1)
00:00:00.639186   11 - Reserved                                           = 0 (1)
00:00:00.639187   12 - Reserved                                           = 0 (1)
00:00:00.639187   13 - Reserved                                           = 0 (1)
00:00:00.639188   14 - Reserved                                           = 0 (1)
00:00:00.639188   MAWAU - Value used by BNDLDX & BNDSTX                   = 0x0 (0x0)
00:00:00.639196   RDPID - Read processor ID support                       = 0 (1)
00:00:00.639196   23 - Reserved                                           = 0 (1)
00:00:00.639197   27 - Reserved                                           = 0 (1)
00:00:00.639197   28 - Reserved                                           = 0 (1)
00:00:00.639198   SGX_LC - Supports SGX Launch Configuration              = 0 (0)
00:00:00.639198    4 - Reserved                                           = 0 (1)
00:00:00.639199    8 - Reserved                                           = 0 (1)
00:00:00.639200   MCU_OPT_CTRL - Supports IA32_MCU_OPT_CTRL               = 0 (0)
00:00:00.639200   MD_CLEAR - Supports MDS related buffer clearing         = 1 (1)
00:00:00.639200   TSX_FORCE_ABORT - Supports IA32_TSX_FORCE_ABORT         = 0 (0)
00:00:00.639201   CET_IBT - Supports indirect branch tracking w/ CET      = 0 (1)
00:00:00.639201   IBRS_IBPB - IA32_SPEC_CTRL.IBRS and IA32_PRED_CMD.IBPB  = 0 (1)
00:00:00.639201   STIBP - Supports IA32_SPEC_CTRL.STIBP                   = 0 (1)
00:00:00.639202   FLUSH_CMD - Supports IA32_FLUSH_CMD                     = 1 (1)
00:00:00.639202   ARCHCAP - Supports IA32_ARCH_CAP                        = 1 (1)
00:00:00.639203   CORECAP - Supports IA32_CORE_CAP                        = 0 (1)
00:00:00.639203   SSBD - Supports IA32_SPEC_CTRL.SSBD                     = 0 (1)
00:00:00.639203  Sub-leaf 2
00:00:00.639204   Mnemonic - Description                                  = Guest (Host)
00:00:00.639204   PSFD - Supports IA32_SPEC_CTRL[7] (PSFD)                = 0 (1)
00:00:00.639205   IPRED_CTRL - Supports IA32_SPEC_CTRL[4:3] (IPRED_DIS)   = 0 (0)
00:00:00.639205   RRSBA_CTRL - Supports IA32_SPEC_CTRL[6:5] (RRSBA_DIS)   = 0 (0)
00:00:00.639205   DDPD_U - Supports IA32_SPEC_CTRL[8] (DDPD_U)            = 0 (0)
00:00:00.639206   BHI_CTRL - Supports IA32_SPEC_CTRL[10] (BHI_DIS_S)      = 0 (0)
00:00:00.639206   MCDT_NO - No MXCSR Config Dependent Timing issues       = 0 (0)
00:00:00.639206   UC_LOCK_DIS - Supports UC-lock disable and causing #AC  = 0 (0)
00:00:00.639207   MONITOR_MITG_NO - No MONITOR/UMONITOR power issues      = 0 (0)
00:00:00.639207 Processor Extended State Enumeration (leaf 0xd):
00:00:00.639207    XSAVE area cur/max size by XCR0, Guest: 0x340/0x340
00:00:00.639208    XSAVE area cur/max size by XCR0,  Host: 0xa88/0xa88
00:00:00.639208                    Valid XCR0 bits, Guest: 0x00000000`00000007 ( x87 SSE YMM_Hi128 )
00:00:00.639209                    Valid XCR0 bits,  Host: 0x00000000`000002e7 ( x87 SSE YMM_Hi128 Opmask ZMM_Hi256 Hi16_ZMM 9 )
00:00:00.639211                     XSAVE features, Guest
00:00:00.639211                     XSAVE features,  Host XSAVEOPT XSAVEC XGETBC1 XSAVES
00:00:00.639212       XSAVE area cur size XCR0|XSS, Guest: 0x998
00:00:00.639212       XSAVE area cur size XCR0|XSS,  Host: 0x998
00:00:00.639213                Valid IA32_XSS bits, Guest: 0x00000000`00000000
00:00:00.639213                Valid IA32_XSS bits,  Host: 0x00003900`00000000 ( 40 43 44 45 )
00:00:00.639214   State #2, Guest: off=0x0240, cb=0x0100 IA32_XSS-bit -- YMM_Hi128
00:00:00.639215   State #2,  Host:  off=0x0240, cb=0x0100 IA32_XSS-bit -- YMM_Hi128
00:00:00.639215   State #5,  Host:  off=0x0440, cb=0x0040 IA32_XSS-bit -- Opmask
00:00:00.639216   State #6,  Host:  off=0x0480, cb=0x0200 IA32_XSS-bit -- ZMM_Hi256
00:00:00.639217   State #7,  Host:  off=0x0680, cb=0x0400 IA32_XSS-bit -- Hi16_ZMM
00:00:00.639217   State #8,  Host:  off=0x0000, cb=0x0080 XCR0-bit -- 8
00:00:00.639218   State #9,  Host:  off=0x0a80, cb=0x0008 IA32_XSS-bit -- 9
00:00:00.639218   State #11,  Host:  off=0x0000, cb=0x0010 XCR0-bit -- 11
00:00:00.639219   State #12,  Host:  off=0x0000, cb=0x0018 XCR0-bit -- 12
00:00:00.639219   State #13,  Host:  off=0x0000, cb=0x0008 XCR0-bit -- 13
00:00:00.639223          Raw Hypervisor CPUID Leaves
00:00:00.639223      Leaf/sub-leaf  eax      ebx      ecx      edx
00:00:00.639223 Gst: 40000000/0000  40000001 4b4d564b 564b4d56 0000004d
00:00:00.639224 Gst: 40000001/0000  01000089 00000000 00000000 00000000
00:00:00.639224          Raw Extended CPUID Leaves
00:00:00.639224      Leaf/sub-leaf  eax      ebx      ecx      edx
00:00:00.639224 Gst: 80000000/0000  80000008 00000000 00000000 00000000
00:00:00.639225 Hst:                80000008 00000000 00000000 00000000
00:00:00.639225 Gst: 80000001/0000  00000000 00000000 00000121 28100800
00:00:00.639226 Hst:                00000000 00000000 00000121 2c100800
00:00:00.639226 Gst: 80000002/0000  68743131 6e654720 746e4920 52286c65
00:00:00.639226 Hst:                68743131 6e654720 746e4920 52286c65
00:00:00.639227 Gst: 80000003/0000  6f432029 54286572 6920294d 31312d39
00:00:00.639227 Hst:                6f432029 54286572 6920294d 31312d39
00:00:00.639227 Gst: 80000004/0000  48303539 32204020 4730362e 00007a48
00:00:00.639228 Hst:                48303539 32204020 4730362e 00007a48
00:00:00.639228 Gst: 80000005/0000  00000000 00000000 00000000 00000000
00:00:00.639228 Hst:                00000000 00000000 00000000 00000000
00:00:00.639229 Gst: 80000006/0000  00000000 00000000 01007040 00000000
00:00:00.639229 Hst:                00000000 00000000 01007040 00000000
00:00:00.639229 Gst: 80000007/0000  00000000 00000000 00000000 00000100
00:00:00.639230 Hst:                00000000 00000000 00000000 00000100
00:00:00.639230 Gst: 80000008/0000  00003027 00000000 00000000 00000000
00:00:00.639230 Hst:                00003027 00000000 00000000 00000000
00:00:00.639231 Ext Name:                        
00:00:00.639231 Ext Supports:                    0x80000000-0x80000008
00:00:00.639231 Family:                          0  	Extended: 0 	Effective: 0
00:00:00.639231 Model:                           0  	Extended: 0 	Effective: 0
00:00:00.639232 Stepping:                        0
00:00:00.639232 Brand ID:                        0x000
00:00:00.639232 Ext Features
00:00:00.639232   Mnemonic - Description                                  = Guest (Host)
00:00:00.639233   FPU - x87 FPU on Chip                                   = 0 (0)
00:00:00.639233   VME - Virtual 8086 Mode Enhancements                    = 0 (0)
00:00:00.639234   DE - Debugging extensions                               = 0 (0)
00:00:00.639234   PSE - Page Size Extension                               = 0 (0)
00:00:00.639235   TSC - Time Stamp Counter                                = 0 (0)
00:00:00.639235   MSR - K86 Model Specific Registers                      = 0 (0)
00:00:00.639235   PAE - Physical Address Extension                        = 0 (0)
00:00:00.639236   MCE - Machine Check Exception                           = 0 (0)
00:00:00.639236   CX8 - CMPXCHG8B instruction                             = 0 (0)
00:00:00.639237   APIC - APIC On-Chip                                     = 0 (0)
00:00:00.639237   SEP - SYSCALL/SYSRET                                    = 1 (1)
00:00:00.639238   MTRR - Memory Type Range Registers                      = 0 (0)
00:00:00.639238   PGE - PTE Global Bit                                    = 0 (0)
00:00:00.639239   MCA - Machine Check Architecture                        = 0 (0)
00:00:00.639239   CMOV - Conditional Move instructions                    = 0 (0)
00:00:00.639239   PAT - Page Attribute Table                              = 0 (0)
00:00:00.639240   PSE-36 - 36-bit Page Size Extension                     = 0 (0)
00:00:00.639240   NX - No-Execute/Execute-Disable                         = 1 (1)
00:00:00.639241   AXMMX - AMD Extensions to MMX instructions              = 0 (0)
00:00:00.639241   MMX - Intel MMX Technology                              = 0 (0)
00:00:00.639241   FXSR - FXSAVE and FXRSTOR Instructions                  = 0 (0)
00:00:00.639242   FFXSR - AMD fast FXSAVE and FXRSTOR instructions        = 0 (0)
00:00:00.639242   Page1GB - 1 GB large page                               = 0 (1)
00:00:00.639243   RDTSCP - RDTSCP instruction                             = 1 (1)
00:00:00.639243   LM - AMD64 Long Mode                                    = 1 (1)
00:00:00.639244   3DNOWEXT - AMD Extensions to 3DNow                      = 0 (0)
00:00:00.639244   3DNOW - AMD 3DNow                                       = 0 (0)
00:00:00.639245   LahfSahf - LAHF/SAHF support in 64-bit mode             = 1 (1)
00:00:00.639245   CmpLegacy - Core multi-processing legacy mode           = 0 (0)
00:00:00.639245   SVM - AMD Secure Virtual Machine extensions             = 0 (0)
00:00:00.639246   EXTAPIC - AMD Extended APIC registers                   = 0 (0)
00:00:00.639246   CR8L - AMD LOCK MOV CR0 means MOV CR8                   = 0 (0)
00:00:00.639246   ABM - AMD Advanced Bit Manipulation                     = 1 (1)
00:00:00.639247   SSE4A - SSE4A instructions                              = 0 (0)
00:00:00.639247   MISALIGNSSE - AMD Misaligned SSE mode                   = 0 (0)
00:00:00.639248   3DNOWPRF - AMD PREFETCH and PREFETCHW instructions      = 1 (1)
00:00:00.639248   OSVW - AMD OS Visible Workaround                        = 0 (0)
00:00:00.639248   IBS - Instruct Based Sampling                           = 0 (0)
00:00:00.639249   XOP - Extended Operation support                        = 0 (0)
00:00:00.639249   SKINIT - SKINIT, STGI, and DEV support                  = 0 (0)
00:00:00.639250   WDT - AMD Watchdog Timer support                        = 0 (0)
00:00:00.639250   LWP - Lightweight Profiling support                     = 0 (0)
00:00:00.639250   FMA4 - Four operand FMA instruction support             = 0 (0)
00:00:00.639251   TCE - Translation Cache Extension support               = 0 (0)
00:00:00.639251   NodeId - NodeId in MSR C001_100C                        = 0 (0)
00:00:00.639252   TBM - Trailing Bit Manipulation instructions            = 0 (0)
00:00:00.639252   TOPOEXT - Topology Extensions                           = 0 (0)
00:00:00.639252   PRFEXTCORE - Performance Counter Extensions support     = 0 (0)
00:00:00.639253   PRFEXTNB - NB Performance Counter Extensions support    = 0 (0)
00:00:00.639253   DATABPEXT - Data-access Breakpoint Extension            = 0 (0)
00:00:00.639253   PERFTSC - Performance Time Stamp Counter                = 0 (0)
00:00:00.639254   PCX_L2I - L2I/L3 Performance Counter Extensions         = 0 (0)
00:00:00.639254   MONITORX - MWAITX and MONITORX instructions             = 0 (0)
00:00:00.639254   AddrMaskExt - BP Addressing masking extended to bit 31  = 0 (0)
00:00:00.639255 Full Name:                       "11th Gen Intel(R) Core(TM) i9-11950H @ 2.60GHz"
00:00:00.639255 TLB 2/4M Instr/Uni:              res0     0 entries
00:00:00.639255 TLB 2/4M Data:                   res0     0 entries
00:00:00.639256 TLB 4K Instr/Uni:                res0     0 entries
00:00:00.639256 TLB 4K Data:                     res0     0 entries
00:00:00.639256 L1 Instr Cache Line Size:        0 bytes
00:00:00.639256 L1 Instr Cache Lines Per Tag:    0
00:00:00.639256 L1 Instr Cache Associativity:    res0  
00:00:00.639257 L1 Instr Cache Size:             0 KB
00:00:00.639257 L1 Data Cache Line Size:         0 bytes
00:00:00.639257 L1 Data Cache Lines Per Tag:     0
00:00:00.639257 L1 Data Cache Associativity:     res0  
00:00:00.639257 L1 Data Cache Size:              0 KB
00:00:00.639257 L2 TLB 2/4M Instr/Uni:           off       0 entries
00:00:00.639258 L2 TLB 2/4M Data:                off       0 entries
00:00:00.639258 L2 TLB 4K Instr/Uni:             off       0 entries
00:00:00.639258 L2 TLB 4K Data:                  off       0 entries
00:00:00.639258 L2 Cache Line Size:              64 bytes
00:00:00.639258 L2 Cache Lines Per Tag:          0
00:00:00.639258 L2 Cache Associativity:          res7  
00:00:00.639259 L2 Cache Size:                   256 KB
00:00:00.639259 L3 Cache Line Size:              0 bytes
00:00:00.639259 L3 Cache Lines Per Tag:          0
00:00:00.639259 L3 Cache Associativity:          off   
00:00:00.639259 L3 Cache Size:                   0 KB
00:00:00.639259 APM Features EDX
00:00:00.639260   Mnemonic - Description                                  = Guest (Host)
00:00:00.639260   TS - Temperature Sensor                                 = 0 (0)
00:00:00.639261   FID - Frequency ID control                              = 0 (0)
00:00:00.639261   VID - Voltage ID control                                = 0 (0)
00:00:00.639262   TTP - Thermal Trip                                      = 0 (0)
00:00:00.639262   TM - Hardware Thermal Control (HTC)                     = 0 (0)
00:00:00.639262   100MHzSteps - 100 MHz Multiplier control                = 0 (0)
00:00:00.639263   HwPstate - Hardware P-state control                     = 0 (0)
00:00:00.639263   TscInvariant - Invariant Time Stamp Counter             = 1 (1)
00:00:00.639264   CPB - Core Performance Boost                            = 0 (0)
00:00:00.639264   EffFreqRO - Read-only Effective Frequency Interface     = 0 (0)
00:00:00.639264   ProcFdbkIf - Processor Feedback Interface               = 0 (0)
00:00:00.639265   ProcPwrRep - Core power reporting interface support     = 0 (0)
00:00:00.639265   ConnectedStandby - Connected Standby                    = 0 (0)
00:00:00.639266   RAPL - Running average power limit                      = 0 (0)
00:00:00.639266 Physical Address Width:          39 bits
00:00:00.639266 Virtual Address Width:           48 bits
00:00:00.639266 Max page count for INVLPGB:      0x3027
00:00:00.639267 Max ECX for RDPRU:               0x0
00:00:00.639267 ********************* End of CPUID dump *********************
00:00:00.639268 *********************** VT-x features ***********************
00:00:00.639268 Nested hardware virtualization - VMX features
00:00:00.639268   Mnemonic - Description                                  = guest (host)
00:00:00.639268   VMX - Virtual-Machine Extensions                        = 0 (1)
00:00:00.639269   InsOutInfo - INS/OUTS instruction info.                 = 0 (1)
00:00:00.639269   ExtIntExit - External interrupt exiting                 = 0 (1)
00:00:00.639269   NmiExit - NMI exiting                                   = 0 (1)
00:00:00.639269   VirtNmi - Virtual NMIs                                  = 0 (1)
00:00:00.639270   PreemptTimer - VMX preemption timer                     = 0 (1)
00:00:00.639270   PostedInt - Posted interrupts                           = 0 (1)
00:00:00.639270   IntWindowExit - Interrupt-window exiting                = 0 (1)
00:00:00.639270   TscOffsetting - TSC offsetting                          = 0 (1)
00:00:00.639270   HltExit - HLT exiting                                   = 0 (1)
00:00:00.639271   InvlpgExit - INVLPG exiting                             = 0 (1)
00:00:00.639271   MwaitExit - MWAIT exiting                               = 0 (1)
00:00:00.639271   RdpmcExit - RDPMC exiting                               = 0 (1)
00:00:00.639271   RdtscExit - RDTSC exiting                               = 0 (1)
00:00:00.639271   Cr3LoadExit - CR3-load exiting                          = 0 (1)
00:00:00.639272   Cr3StoreExit - CR3-store exiting                        = 0 (1)
00:00:00.639272   TertiaryExecCtls - Activate tertiary controls           = 0 (1)
00:00:00.639272   Cr8LoadExit  - CR8-load exiting                         = 0 (1)
00:00:00.639272   Cr8StoreExit - CR8-store exiting                        = 0 (1)
00:00:00.639272   UseTprShadow - Use TPR shadow                           = 0 (1)
00:00:00.639273   NmiWindowExit - NMI-window exiting                      = 0 (1)
00:00:00.639273   MovDRxExit - Mov-DR exiting                             = 0 (1)
00:00:00.639273   UncondIoExit - Unconditional I/O exiting                = 0 (1)
00:00:00.639273   UseIoBitmaps - Use I/O bitmaps                          = 0 (1)
00:00:00.639274   MonitorTrapFlag - Monitor Trap Flag                     = 0 (1)
00:00:00.639274   UseMsrBitmaps - MSR bitmaps                             = 0 (1)
00:00:00.639278   MonitorExit - MONITOR exiting                           = 0 (1)
00:00:00.639278   PauseExit - PAUSE exiting                               = 0 (1)
00:00:00.639278   SecondaryExecCtl - Activate secondary controls          = 0 (1)
00:00:00.639278   VirtApic - Virtualize-APIC accesses                     = 0 (1)
00:00:00.639279   Ept - Extended Page Tables                              = 0 (1)
00:00:00.639279   DescTableExit - Descriptor-table exiting                = 0 (1)
00:00:00.639279   Rdtscp - Enable RDTSCP                                  = 0 (1)
00:00:00.639279   VirtX2ApicMode - Virtualize-x2APIC mode                 = 0 (1)
00:00:00.639281   Vpid - Enable VPID                                      = 0 (1)
00:00:00.639282   WbinvdExit - WBINVD exiting                             = 0 (1)
00:00:00.639282   UnrestrictedGuest - Unrestricted guest                  = 0 (1)
00:00:00.639282   ApicRegVirt - APIC-register virtualization              = 0 (1)
00:00:00.639282   VirtIntDelivery - Virtual-interrupt delivery            = 0 (1)
00:00:00.639283   PauseLoopExit - PAUSE-loop exiting                      = 0 (1)
00:00:00.639283   RdrandExit - RDRAND exiting                             = 0 (1)
00:00:00.639283   Invpcid - Enable INVPCID                                = 0 (1)
00:00:00.639283   VmFuncs - Enable VM Functions                           = 0 (1)
00:00:00.639283   VmcsShadowing - VMCS shadowing                          = 0 (1)
00:00:00.639284   RdseedExiting - RDSEED exiting                          = 0 (1)
00:00:00.639284   PML - Page-Modification Log                             = 0 (1)
00:00:00.639284   EptVe - EPT violations can cause #VE                    = 0 (1)
00:00:00.639284   ConcealVmxFromPt - Conceal VMX from Processor Trace     = 0 (1)
00:00:00.639284   XsavesXRstors - Enable XSAVES/XRSTORS                   = 0 (1)
00:00:00.639285   PasidTranslate - PASID translation                      = 0 (0)
00:00:00.639285   ModeBasedExecuteEpt - Mode-based execute permissions    = 0 (1)
00:00:00.639285   SppEpt - Sub-page page write permissions for EPT        = 0 (0)
00:00:00.639285   PtEpt - Processor Trace address' translatable by EPT    = 0 (1)
00:00:00.639285   UseTscScaling - Use TSC scaling                         = 0 (1)
00:00:00.639286   UserWaitPause - Enable TPAUSE, UMONITOR and UMWAIT      = 0 (0)
00:00:00.639286   Pconfig - Enable PCONFIG                                = 0 (0)
00:00:00.639286   EnclvExit - ENCLV exiting                               = 0 (0)
00:00:00.639286   BusLockDetect - VMM Bus-Lock detection                  = 0 (0)
00:00:00.639286   InstrTimeout - Instruction timeout                      = 0 (0)
00:00:00.639287   LoadIwKeyExit - LOADIWKEY exiting                       = 0 (1)
00:00:00.639287   HLAT - Hypervisor-managed linear-address translation    = 0 (0)
00:00:00.639287   EptPagingWrite - EPT paging-write                       = 0 (0)
00:00:00.639287   GstPagingVerify - Guest-paging verification             = 0 (0)
00:00:00.639288   IpiVirt - IPI virtualization                            = 0 (0)
00:00:00.639288   VirtSpecCtrl - Virtualize IA32_SPEC_CTRL                = 0 (0)
00:00:00.639288   EntryLoadDebugCtls - Load debug controls on VM-entry    = 0 (1)
00:00:00.639288   Ia32eModeGuest - IA-32e mode guest                      = 0 (1)
00:00:00.639289   EntryLoadEferMsr - Load IA32_EFER MSR on VM-entry       = 0 (1)
00:00:00.639289   EntryLoadPatMsr - Load IA32_PAT MSR on VM-entry         = 0 (1)
00:00:00.639289   ExitSaveDebugCtls - Save debug controls on VM-exit      = 0 (1)
00:00:00.639289   HostAddrSpaceSize - Host address-space size             = 0 (1)
00:00:00.639289   ExitAckExtInt - Acknowledge interrupt on VM-exit        = 0 (1)
00:00:00.639290   ExitSavePatMsr - Save IA32_PAT MSR on VM-exit           = 0 (1)
00:00:00.639290   ExitLoadPatMsr - Load IA32_PAT MSR on VM-exit           = 0 (1)
00:00:00.639290   ExitSaveEferMsr - Save IA32_EFER MSR on VM-exit         = 0 (1)
00:00:00.639290   ExitLoadEferMsr - Load IA32_EFER MSR on VM-exit         = 0 (1)
00:00:00.639290   SavePreemptTimer - Save VMX-preemption timer            = 0 (1)
00:00:00.639291   SecondaryExitCtls - Secondary VM-exit controls          = 0 (0)
00:00:00.639291   ExitSaveEferLma - Save IA32_EFER.LMA on VM-exit         = 0 (1)
00:00:00.639291   IntelPt - Intel Processor Trace in VMX operation        = 0 (1)
00:00:00.639291   VmwriteAll - VMWRITE to any supported VMCS field        = 0 (1)
00:00:00.639291   EntryInjectSoftInt - Inject softint. with 0-len instr.  = 0 (1)
00:00:00.639292 
00:00:00.639292 ******************* End of VT-x features ********************
00:00:00.639361 VMEmt: Halt method global1 (5)
00:00:00.639391 VMEmt: HaltedGlobal1 config: cNsSpinBlockThresholdCfg=2000
00:00:00.639408 Changing the VM state from 'CREATING' to 'CREATED'
00:00:00.640857 NAT: DNS settings changed, triggering update
00:00:00.641039 Changing the VM state from 'CREATED' to 'POWERING_ON'
00:00:00.642483 Game: VirtualBoxVM
00:00:00.642490 DXVK: 2.6.2
00:00:00.642491 Build:   
00:00:00.643257 Vulkan: Found vkGetInstanceProcAddr in libvulkan.so.1 @ 0x7563eecfa3d0
00:00:00.643263 Built-in extension providers:
00:00:00.643264   Platform WSI
00:00:00.673571 Enabled instance extensions:
00:00:00.673592   VK_EXT_surface_maintenance1
00:00:00.673593   VK_KHR_get_surface_capabilities2
00:00:00.673594   VK_KHR_surface
00:00:00.682820 Skipping CPU adapter: llvmpipe (LLVM 20.1.2, 256 bits)
00:00:00.682840 Intel(R) UHD Graphics (TGL GT1):
00:00:00.682840   Driver : Intel open-source Mesa driver 25.0.7
00:00:00.682841   Memory Heap[0]: 
00:00:00.682842     Size: 32002 MiB
00:00:00.682843     Flags: 0x1
00:00:00.682844     Memory Type[0]: Property Flags = 0x1
00:00:00.682845     Memory Type[1]: Property Flags = 0x7
00:00:00.682846     Memory Type[2]: Property Flags = 0xf
00:00:00.682846     Memory Type[3]: Property Flags = 0x21
00:00:00.682847     Memory Type[4]: Property Flags = 0x1
00:00:00.682848     Memory Type[5]: Property Flags = 0x7
00:00:00.682849     Memory Type[6]: Property Flags = 0xf
00:00:00.682850   Queue[0]: Flags = 0x1f
00:00:00.682850 DXGI: Found monitors not associated with any adapter, using fallback
00:00:00.682854 Adapter LUID 0: 0:1
00:00:00.682865 D3D11DeviceFeatures: External memory features not supported
00:00:00.682876 D3D11InternalCreateDevice: Maximum supported feature level: D3D_FEATURE_LEVEL_12_1
00:00:00.682882 D3D11InternalCreateDevice: Using feature level D3D_FEATURE_LEVEL_11_1
00:00:00.682891 Device properties:
00:00:00.682891   Device : Intel(R) UHD Graphics (TGL GT1)
00:00:00.682891   Driver : Intel open-source Mesa driver 25.0.7
00:00:00.682892 Enabled device extensions:
00:00:00.682893   VK_EXT_attachment_feedback_loop_layout
00:00:00.682894   VK_EXT_conservative_rasterization
00:00:00.682894   VK_EXT_custom_border_color
00:00:00.682895   VK_EXT_depth_bias_control
00:00:00.682896   VK_EXT_depth_clip_enable
00:00:00.682897   VK_EXT_extended_dynamic_state3
00:00:00.682897   VK_EXT_fragment_shader_interlock
00:00:00.682898   VK_EXT_graphics_pipeline_library
00:00:00.682899   VK_EXT_line_rasterization
00:00:00.682899   VK_EXT_multi_draw
00:00:00.682900   VK_EXT_non_seamless_cube_map
00:00:00.682901   VK_EXT_robustness2
00:00:00.682902   VK_EXT_shader_module_identifier
00:00:00.682902   VK_EXT_shader_stencil_export
00:00:00.682903   VK_EXT_swapchain_maintenance1
00:00:00.682904   VK_EXT_transform_feedback
00:00:00.682904   VK_EXT_vertex_attribute_divisor
00:00:00.682905   VK_KHR_load_store_op_none
00:00:00.682906   VK_KHR_maintenance5
00:00:00.682907   VK_KHR_maintenance7
00:00:00.682907   VK_KHR_pipeline_library
00:00:00.682908   VK_KHR_present_id
00:00:00.682909   VK_KHR_present_wait
00:00:00.682909   VK_KHR_swapchain
00:00:00.682910   VK_KHR_swapchain_mutable_format
00:00:00.682921 Device features:
00:00:00.682921   robustBufferAccess                     : 1
00:00:00.682921   fullDrawIndexUint32                    : 1
00:00:00.682922   imageCubeArray                         : 1
00:00:00.682922   independentBlend                       : 1
00:00:00.682922   geometryShader                         : 1
00:00:00.682922   tessellationShader                     : 1
00:00:00.682922   sampleRateShading                      : 1
00:00:00.682922   dualSrcBlend                           : 1
00:00:00.682922   logicOp                                : 1
00:00:00.682922   multiDrawIndirect                      : 1
00:00:00.682922   drawIndirectFirstInstance              : 1
00:00:00.682922   depthClamp                             : 1
00:00:00.682922   depthBiasClamp                         : 1
00:00:00.682922   fillModeNonSolid                       : 1
00:00:00.682922   depthBounds                            : 1
00:00:00.682922   wideLines                              : 1
00:00:00.682923   multiViewport                          : 1
00:00:00.682923   samplerAnisotropy                      : 1
00:00:00.682923   textureCompressionBC                   : 1
00:00:00.682923   occlusionQueryPrecise                  : 1
00:00:00.682923   pipelineStatisticsQuery                : 1
00:00:00.682923   vertexPipelineStoresAndAtomics         : 1
00:00:00.682923   fragmentStoresAndAtomics               : 1
00:00:00.682923   shaderImageGatherExtended              : 1
00:00:00.682923   shaderClipDistance                     : 1
00:00:00.682923   shaderCullDistance                     : 1
00:00:00.682923   shaderFloat64                          : 0
00:00:00.682923   shaderInt64                            : 1
00:00:00.682923   variableMultisampleRate                : 1
00:00:00.682923   shaderResourceResidency                : 1
00:00:00.682923   shaderResourceMinLod                   : 1
00:00:00.682924   sparseBinding                          : 1
00:00:00.682924   sparseResidencyBuffer                  : 1
00:00:00.682924   sparseResidencyImage2D                 : 1
00:00:00.682924   sparseResidencyImage3D                 : 1
00:00:00.682924   sparseResidency2Samples                : 1
00:00:00.682924   sparseResidency4Samples                : 1
00:00:00.682924   sparseResidency8Samples                : 1
00:00:00.682924   sparseResidency16Samples               : 1
00:00:00.682924   sparseResidencyAliased                 : 1
00:00:00.682924 Vulkan 1.1
00:00:00.682924   shaderDrawParameters                   : 1
00:00:00.682924 Vulkan 1.2
00:00:00.682924   samplerMirrorClampToEdge               : 1
00:00:00.682924   drawIndirectCount                      : 1
00:00:00.682925   samplerFilterMinmax                    : 1
00:00:00.682925   hostQueryReset                         : 1
00:00:00.682925   timelineSemaphore                      : 1
00:00:00.682925   bufferDeviceAddress                    : 0
00:00:00.682925   shaderOutputViewportIndex              : 1
00:00:00.682925   shaderOutputLayer                      : 1
00:00:00.682925   vulkanMemoryModel                      : 1
00:00:00.682925 Vulkan 1.3
00:00:00.682925   robustImageAccess                      : 0
00:00:00.682925   pipelineCreationCacheControl           : 1
00:00:00.682925   shaderDemoteToHelperInvocation         : 1
00:00:00.682925   shaderZeroInitializeWorkgroupMemory    : 0
00:00:00.682925   synchronization2                       : 1
00:00:00.682925   dynamicRendering                       : 1
00:00:00.682925 VK_AMD_shader_fragment_mask
00:00:00.682926   extension supported                    : 0
00:00:00.682926 VK_EXT_attachment_feedback_loop_layout
00:00:00.682926   attachmentFeedbackLoopLayout           : 0
00:00:00.682926 VK_EXT_conservative_rasterization
00:00:00.682926   extension supported                    : 1
00:00:00.682926 VK_EXT_custom_border_color
00:00:00.682926   customBorderColors                     : 1
00:00:00.682926   customBorderColorWithoutFormat         : 1
00:00:00.682926 VK_EXT_depth_clip_enable
00:00:00.682926   depthClipEnable                        : 1
00:00:00.682926 VK_EXT_depth_bias_control
00:00:00.682926   depthBiasControl                       : 1
00:00:00.682926   leastRepresentableValueForceUnormRepresentation : 0
00:00:00.682926   floatRepresentation                    : 0
00:00:00.682926   depthBiasExact                         : 1
00:00:00.682927 VK_EXT_extended_dynamic_state3
00:00:00.682927   extDynamicState3AlphaToCoverageEnable  : 1
00:00:00.682927   extDynamicState3DepthClipEnable        : 1
00:00:00.682927   extDynamicState3RasterizationSamples   : 1
00:00:00.682927   extDynamicState3SampleMask             : 1
00:00:00.682927   extDynamicState3LineRasterizationMode  : 1
00:00:00.682927 VK_EXT_fragment_shader_interlock
00:00:00.682927   fragmentShaderSampleInterlock          : 1
00:00:00.682927   fragmentShaderPixelInterlock           : 1
00:00:00.682927 VK_EXT_full_screen_exclusive
00:00:00.682927   extension supported                    : 0
00:00:00.682927 VK_EXT_graphics_pipeline_library
00:00:00.682927   graphicsPipelineLibrary                : 1
00:00:00.682927 VK_EXT_line_rasterization
00:00:00.682927   rectangularLines                       : 1
00:00:00.682928   smoothLines                            : 0
00:00:00.682928 VK_EXT_memory_budget
00:00:00.682928   extension supported                    : 1
00:00:00.682928 VK_EXT_memory_priority
00:00:00.682928   memoryPriority                         : 0
00:00:00.682928 VK_EXT_multi_draw
00:00:00.682928   multiDraw                              : 1
00:00:00.682928 VK_EXT_non_seamless_cube_map
00:00:00.682928   nonSeamlessCubeMap                     : 0
00:00:00.682928 VK_EXT_pageable_device_local_memory
00:00:00.682928   pageableDeviceLocalMemory              : 0
00:00:00.682928 VK_EXT_robustness2
00:00:00.682928   robustBufferAccess2                    : 1
00:00:00.682928   robustImageAccess2                     : 1
00:00:00.682929   nullDescriptor                         : 1
00:00:00.682929 VK_EXT_shader_module_identifier
00:00:00.682929   shaderModuleIdentifier                 : 1
00:00:00.682929 VK_EXT_shader_stencil_export
00:00:00.682929   extension supported                    : 1
00:00:00.682929 VK_EXT_swapchain_colorspace
00:00:00.682929   extension supported                    : 0
00:00:00.682929 VK_EXT_swapchain_maintenance1
00:00:00.682929   swapchainMaintenance1                  : 1
00:00:00.682929 VK_EXT_hdr_metadata
00:00:00.682929   extension supported                    : 0
00:00:00.682929 VK_EXT_transform_feedback
00:00:00.682929   transformFeedback                      : 1
00:00:00.682929   geometryStreams                        : 1
00:00:00.682929 VK_EXT_vertex_attribute_divisor
00:00:00.682930   vertexAttributeInstanceRateDivisor     : 1
00:00:00.682930   vertexAttributeInstanceRateZeroDivisor : 1
00:00:00.682930 VK_KHR_external_memory_win32
00:00:00.682930   extension supported                    : 0
00:00:00.682930 VK_KHR_external_semaphore_win32
00:00:00.682930   extension supported                    : 0
00:00:00.682930 VK_KHR_load_store_op_none
00:00:00.682930   extension supported                    : 1
00:00:00.682930 VK_KHR_maintenance5
00:00:00.682930   maintenance5                           : 1
00:00:00.682930 VK_KHR_maintenance7
00:00:00.682930   maintenance7                           : 1
00:00:00.682930 VK_KHR_present_id
00:00:00.682930   presentId                              : 1
00:00:00.682930 VK_KHR_present_wait
00:00:00.682931   presentWait                            : 1
00:00:00.682931 VK_NV_descriptor_pool_overallocation
00:00:00.682931   descriptorPoolOverallocation           : 0
00:00:00.682931 VK_NV_low_latency2
00:00:00.682931   extension supported                    : 0
00:00:00.682931 VK_NV_raw_access_chains
00:00:00.682931   shaderRawAccessChains                  : 0
00:00:00.682931 VK_NVX_binary_import
00:00:00.682931   extension supported                    : 0
00:00:00.682931 VK_NVX_image_view_handle
00:00:00.682931   extension supported                    : 0
00:00:00.682931 VK_KHR_win32_keyed_mutex
00:00:00.682931   extension supported                    : 0
00:00:00.682931 VK_KHR_video_decode_queue
00:00:00.682931   extension supported                    : 0
00:00:00.682936 Queue families:
00:00:00.682936   Graphics : 0
00:00:00.682936   Transfer : 0
00:00:00.682937   Sparse   : 0
00:00:00.682937   VideoDec : n/a
00:00:00.684642 Memory type mask for buffer resources: 0x7, usage: 0x19ff
00:00:00.684669 DXVK: Graphics pipeline libraries supported
00:00:00.685031 VMSVGA: Feature level 0xb100
00:00:00.685038 VMSVGA: VideoDevice available
00:00:00.685415 DXVK: Using 16 compiler threads
00:00:00.685471 VMSVGA: Adapter 8086:9a60 [Intel(R) UHD Graphics (TGL GT1)]
00:00:00.685473 VMSVGA: DXGI_FORMAT_NV12: -
00:00:00.685475 VMSVGA: DXGI_FORMAT_YUY2: -
00:00:00.685475 VMSVGA: DXGI_FORMAT_AYUV: -
00:00:00.685477 D3D11VideoProcessorEnumerator::CheckVideoProcessorFormat: stub, format 61
00:00:00.685478 VMSVGA: DXGI_FORMAT_R8_UNORM: flags 3
00:00:00.685479 D3D11VideoProcessorEnumerator::CheckVideoProcessorFormat: stub, format 56
00:00:00.685479 VMSVGA: DXGI_FORMAT_R16_UNORM: flags 3
00:00:00.685481 D3D11VideoProcessorEnumerator::CheckVideoProcessorFormat: stub, format 103
00:00:00.685481 VMSVGA: DXGI_FORMAT_NV12: flags 3
00:00:00.685482 D3D11VideoProcessorEnumerator::CheckVideoProcessorFormat: stub, format 106
00:00:00.685482 VMSVGA: DXGI_FORMAT_420_OPAQUE: flags 3
00:00:00.685483 D3D11VideoProcessorEnumerator::CheckVideoProcessorFormat: stub, format 104
00:00:00.685484 VMSVGA: DXGI_FORMAT_P010: flags 3
00:00:00.685485 D3D11VideoProcessorEnumerator::CheckVideoProcessorFormat: stub, format 105
00:00:00.685485 VMSVGA: DXGI_FORMAT_P016: flags 3
00:00:00.685486 D3D11VideoProcessorEnumerator::CheckVideoProcessorFormat: stub, format 107
00:00:00.685487 VMSVGA: DXGI_FORMAT_YUY2: flags 3
00:00:00.685487 D3D11VideoProcessorEnumerator::CheckVideoProcessorFormat: stub, format 110
00:00:00.685488 VMSVGA: DXGI_FORMAT_NV11: flags 3
00:00:00.685489 D3D11VideoProcessorEnumerator::CheckVideoProcessorFormat: stub, format 100
00:00:00.685489 VMSVGA: DXGI_FORMAT_AYUV: flags 3
00:00:00.685490 D3D11VideoProcessorEnumerator::CheckVideoProcessorFormat: stub, format 10
00:00:00.685491 VMSVGA: DXGI_FORMAT_R16G16B16A16_FLOAT: flags 3
00:00:00.685492 D3D11VideoProcessorEnumerator::CheckVideoProcessorFormat: stub, format 109
00:00:00.685492 VMSVGA: DXGI_FORMAT_Y216: flags 3
00:00:00.685493 D3D11VideoProcessorEnumerator::CheckVideoProcessorFormat: stub, format 88
00:00:00.685494 VMSVGA: DXGI_FORMAT_B8G8R8X8_UNORM: flags 3
00:00:00.685494 D3D11VideoProcessorEnumerator::CheckVideoProcessorFormat: stub, format 87
00:00:00.685495 VMSVGA: DXGI_FORMAT_B8G8R8A8_UNORM: flags 3
00:00:00.685496 D3D11VideoProcessorEnumerator::CheckVideoProcessorFormat: stub, format 28
00:00:00.685500 VMSVGA: DXGI_FORMAT_R8G8B8A8_UNORM: flags 3
00:00:00.685501 D3D11VideoProcessorEnumerator::CheckVideoProcessorFormat: stub, format 24
00:00:00.685501 VMSVGA: DXGI_FORMAT_R10G10B10A2_UNORM: flags 3
00:00:00.685502 D3D11VideoProcessorEnumerator::CheckVideoProcessorFormat: stub, format 89
00:00:00.685503 VMSVGA: DXGI_FORMAT_R10G10B10_XR_BIAS_A2_UNORM: flags 3
00:00:00.685504 D3D11VideoProcessorEnumerator::CheckVideoProcessorFormat: stub, format 29
00:00:00.685504 VMSVGA: DXGI_FORMAT_R8G8B8A8_UNORM_SRGB: flags 3
00:00:00.685505 D3D11VideoProcessorEnumerator::CheckVideoProcessorFormat: stub, format 91
00:00:00.685505 VMSVGA: DXGI_FORMAT_B8G8R8A8_UNORM_SRGB: flags 3
00:00:00.685506 D3D11VideoProcessorEnumerator::CheckVideoProcessorFormat: stub, format 101
00:00:00.685507 VMSVGA: DXGI_FORMAT_Y410: flags 3
00:00:00.685508 D3D11VideoProcessorEnumerator::CheckVideoProcessorFormat: stub, format 102
00:00:00.685508 VMSVGA: DXGI_FORMAT_Y416: flags 3
00:00:00.685509 D3D11VideoProcessorEnumerator::CheckVideoProcessorFormat: stub, format 108
00:00:00.685510 VMSVGA: DXGI_FORMAT_Y210: flags 3
00:00:00.685510 D3D11VideoProcessorEnumerator::CheckVideoProcessorFormat: stub, format 111
00:00:00.685511 VMSVGA: DXGI_FORMAT_AI44: flags 3
00:00:00.685512 D3D11VideoProcessorEnumerator::CheckVideoProcessorFormat: stub, format 112
00:00:00.685512 VMSVGA: DXGI_FORMAT_IA44: flags 3
00:00:00.685513 D3D11VideoProcessorEnumerator::CheckVideoProcessorFormat: stub, format 113
00:00:00.685514 VMSVGA: DXGI_FORMAT_P8: flags 3
00:00:00.685515 D3D11VideoProcessorEnumerator::CheckVideoProcessorFormat: stub, format 114
00:00:00.685515 VMSVGA: DXGI_FORMAT_A8P8: flags 3
00:00:00.685516 D3D11VideoProcessorEnumerator::GetVideoProcessorCaps: semi-stub
00:00:00.685517 VMSVGA: VideoProcessorCaps:
00:00:00.685517 VMSVGA:   DeviceCaps 0
00:00:00.685517 VMSVGA:   FeatureCaps 0
00:00:00.685517 VMSVGA:   FilterCaps 0
00:00:00.685517 VMSVGA:   InputFormatCaps 0
00:00:00.685518 VMSVGA:   AutoStreamCaps 0
00:00:00.685518 VMSVGA:   StereoCaps 0
00:00:00.685518 VMSVGA:   RateConversionCapsCount 1
00:00:00.685518 VMSVGA:   MaxInputStreams 52
00:00:00.685518 VMSVGA:   MaxStreamStates 52
00:00:00.685519 D3D11VideoProcessorEnumerator::GetVideoProcessorRateConversionCaps: semi-stub
00:00:00.685520 VMSVGA: RateConversionCaps[0]:
00:00:00.685520 VMSVGA:   PastFrames 0
00:00:00.685520 VMSVGA:   FutureFrames 0
00:00:00.685520 VMSVGA:   ProcessorCaps 20
00:00:00.685520 VMSVGA:   ITelecineCaps 0
00:00:00.685520 VMSVGA:   CustomRateCount 0
00:00:00.685586 VMSVGA3d: disabling MSAA for R32G32B32
00:00:00.685588 VMSVGA3d: cap[0]=0x00000001 {3D}
00:00:00.685589 VMSVGA3d: cap[1]=0x00000008 {MAX_LIGHTS}
00:00:00.685589 VMSVGA3d: cap[2]=0x00000020 {MAX_TEXTURES}
00:00:00.685590 VMSVGA3d: cap[3]=0x00000006 {MAX_CLIP_PLANES}
00:00:00.685590 VMSVGA3d: cap[4]=0x00000009 {VERTEX_SHADER_VERSION}
00:00:00.685590 VMSVGA3d: cap[5]=0x00000001 {VERTEX_SHADER}
00:00:00.685591 VMSVGA3d: cap[6]=0x0000000f {FRAGMENT_SHADER_VERSION}
00:00:00.685591 VMSVGA3d: cap[7]=0x00000001 {FRAGMENT_SHADER}
00:00:00.685591 VMSVGA3d: cap[8]=0x00000008 {MAX_RENDER_TARGETS}
00:00:00.685591 VMSVGA3d: cap[9]=0x00000000 {S23E8_TEXTURES}
00:00:00.685591 VMSVGA3d: cap[10]=0x00000000 {S10E5_TEXTURES}
00:00:00.685592 VMSVGA3d: cap[11]=0x00000000 {MAX_FIXED_VERTEXBLEND}
00:00:00.685592 VMSVGA3d: cap[12]=0x00000001 {D16_BUFFER_FORMAT}
00:00:00.685592 VMSVGA3d: cap[13]=0x00000001 {D24S8_BUFFER_FORMAT}
00:00:00.685593 VMSVGA3d: cap[14]=0x00000001 {D24X8_BUFFER_FORMAT}
00:00:00.685593 VMSVGA3d: cap[15]=0x00000000 {QUERY_TYPES}
00:00:00.685593 VMSVGA3d: cap[16]=0x00000000 {TEXTURE_GRADIENT_SAMPLING}
00:00:00.685593 VMSVGA3d: cap[17]=256.000000 {MAX_POINT_SIZE}
00:00:00.685594 VMSVGA3d: cap[18]=0x00000000 {MAX_SHADER_TEXTURES}
00:00:00.685594 VMSVGA3d: cap[19]=0x00004000 {MAX_TEXTURE_WIDTH}
00:00:00.685594 VMSVGA3d: cap[20]=0x00004000 {MAX_TEXTURE_HEIGHT}
00:00:00.685595 VMSVGA3d: cap[21]=0x00000800 {MAX_VOLUME_EXTENT}
00:00:00.685595 VMSVGA3d: cap[22]=0x00004000 {MAX_TEXTURE_REPEAT}
00:00:00.685595 VMSVGA3d: cap[23]=0x00000000 {MAX_TEXTURE_ASPECT_RATIO}
00:00:00.685596 VMSVGA3d: cap[24]=0x00000010 {MAX_TEXTURE_ANISOTROPY}
00:00:00.685596 VMSVGA3d: cap[25]=0xffffffff {MAX_PRIMITIVE_COUNT}
00:00:00.685596 VMSVGA3d: cap[26]=0xffffffff {MAX_VERTEX_INDEX}
00:00:00.685596 VMSVGA3d: cap[27]=0xffffffff {MAX_VERTEX_SHADER_INSTRUCTIONS}
00:00:00.685597 VMSVGA3d: cap[28]=0xffffffff {MAX_FRAGMENT_SHADER_INSTRUCTIONS}
00:00:00.685597 VMSVGA3d: cap[29]=0x00001000 {MAX_VERTEX_SHADER_TEMPS}
00:00:00.685597 VMSVGA3d: cap[30]=0x00001000 {MAX_FRAGMENT_SHADER_TEMPS}
00:00:00.685597 VMSVGA3d: cap[31]=0x00000000 {TEXTURE_OPS}
00:00:00.685598 VMSVGA3d: cap[32]=0x00000000 {SURFACEFMT_X8R8G8B8}
00:00:00.685598 VMSVGA3d: cap[33]=0x00000000 {SURFACEFMT_A8R8G8B8}
00:00:00.685598 VMSVGA3d: cap[34]=0x00000000 -{SURFACEFMT_A2R10G10B10}
00:00:00.685598 VMSVGA3d: cap[35]=0x00000000 {SURFACEFMT_X1R5G5B5}
00:00:00.685599 VMSVGA3d: cap[36]=0x00000000 {SURFACEFMT_A1R5G5B5}
00:00:00.685599 VMSVGA3d: cap[37]=0x00000000 -{SURFACEFMT_A4R4G4B4}
00:00:00.685599 VMSVGA3d: cap[38]=0x00000000 {SURFACEFMT_R5G6B5}
00:00:00.685599 VMSVGA3d: cap[39]=0x00000000 -{SURFACEFMT_LUMINANCE16}
00:00:00.685600 VMSVGA3d: cap[40]=0x00000000 -{SURFACEFMT_LUMINANCE8_ALPHA8}
00:00:00.685600 VMSVGA3d: cap[41]=0x00000000 -{SURFACEFMT_ALPHA8}
00:00:00.685600 VMSVGA3d: cap[42]=0x00000000 -{SURFACEFMT_LUMINANCE8}
00:00:00.685600 VMSVGA3d: cap[43]=0x00000000 {SURFACEFMT_Z_D16}
00:00:00.685601 VMSVGA3d: cap[44]=0x00000000 {SURFACEFMT_Z_D24S8}
00:00:00.685601 VMSVGA3d: cap[45]=0x00000000 -{SURFACEFMT_Z_D24X8}
00:00:00.685601 VMSVGA3d: cap[46]=0x00000000 -{SURFACEFMT_DXT1}
00:00:00.685601 VMSVGA3d: cap[47]=0x00000000 -{SURFACEFMT_DXT2}
00:00:00.685601 VMSVGA3d: cap[48]=0x00000000 -{SURFACEFMT_DXT3}
00:00:00.685602 VMSVGA3d: cap[49]=0x00000000 -{SURFACEFMT_DXT4}
00:00:00.685602 VMSVGA3d: cap[50]=0x00000000 -{SURFACEFMT_DXT5}
00:00:00.685602 VMSVGA3d: cap[51]=0x00000000 -{SURFACEFMT_BUMPX8L8V8U8}
00:00:00.685602 VMSVGA3d: cap[52]=0x00000000 -{SURFACEFMT_A2W10V10U10}
00:00:00.685603 VMSVGA3d: cap[53]=0x00000000 -{SURFACEFMT_BUMPU8V8}
00:00:00.685603 VMSVGA3d: cap[54]=0x00000000 -{SURFACEFMT_Q8W8V8U8}
00:00:00.685603 VMSVGA3d: cap[55]=0x00000000 -{SURFACEFMT_CxV8U8}
00:00:00.685603 VMSVGA3d: cap[56]=0x00000000 -{SURFACEFMT_R_S10E5}
00:00:00.685604 VMSVGA3d: cap[57]=0x00000000 -{SURFACEFMT_R_S23E8}
00:00:00.685604 VMSVGA3d: cap[58]=0x00000000 -{SURFACEFMT_RG_S10E5}
00:00:00.685604 VMSVGA3d: cap[59]=0x00000000 -{SURFACEFMT_RG_S23E8}
00:00:00.685604 VMSVGA3d: cap[60]=0x00000000 -{SURFACEFMT_ARGB_S10E5}
00:00:00.685604 VMSVGA3d: cap[61]=0x00000000 -{SURFACEFMT_ARGB_S23E8}
00:00:00.685605 VMSVGA3d: cap[62]=0x00000000 {MISSING62}
00:00:00.685605 VMSVGA3d: cap[63]=0x00000000 {MAX_VERTEX_SHADER_TEXTURES}
00:00:00.685605 VMSVGA3d: cap[64]=0x00000008 {MAX_SIMULTANEOUS_RENDER_TARGETS}
00:00:00.685606 VMSVGA3d: cap[65]=0x00000000 -{SURFACEFMT_V16U16}
00:00:00.685606 VMSVGA3d: cap[66]=0x00000000 -{SURFACEFMT_G16R16}
00:00:00.685606 VMSVGA3d: cap[67]=0x00000000 -{SURFACEFMT_A16B16G16R16}
00:00:00.685606 VMSVGA3d: cap[68]=0x00000000 -{SURFACEFMT_UYVY}
00:00:00.685606 VMSVGA3d: cap[69]=0x00000000 {SURFACEFMT_YUY2}
00:00:00.685607 VMSVGA3d: cap[70]=0x0000008a {DEAD4}
00:00:00.685607 VMSVGA3d: cap[71]=0x0000008a {DEAD5}
00:00:00.685607 VMSVGA3d: cap[72]=0x00000000 {DEAD7}
00:00:00.685607 VMSVGA3d: cap[73]=0x00000000 {DEAD6}
00:00:00.685608 VMSVGA3d: cap[74]=0x00000001 {AUTOGENMIPMAPS}
00:00:00.685608 VMSVGA3d: cap[75]=0x00000000 {SURFACEFMT_NV12}
00:00:00.685608 VMSVGA3d: cap[76]=0x00000000 -{DEAD10}
00:00:00.685608 VMSVGA3d: cap[77]=0x00000100 {MAX_CONTEXT_IDS}
00:00:00.685609 VMSVGA3d: cap[78]=0x00008000 {MAX_SURFACE_IDS}
00:00:00.685609 VMSVGA3d: cap[79]=0x00000000 -{SURFACEFMT_Z_DF16}
00:00:00.685609 VMSVGA3d: cap[80]=0x00000000 -{SURFACEFMT_Z_DF24}
00:00:00.685609 VMSVGA3d: cap[81]=0x00000000 {SURFACEFMT_Z_D24S8_INT}
00:00:00.685610 VMSVGA3d: cap[82]=0x00000000 -{SURFACEFMT_ATI1}
00:00:00.685610 VMSVGA3d: cap[83]=0x00000000 -{SURFACEFMT_ATI2}
00:00:00.685610 VMSVGA3d: cap[84]=0x00000000 {DEAD1}
00:00:00.685610 VMSVGA3d: cap[85]=0x00000000 {DEAD8}
00:00:00.685610 VMSVGA3d: cap[86]=0x00000000 {DEAD9}
00:00:00.685611 VMSVGA3d: cap[87]=0x00000001 {LINE_AA}
00:00:00.685611 VMSVGA3d: cap[88]=0x00000000 {LINE_STIPPLE}
00:00:00.685611 VMSVGA3d: cap[89]=1.000000 {MAX_LINE_WIDTH}
00:00:00.685611 VMSVGA3d: cap[90]=1.000000 {MAX_AA_LINE_WIDTH}
00:00:00.685612 VMSVGA3d: cap[91]=0x00000000 -{SURFACEFMT_YV12}
00:00:00.685612 VMSVGA3d: cap[92]=0x00000000 {DEAD3}
00:00:00.685612 VMSVGA3d: cap[93]=0x00000000 {TS_COLOR_KEY}
00:00:00.685612 VMSVGA3d: cap[94]=0x00000000 {DEAD2}
00:00:00.685613 VMSVGA3d: cap[95]=0x00000001 {DXCONTEXT}
00:00:00.685613 VMSVGA3d: cap[96]=0x00000800 {DEAD11}
00:00:00.685613 VMSVGA3d: cap[97]=0x00000020 {DX_MAX_VERTEXBUFFERS}
00:00:00.685613 VMSVGA3d: cap[98]=0x0000000f {DX_MAX_CONSTANT_BUFFERS}
00:00:00.685614 VMSVGA3d: cap[99]=0x00000000 {DX_PROVOKING_VERTEX}
00:00:00.685614 VMSVGA3d: cap[100]=0x000003f7 {DXFMT_X8R8G8B8}
00:00:00.685614 VMSVGA3d: cap[101]=0x000003f7 {DXFMT_A8R8G8B8}
00:00:00.685614 VMSVGA3d: cap[102]=0x000002f7 {DXFMT_R5G6B5}
00:00:00.685615 VMSVGA3d: cap[103]=0x000002f7 {DXFMT_X1R5G5B5}
00:00:00.685615 VMSVGA3d: cap[104]=0x000002f7 {DXFMT_A1R5G5B5}
00:00:00.685615 VMSVGA3d: cap[105]=0x00000000 -{DXFMT_A4R4G4B4}
00:00:00.685615 VMSVGA3d: cap[106]=0x00000000 -{DXFMT_Z_D32}
00:00:00.685616 VMSVGA3d: cap[107]=0x000002eb {DXFMT_Z_D16}
00:00:00.685616 VMSVGA3d: cap[108]=0x000002eb {DXFMT_Z_D24S8}
00:00:00.685616 VMSVGA3d: cap[109]=0x00000000 -{DXFMT_Z_D15S1}
00:00:00.685616 VMSVGA3d: cap[110]=0x00000000 -{DXFMT_LUMINANCE8}
00:00:00.685617 VMSVGA3d: cap[111]=0x00000000 -{DXFMT_LUMINANCE4_ALPHA4}
00:00:00.685617 VMSVGA3d: cap[112]=0x00000000 -{DXFMT_LUMINANCE16}
00:00:00.685617 VMSVGA3d: cap[113]=0x00000000 -{DXFMT_LUMINANCE8_ALPHA8}
00:00:00.685617 VMSVGA3d: cap[114]=0x00000000 -{DXFMT_DXT1}
00:00:00.685617 VMSVGA3d: cap[115]=0x00000000 -{DXFMT_DXT2}
00:00:00.685618 VMSVGA3d: cap[116]=0x00000000 -{DXFMT_DXT3}
00:00:00.685618 VMSVGA3d: cap[117]=0x00000000 -{DXFMT_DXT4}
00:00:00.685618 VMSVGA3d: cap[118]=0x00000000 -{DXFMT_DXT5}
00:00:00.685618 VMSVGA3d: cap[119]=0x00000000 -{DXFMT_BUMPU8V8}
00:00:00.685619 VMSVGA3d: cap[120]=0x00000000 -{DXFMT_BUMPL6V5U5}
00:00:00.685619 VMSVGA3d: cap[121]=0x00000000 -{DXFMT_BUMPX8L8V8U8}
00:00:00.685619 VMSVGA3d: cap[122]=0x00000000 -{DXFMT_FORMAT_DEAD1}
00:00:00.685619 VMSVGA3d: cap[123]=0x00000000 -{DXFMT_ARGB_S10E5}
00:00:00.685620 VMSVGA3d: cap[124]=0x00000000 -{DXFMT_ARGB_S23E8}
00:00:00.685620 VMSVGA3d: cap[125]=0x00000000 -{DXFMT_A2R10G10B10}
00:00:00.685620 VMSVGA3d: cap[126]=0x00000000 -{DXFMT_V8U8}
00:00:00.685620 VMSVGA3d: cap[127]=0x00000000 -{DXFMT_Q8W8V8U8}
00:00:00.685620 VMSVGA3d: cap[128]=0x00000000 -{DXFMT_CxV8U8}
00:00:00.685621 VMSVGA3d: cap[129]=0x00000000 -{DXFMT_X8L8V8U8}
00:00:00.685621 VMSVGA3d: cap[130]=0x00000000 -{DXFMT_A2W10V10U10}
00:00:00.685621 VMSVGA3d: cap[131]=0x00000000 -{DXFMT_ALPHA8}
00:00:00.685621 VMSVGA3d: cap[132]=0x00000000 -{DXFMT_R_S10E5}
00:00:00.685622 VMSVGA3d: cap[133]=0x00000000 -{DXFMT_R_S23E8}
00:00:00.685622 VMSVGA3d: cap[134]=0x00000000 -{DXFMT_RG_S10E5}
00:00:00.685622 VMSVGA3d: cap[135]=0x00000000 -{DXFMT_RG_S23E8}
00:00:00.685623 VMSVGA3d: cap[136]=0x00000000 -{DXFMT_BUFFER}
00:00:00.685623 VMSVGA3d: cap[137]=0x00000000 -{DXFMT_Z_D24X8}
00:00:00.685623 VMSVGA3d: cap[138]=0x00000000 -{DXFMT_V16U16}
00:00:00.685623 VMSVGA3d: cap[139]=0x00000000 -{DXFMT_G16R16}
00:00:00.685623 VMSVGA3d: cap[140]=0x00000000 -{DXFMT_A16B16G16R16}
00:00:00.685624 VMSVGA3d: cap[141]=0x00000000 -{DXFMT_UYVY}
00:00:00.685624 VMSVGA3d: cap[142]=0x000000e3 {DXFMT_YUY2}
00:00:00.685624 VMSVGA3d: cap[143]=0x000000f7 {DXFMT_NV12}
00:00:00.685624 VMSVGA3d: cap[144]=0x00000000 -{DXFMT_FORMAT_DEAD2}
00:00:00.685625 VMSVGA3d: cap[145]=0x000003e7 {DXFMT_R32G32B32A32_TYPELESS}
00:00:00.685625 VMSVGA3d: cap[146]=0x000003e7 {DXFMT_R32G32B32A32_UINT}
00:00:00.685625 VMSVGA3d: cap[147]=0x000003e7 {DXFMT_R32G32B32A32_SINT}
00:00:00.685625 VMSVGA3d: cap[148]=0x000001e3 {DXFMT_R32G32B32_TYPELESS}
00:00:00.685626 VMSVGA3d: cap[149]=0x000001f7 {DXFMT_R32G32B32_FLOAT}
00:00:00.685626 VMSVGA3d: cap[150]=0x000001e3 {DXFMT_R32G32B32_UINT}
00:00:00.685626 VMSVGA3d: cap[151]=0x000001e3 {DXFMT_R32G32B32_SINT}
00:00:00.685626 VMSVGA3d: cap[152]=0x000003f7 {DXFMT_R16G16B16A16_TYPELESS}
00:00:00.685627 VMSVGA3d: cap[153]=0x000003e7 {DXFMT_R16G16B16A16_UINT}
00:00:00.685627 VMSVGA3d: cap[154]=0x000003f7 {DXFMT_R16G16B16A16_SNORM}
00:00:00.685627 VMSVGA3d: cap[155]=0x000003e7 {DXFMT_R16G16B16A16_SINT}
00:00:00.685627 VMSVGA3d: cap[156]=0x000003e7 {DXFMT_R32G32_TYPELESS}
00:00:00.685628 VMSVGA3d: cap[157]=0x000003e7 {DXFMT_R32G32_UINT}
00:00:00.685628 VMSVGA3d: cap[158]=0x000003e7 {DXFMT_R32G32_SINT}
00:00:00.685628 VMSVGA3d: cap[159]=0x000002eb {DXFMT_R32G8X24_TYPELESS}
00:00:00.685628 VMSVGA3d: cap[160]=0x000002eb {DXFMT_D32_FLOAT_S8X24_UINT}
00:00:00.685628 VMSVGA3d: cap[161]=0x000000eb {DXFMT_R32_FLOAT_X8X24}
00:00:00.685629 VMSVGA3d: cap[162]=0x000000eb {DXFMT_X32_G8X24_UINT}
00:00:00.685629 VMSVGA3d: cap[163]=0x000003f7 {DXFMT_R10G10B10A2_TYPELESS}
00:00:00.685629 VMSVGA3d: cap[164]=0x000003e7 {DXFMT_R10G10B10A2_UINT}
00:00:00.685629 VMSVGA3d: cap[165]=0x000003f7 {DXFMT_R11G11B10_FLOAT}
00:00:00.685630 VMSVGA3d: cap[166]=0x000003f7 {DXFMT_R8G8B8A8_TYPELESS}
00:00:00.685630 VMSVGA3d: cap[167]=0x000003f7 {DXFMT_R8G8B8A8_UNORM}
00:00:00.685630 VMSVGA3d: cap[168]=0x000002f7 {DXFMT_R8G8B8A8_UNORM_SRGB}
00:00:00.685630 VMSVGA3d: cap[169]=0x000003e7 {DXFMT_R8G8B8A8_UINT}
00:00:00.685631 VMSVGA3d: cap[170]=0x000003e7 {DXFMT_R8G8B8A8_SINT}
00:00:00.685631 VMSVGA3d: cap[171]=0x000003f7 {DXFMT_R16G16_TYPELESS}
00:00:00.685631 VMSVGA3d: cap[172]=0x000003e7 {DXFMT_R16G16_UINT}
00:00:00.685631 VMSVGA3d: cap[173]=0x000003e7 {DXFMT_R16G16_SINT}
00:00:00.685631 VMSVGA3d: cap[174]=0x000003e7 {DXFMT_R32_TYPELESS}
00:00:00.685632 VMSVGA3d: cap[175]=0x000002eb {DXFMT_D32_FLOAT}
00:00:00.685632 VMSVGA3d: cap[176]=0x000003e7 {DXFMT_R32_UINT}
00:00:00.685632 VMSVGA3d: cap[177]=0x000003e7 {DXFMT_R32_SINT}
00:00:00.685632 VMSVGA3d: cap[178]=0x000002eb {DXFMT_R24G8_TYPELESS}
00:00:00.685633 VMSVGA3d: cap[179]=0x000002eb {DXFMT_D24_UNORM_S8_UINT}
00:00:00.685633 VMSVGA3d: cap[180]=0x000000eb {DXFMT_R24_UNORM_X8}
00:00:00.685633 VMSVGA3d: cap[181]=0x000000eb {DXFMT_X24_G8_UINT}
00:00:00.685633 VMSVGA3d: cap[182]=0x000003f7 {DXFMT_R8G8_TYPELESS}
00:00:00.685634 VMSVGA3d: cap[183]=0x000003f7 {DXFMT_R8G8_UNORM}
00:00:00.685634 VMSVGA3d: cap[184]=0x000003e7 {DXFMT_R8G8_UINT}
00:00:00.685634 VMSVGA3d: cap[185]=0x000003e7 {DXFMT_R8G8_SINT}
00:00:00.685634 VMSVGA3d: cap[186]=0x000003f7 {DXFMT_R16_TYPELESS}
00:00:00.685635 VMSVGA3d: cap[187]=0x000003f7 {DXFMT_R16_UNORM}
00:00:00.685635 VMSVGA3d: cap[188]=0x000003e7 {DXFMT_R16_UINT}
00:00:00.685635 VMSVGA3d: cap[189]=0x000003f7 {DXFMT_R16_SNORM}
00:00:00.685635 VMSVGA3d: cap[190]=0x000003e7 {DXFMT_R16_SINT}
00:00:00.685635 VMSVGA3d: cap[191]=0x000003f7 {DXFMT_R8_TYPELESS}
00:00:00.685636 VMSVGA3d: cap[192]=0x000003f7 {DXFMT_R8_UNORM}
00:00:00.685636 VMSVGA3d: cap[193]=0x000003e7 {DXFMT_R8_UINT}
00:00:00.685636 VMSVGA3d: cap[194]=0x000003f7 {DXFMT_R8_SNORM}
00:00:00.685636 VMSVGA3d: cap[195]=0x000003e7 {DXFMT_R8_SINT}
00:00:00.685637 VMSVGA3d: cap[196]=0x00000000 -{DXFMT_P8}
00:00:00.685637 VMSVGA3d: cap[197]=0x000000e3 {DXFMT_R9G9B9E5_SHAREDEXP}
00:00:00.685637 VMSVGA3d: cap[198]=0x000000e3 {DXFMT_R8G8_B8G8_UNORM}
00:00:00.685637 VMSVGA3d: cap[199]=0x000000e3 {DXFMT_G8R8_G8B8_UNORM}
00:00:00.685638 VMSVGA3d: cap[200]=0x000000e3 {DXFMT_BC1_TYPELESS}
00:00:00.685638 VMSVGA3d: cap[201]=0x000000e3 {DXFMT_BC1_UNORM_SRGB}
00:00:00.685638 VMSVGA3d: cap[202]=0x000000e3 {DXFMT_BC2_TYPELESS}
00:00:00.685638 VMSVGA3d: cap[203]=0x000000e3 {DXFMT_BC2_UNORM_SRGB}
00:00:00.685638 VMSVGA3d: cap[204]=0x000000e3 {DXFMT_BC3_TYPELESS}
00:00:00.685639 VMSVGA3d: cap[205]=0x000000e3 {DXFMT_BC3_UNORM_SRGB}
00:00:00.685639 VMSVGA3d: cap[206]=0x000000e3 {DXFMT_BC4_TYPELESS}
00:00:00.685639 VMSVGA3d: cap[207]=0x00000000 -{DXFMT_ATI1}
00:00:00.685639 VMSVGA3d: cap[208]=0x000000e3 {DXFMT_BC4_SNORM}
00:00:00.685640 VMSVGA3d: cap[209]=0x000000e3 {DXFMT_BC5_TYPELESS}
00:00:00.685640 VMSVGA3d: cap[210]=0x00000000 -{DXFMT_ATI2}
00:00:00.685640 VMSVGA3d: cap[211]=0x000000e3 {DXFMT_BC5_SNORM}
00:00:00.685640 VMSVGA3d: cap[212]=0x00000000 -{DXFMT_R10G10B10_XR_BIAS_A2_UNORM}
00:00:00.685641 VMSVGA3d: cap[213]=0x000003f7 {DXFMT_B8G8R8A8_TYPELESS}
00:00:00.685641 VMSVGA3d: cap[214]=0x000002f7 {DXFMT_B8G8R8A8_UNORM_SRGB}
00:00:00.685641 VMSVGA3d: cap[215]=0x000003f7 {DXFMT_B8G8R8X8_TYPELESS}
00:00:00.685641 VMSVGA3d: cap[216]=0x000002f7 {DXFMT_B8G8R8X8_UNORM_SRGB}
00:00:00.685642 VMSVGA3d: cap[217]=0x00000000 -{DXFMT_Z_DF16}
00:00:00.685642 VMSVGA3d: cap[218]=0x00000000 -{DXFMT_Z_DF24}
00:00:00.685642 VMSVGA3d: cap[219]=0x000002eb {DXFMT_Z_D24S8_INT}
00:00:00.685642 VMSVGA3d: cap[220]=0x00000000 -{DXFMT_YV12}
00:00:00.685642 VMSVGA3d: cap[221]=0x000003f7 {DXFMT_R32G32B32A32_FLOAT}
00:00:00.685643 VMSVGA3d: cap[222]=0x000003f7 {DXFMT_R16G16B16A16_FLOAT}
00:00:00.685643 VMSVGA3d: cap[223]=0x000003f7 {DXFMT_R16G16B16A16_UNORM}
00:00:00.685643 VMSVGA3d: cap[224]=0x000003f7 {DXFMT_R32G32_FLOAT}
00:00:00.685643 VMSVGA3d: cap[225]=0x000003f7 {DXFMT_R10G10B10A2_UNORM}
00:00:00.685644 VMSVGA3d: cap[226]=0x000003f7 {DXFMT_R8G8B8A8_SNORM}
00:00:00.685644 VMSVGA3d: cap[227]=0x000003f7 {DXFMT_R16G16_FLOAT}
00:00:00.685644 VMSVGA3d: cap[228]=0x000003f7 {DXFMT_R16G16_UNORM}
00:00:00.685644 VMSVGA3d: cap[229]=0x000003f7 {DXFMT_R16G16_SNORM}
00:00:00.685644 VMSVGA3d: cap[230]=0x000003f7 {DXFMT_R32_FLOAT}
00:00:00.685645 VMSVGA3d: cap[231]=0x000003f7 {DXFMT_R8G8_SNORM}
00:00:00.685645 VMSVGA3d: cap[232]=0x000003f7 {DXFMT_R16_FLOAT}
00:00:00.685645 VMSVGA3d: cap[233]=0x000002eb {DXFMT_D16_UNORM}
00:00:00.685645 VMSVGA3d: cap[234]=0x000002f7 {DXFMT_A8_UNORM}
00:00:00.685645 VMSVGA3d: cap[235]=0x000000e3 {DXFMT_BC1_UNORM}
00:00:00.685646 VMSVGA3d: cap[236]=0x000000e3 {DXFMT_BC2_UNORM}
00:00:00.685646 VMSVGA3d: cap[237]=0x000000e3 {DXFMT_BC3_UNORM}
00:00:00.685646 VMSVGA3d: cap[238]=0x000002f7 {DXFMT_B5G6R5_UNORM}
00:00:00.685646 VMSVGA3d: cap[239]=0x000002f7 {DXFMT_B5G5R5A1_UNORM}
00:00:00.685647 VMSVGA3d: cap[240]=0x000003f7 {DXFMT_B8G8R8A8_UNORM}
00:00:00.685647 VMSVGA3d: cap[241]=0x000003f7 {DXFMT_B8G8R8X8_UNORM}
00:00:00.685647 VMSVGA3d: cap[242]=0x000000e3 {DXFMT_BC4_UNORM}
00:00:00.685647 VMSVGA3d: cap[243]=0x000000e3 {DXFMT_BC5_UNORM}
00:00:00.685647 VMSVGA3d: cap[244]=0x00000001 {SM41}
00:00:00.685648 VMSVGA3d: cap[245]=0x00000001 {MULTISAMPLE_2X}
00:00:00.685648 VMSVGA3d: cap[246]=0x00000001 {MULTISAMPLE_4X}
00:00:00.685648 VMSVGA3d: cap[247]=0x00000000 {MS_FULL_QUALITY}
00:00:00.685648 VMSVGA3d: cap[248]=0x00000000 {LOGICOPS}
00:00:00.685649 VMSVGA3d: cap[249]=0x00000000 {LOGIC_BLENDOPS}
00:00:00.685649 VMSVGA3d: cap[250]=0x00000000 {RESERVED_1}
00:00:00.685649 VMSVGA3d: cap[251]=0x000000e3 {DXFMT_BC6H_TYPELESS}
00:00:00.685649 VMSVGA3d: cap[252]=0x000000e3 {DXFMT_BC6H_UF16}
00:00:00.685649 VMSVGA3d: cap[253]=0x000000e3 {DXFMT_BC6H_SF16}
00:00:00.685650 VMSVGA3d: cap[254]=0x000000e3 {DXFMT_BC7_TYPELESS}
00:00:00.685650 VMSVGA3d: cap[255]=0x000000e3 {DXFMT_BC7_UNORM}
00:00:00.685650 VMSVGA3d: cap[256]=0x000000e3 {DXFMT_BC7_UNORM_SRGB}
00:00:00.685650 VMSVGA3d: cap[257]=0x00000000 {RESERVED_2}
00:00:00.685651 VMSVGA3d: cap[258]=0x00000001 {SM5}
00:00:00.685651 VMSVGA3d: cap[259]=0x00000001 {MULTISAMPLE_8X}
00:00:00.685657 AIOMgr: Endpoints without assigned bandwidth groups:
00:00:00.685662 AIOMgr:     /home/max/Development/rocknix/target/ROCKNIX-TARGET-DISK.vdi
00:00:00.685663 AIOMgr:     /home/max/Development/rocknix/target/ROCKNIX-INSTALLER.vdi
00:00:00.685734 Changing the VM state from 'POWERING_ON' to 'RUNNING'
00:00:00.685741 Console: Machine state changed to 'Running'
00:00:00.686668 VMMDev: Guest Log: BIOS: VirtualBox 7.2.0
00:00:00.686820 PCI: Setting up resources and interrupts
00:00:00.687695 PIT: mode=2 count=0x10000 (65536) - 18.20 Hz (ch=0)
00:00:00.694374 VMMDev: Guest Log: CPUID EDX: 0x178bfbff
00:00:00.694623 VMMDev: Guest Log: BIOS: No PCI IDE controller, not probing IDE
00:00:00.694741 AHCI#0: Reset the HBA
00:00:00.694743 VD#0: Cancelling all active requests
00:00:00.694745 VD#1: Cancelling all active requests
00:00:00.694769 AHCI#0: Port 0 reset
00:00:00.694784 VD#0: Cancelling all active requests
00:00:00.695065 VMMDev: Guest Log: BIOS: AHCI 0-P#0: PCHS=8397/16/63 LCHS=526/255/63 0x0000000000812800 sectors
00:00:00.695087 AHCI#0: Port 1 reset
00:00:00.695098 VD#1: Cancelling all active requests
00:00:00.695441 VMMDev: Guest Log: BIOS: AHCI 1-P#1: PCHS=16383/16/63 LCHS=1024/255/63 0x0000000004000000 sectors
00:00:00.695559 GUI: UIMachineViewNormal::resendSizeHint: Restoring guest size-hint for screen 0 to 800x600
00:00:00.696717 GUI: UIMachineLogicNormal::sltCheckForRequestedVisualStateType: Requested-state=1, Machine-state=6
00:00:00.696990 PIT: mode=2 count=0x48d3 (18643) - 64.00 Hz (ch=0)
00:00:00.710000 Display::i_handleDisplayResize: uScreenId=0 pvVRAM=00007563cc000000 w=640 h=480 bpp=32 cbLine=0xA00 flags=0x0 origin=0,0
00:00:00.820284 GUI: UIMediumEnumerator: Medium-enumeration finished!
00:00:03.182753 PIT: mode=2 count=0x10000 (65536) - 18.20 Hz (ch=0)
00:00:03.183075 VMMDev: Guest Log: BIOS: Boot : bseqnr=1, bootseq=0002
00:00:03.191413 VMMDev: Guest Log: BIOS: Booting from Hard Disk...
00:00:03.197135 Display::i_handleDisplayResize: uScreenId=0 pvVRAM=0000000000000000 w=720 h=400 bpp=0 cbLine=0x0 flags=0x0 origin=0,0
00:00:03.506058 GUI: UIMediumEnumerator: Medium-enumeration finished!
00:00:06.678769 VMMDev: Guest Log: BIOS: KBD: unsupported int 16h function 03
00:00:06.678906 VMMDev: Guest Log: BIOS: AX=0305 BX=0000 CX=0000 DX=0000 
00:00:08.766136 GIM: KVM: VCPU  0: Enabled system-time struct. at 0x000000015015d000 - u32TscScale=0xc4141420 i8TscShift=-1 uVersion=2 fFlags=0x1 uTsc=0x4e993aa20 uVirtNanoTS=0x1e19bd851 TscKHz=2611198
00:00:08.766268 TM: Switching TSC mode from 'VirtTSCEmulated' to 'RealTSCOffset'
00:00:08.849584 GIM: KVM: Enabled wall-clock struct. at 0x000000015015c008 - u32Sec=1761169274 u32Nano=789257224 uVersion=2
00:00:08.875047 PIT: mode=2 count=0xf89 (3977) - 300.02 Hz (ch=0)
00:00:08.875357 APIC0: Switched mode to x2APIC
00:00:09.012146 PIT: mode=0 count=0x10000 (65536) - 18.20 Hz (ch=0)
00:00:09.016070 APIC1: Switched mode to x2APIC
00:00:09.016340 GIM: KVM: VCPU  1: Enabled system-time struct. at 0x000000015015d040 - u32TscScale=0xc4141420 i8TscShift=-1 uVersion=2 fFlags=0x1 uTsc=0x510869f59 uVirtNanoTS=0x1f0866137 TscKHz=2611198
00:00:09.016240 APIC2: Switched mode to x2APIC
00:00:09.016301 APIC3: Switched mode to x2APIC
00:00:09.018616 GIM: KVM: VCPU  2: Enabled system-time struct. at 0x000000015015d080 - u32TscScale=0xc4141420 i8TscShift=-1 uVersion=2 fFlags=0x1 uTsc=0x510e15ec1 uVirtNanoTS=0x1f0a9220b TscKHz=2611198
00:00:09.020849 GIM: KVM: VCPU  3: Enabled system-time struct. at 0x000000015015d0c0 - u32TscScale=0xc4141420 i8TscShift=-1 uVersion=2 fFlags=0x1 uTsc=0x5113a5501 uVirtNanoTS=0x1f0cb33cd TscKHz=2611198
00:00:09.193987 Enabling different vbva mode
00:00:09.198542 Display::i_handleDisplayResize: uScreenId=0 pvVRAM=000075638c216ca0 w=1280 h=800 bpp=32 cbLine=0x1400 flags=0x1 origin=0,0
00:00:09.205323 AHCI#0: Reset the HBA
00:00:09.205333 VD#0: Cancelling all active requests
00:00:09.205335 VD#1: Cancelling all active requests
00:00:09.206864 AHCI#0: Port 0 reset
00:00:09.208101 VD#0: Cancelling all active requests
00:00:09.523930 GUI: UIMediumEnumerator: Medium-enumeration finished!
00:00:09.610502 AHCI#0: Port 1 reset
00:00:09.612309 VD#1: Cancelling all active requests
00:00:10.010612 IEM: rdmsr(0xc0011029) -> #GP(0)
00:00:11.982924 NAT: Link up
00:00:45.677205 ACPI: Entering S5 power state (power down)
00:00:45.677307 Changing the VM state from 'RUNNING' to 'POWERING_OFF'
00:00:45.677319 ****************** Guest state at power off for VCpu 3 ******************
00:00:45.677324 Guest CPUM (VCPU 3) state: 
00:00:45.677326 rax=0000000000000000 rbx=ffffa28557d95020 rcx=000000000000080f rdx=0000000000000000
00:00:45.677328 rsi=00000000000000ff rdi=000000000000000f r8 =0000000000000000 r9 =0000000000000000
00:00:45.677328 r10=0000000000000000 r11=ffffbda80016cff8 r12=0000000000000003 r13=0000000000000000
00:00:45.677329 r14=0000000000000000 r15=0000000000000000
00:00:45.677329 rip=ffffffff810404e3 rsp=ffffbda80016cfc8 rbp=ffffbda80016cfd8 iopl=0  iopl=0 nv up di pl zr na po nc
00:00:45.677330 cs={0010 base=0000000000000000 limit=ffffffff flags=0000a09b}
00:00:45.677330 ds={0000 base=0000000000000000 limit=ffffffff flags=0001c000}
00:00:45.677331 es={0000 base=0000000000000000 limit=ffffffff flags=0001c000}
00:00:45.677331 fs={0000 base=0000000000000000 limit=ffffffff flags=0001c000}
00:00:45.677331 gs={0000 base=ffffa28557d80000 limit=ffffffff flags=0001c000}
00:00:45.677331 ss={0018 base=0000000000000000 limit=ffffffff flags=0000c093}
00:00:45.677332 cr0=0000000080050033 cr2=00007f4244ab3138 cr3=00000001130bc002 cr4=00000000000706b0
00:00:45.677332 dr0=0000000000000000 dr1=0000000000000000 dr2=0000000000000000 dr3=0000000000000000
00:00:45.677333 dr4=0000000000000000 dr5=0000000000000000 dr6=00000000ffff0ff0 dr7=0000000000000400
00:00:45.677333 gdtr=fffffe3805f0e000:007f  idtr=fffffe0000000000:0fff  eflags=00000046
00:00:45.677334 ldtr={0000 base=00000000 limit=ffffffff flags=0001c000}
00:00:45.677334 tr  ={0040 base=fffffe3805f10000 limit=00004087 flags=0000008b}
00:00:45.677335 SysEnter={cs=0000 eip=0000000000000000 esp=0000000000000000}
00:00:45.677335 xcr=0000000000000007 xcr1=0000000000000000 xss=0000000000000000 (fXStateMask=0000000000000007)
00:00:45.677336 FCW=037f FSW=0000 FTW=0000 FOP=0000 MXCSR=00001f80 MXCSR_MASK=0000ffff
00:00:45.677336 FPUIP=00000000 CS=0000 Rsrvd1=0000  FPUDP=00000000 DS=0000 Rsvrd2=0000
00:00:45.677337 ST(0)=FPR0={0000'00000000'00000000} t0 +0.0000000000000000000000 * 2 ^ -16383 (*)
00:00:45.677338 ST(1)=FPR1={0000'00000000'00000000} t0 +0.0000000000000000000000 * 2 ^ -16383 (*)
00:00:45.677339 ST(2)=FPR2={0000'00000000'00000000} t0 +0.0000000000000000000000 * 2 ^ -16383 (*)
00:00:45.677339 ST(3)=FPR3={0000'00000000'00000000} t0 +0.0000000000000000000000 * 2 ^ -16383 (*)
00:00:45.677340 ST(4)=FPR4={0000'00000000'00000000} t0 +0.0000000000000000000000 * 2 ^ -16383 (*)
00:00:45.677340 ST(5)=FPR5={0000'00000000'00000000} t0 +0.0000000000000000000000 * 2 ^ -16383 (*)
00:00:45.677341 ST(6)=FPR6={0000'00000000'00000000} t0 +0.0000000000000000000000 * 2 ^ -16383 (*)
00:00:45.677342 ST(7)=FPR7={0000'00000000'00000000} t0 +0.0000000000000000000000 * 2 ^ -16383 (*)
00:00:45.677342 YMM0 =00000000'00000000'00000000'00000000'00000000'00000000'00000000'00000011
00:00:45.677343 YMM1 =00000000'00000000'00000000'00000000'00000000'00000000'00000000'00000001
00:00:45.677344 YMM2 =00000000'00000000'00000000'00000000'd6ff3e6e'f1f61a4e'00000000'00009ac0
00:00:45.677344 YMM3 =00000000'00000000'00000000'00000000'd4dc6929'e57a35eb'00000000'00009c08
00:00:45.677345 YMM4 =00000000'00000000'00000000'00000000'b7eda5e4'566e4f09'00000000'0004ea00
00:00:45.677346 YMM5 =00000000'00000000'00000000'00000000'a6bb239b'30fafb26'00000000'00009b70
00:00:45.677346 YMM6 =00000000'00000000'00000000'00000000'5507364a'236c702c'00000000'00009a18
00:00:45.677347 YMM7 =00000000'00000000'00000000'00000000'd7344344'3313bbda'00000000'000097c0
00:00:45.677348 YMM8 =00000000'00000000'00000000'00000000'fe6640f8'5e9202f4'00000000'00041098
00:00:45.677348 YMM9 =00000000'00000000'00000000'00000000'24110022'6b070707'07070705'07560750
00:00:45.677349 YMM10=00000000'00000000'00000000'00000000'51515151'51685b0c'13311100'226b5151
00:00:45.677350 YMM11=00000000'00000000'00000000'00000000'99999999'99999999'99999999'99999999
00:00:45.677350 YMM12=00000000'00000000'00000000'00000000'20202020'20202020'20202020'20202020
00:00:45.677351 YMM13=00000000'00000000'00000000'00000000'00000000'00000000'00000000'00000000
00:00:45.677352 YMM14=00000000'00000000'00000000'00000000'00000000'00000000'00000000'00000000
00:00:45.677352 YMM15=00000000'00000000'00000000'00000000'00000000'00000000'00000000'00000000
00:00:45.677353 EFER         =0000000000000d01
00:00:45.677353 PAT          =0407050600070106
00:00:45.677354 STAR         =0023001000000000
00:00:45.677354 CSTAR        =0000000000000000
00:00:45.677354 LSTAR        =ffffffff82e00080
00:00:45.677354 SFMASK       =0000000000257fd5
00:00:45.677355 KERNELGSBASE =0000000000000000
00:00:45.677355 MTRR_CAP          =0000000000000510
00:00:45.677355 MTRR_DEF_TYPE     =0000000000000c00
00:00:45.677355 MTRR_FIX64K_00000 =0606060606060606
00:00:45.677355 MTRR_FIX16K_80000 =0606060606060606
00:00:45.677356 MTRR_FIX16K_A0000 =0000000000000000
00:00:45.677356 MTRR_FIX4K_C0000  =0505050505050505
00:00:45.677356 MTRR_FIX4K_C8000  =0505050505050505
00:00:45.677356 MTRR_FIX4K_D0000  =0505050505050505
00:00:45.677356 MTRR_FIX4K_D8000  =0505050505050505
00:00:45.677357 MTRR_FIX4K_E0000  =0505050505050505
00:00:45.677357 MTRR_FIX4K_E8000  =0505050505050505
00:00:45.677357 MTRR_FIX4K_F0000  =0505050505050505
00:00:45.677357 MTRR_FIX4K_F8000  =0505050505050505
00:00:45.677358 MTRR_PHYSBASE[ 0] =0000000000000006 First=0000000000000000      0 MB [WB]
00:00:45.677358 MTRR_PHYSMASK[ 0] =0000007f00000800 Last =00000000ffffffff   4095 MB [4096 MB]
00:00:45.677359 MTRR_PHYSBASE[ 1] =00000000e0000000 First=00000000e0000000   3584 MB [UC]
00:00:45.677360 MTRR_PHYSMASK[ 1] =0000007fe0000800 Last =00000000ffffffff   4095 MB [512 MB]
00:00:45.677360 MTRR_PHYSBASE[ 2] =0000000100000006 First=0000000100000000   4096 MB [WB]
00:00:45.677361 MTRR_PHYSMASK[ 2] =0000007f00000800 Last =00000001ffffffff   8191 MB [4096 MB]
00:00:45.677361 MTRR_PHYSBASE[ 3] =0000000200000006 First=0000000200000000   8192 MB [WB]
00:00:45.677362 MTRR_PHYSMASK[ 3] =0000007fe0000800 Last =000000021fffffff   8703 MB [512 MB]
00:00:45.677362 MTRR_PHYSBASE[ 4] =0000000000000000
00:00:45.677362 MTRR_PHYSMASK[ 4] =0000000000000000
00:00:45.677363 MTRR_PHYSBASE[ 5] =0000000000000000
00:00:45.677363 MTRR_PHYSMASK[ 5] =0000000000000000
00:00:45.677363 MTRR_PHYSBASE[ 6] =0000000000000000
00:00:45.677363 MTRR_PHYSMASK[ 6] =0000000000000000
00:00:45.677364 MTRR_PHYSBASE[ 7] =0000000000000000
00:00:45.677364 MTRR_PHYSMASK[ 7] =0000000000000000
00:00:45.677364 MTRR_PHYSBASE[ 8] =0000000000000000
00:00:45.677364 MTRR_PHYSMASK[ 8] =0000000000000000
00:00:45.677364 MTRR_PHYSBASE[ 9] =0000000000000000
00:00:45.677364 MTRR_PHYSMASK[ 9] =0000000000000000
00:00:45.677365 MTRR_PHYSBASE[10] =0000000000000000
00:00:45.677365 MTRR_PHYSMASK[10] =0000000000000000
00:00:45.677365 MTRR_PHYSBASE[11] =0000000000000000
00:00:45.677365 MTRR_PHYSMASK[11] =0000000000000000
00:00:45.677365 MTRR_PHYSBASE[12] =0000000000000000
00:00:45.677366 MTRR_PHYSMASK[12] =0000000000000000
00:00:45.677366 MTRR_PHYSBASE[13] =0000000000000000
00:00:45.677366 MTRR_PHYSMASK[13] =0000000000000000
00:00:45.677366 MTRR_PHYSBASE[14] =0000000000000000
00:00:45.677366 MTRR_PHYSMASK[14] =0000000000000000
00:00:45.677367 MTRR_PHYSBASE[15] =0000000000000000
00:00:45.677367 MTRR_PHYSMASK[15] =0000000000000000
00:00:45.677367 ***
00:00:45.677368 VCPU[3] hardware virtualization state:
00:00:45.677369 fSavedInhibit                = 0x0
00:00:45.677369 In nested-guest hwvirt mode  = false
00:00:45.677388 Hwvirt state disabled.
00:00:45.677388 ***
00:00:45.677393 Guest paging mode (VCPU #3):  AMD64+NX (changed 3 times), A20 enabled (changed 0 times)
00:00:45.677394 Guest SLAT mode (VCPU #3): Direct
00:00:45.677394 Shadow paging mode (VCPU #3): EPT
00:00:45.677394 Host paging mode:             AMD64+G+NX
00:00:45.677395 ***
00:00:45.677395 ************** End of Guest state at power off for VCpu 3 ***************
00:00:45.677473 ****************** Guest state at power off for VCpu 2 ******************
00:00:45.677477 Guest CPUM (VCPU 2) state: 
00:00:45.677478 rax=0000000000000000 rbx=ffffa28557d15020 rcx=000000000000080f rdx=0000000000000000
00:00:45.677479 rsi=00000000000000ff rdi=000000000000000f r8 =0000000000000000 r9 =0000000000000000
00:00:45.677479 r10=0000000000000000 r11=ffffbda800138ff8 r12=0000000000000002 r13=0000000000000000
00:00:45.677480 r14=0000000000000000 r15=0000000000000000
00:00:45.677480 rip=ffffffff810404e3 rsp=ffffbda800138fc8 rbp=ffffbda800138fd8 iopl=0  iopl=0 nv up di pl zr na po nc
00:00:45.677481 cs={0010 base=0000000000000000 limit=ffffffff flags=0000a09b}
00:00:45.677481 ds={0000 base=0000000000000000 limit=ffffffff flags=0001c000}
00:00:45.677482 es={0000 base=0000000000000000 limit=ffffffff flags=0001c000}
00:00:45.677482 fs={0000 base=0000000000000000 limit=ffffffff flags=0001c000}
00:00:45.677482 gs={0000 base=ffffa28557d00000 limit=ffffffff flags=0001c000}
00:00:45.677483 ss={0018 base=0000000000000000 limit=ffffffff flags=0000c093}
00:00:45.677483 cr0=0000000080050033 cr2=0000000000446950 cr3=000000014f22c004 cr4=00000000000706b0
00:00:45.677483 dr0=0000000000000000 dr1=0000000000000000 dr2=0000000000000000 dr3=0000000000000000
00:00:45.677484 dr4=0000000000000000 dr5=0000000000000000 dr6=00000000ffff0ff0 dr7=0000000000000400
00:00:45.677484 gdtr=fffffe5147093000:007f  idtr=fffffe0000000000:0fff  eflags=00000046
00:00:45.677485 ldtr={0000 base=00000000 limit=ffffffff flags=0001c000}
00:00:45.677485 tr  ={0040 base=fffffe5147095000 limit=00004087 flags=0000008b}
00:00:45.677486 SysEnter={cs=0000 eip=0000000000000000 esp=0000000000000000}
00:00:45.677486 xcr=0000000000000007 xcr1=0000000000000000 xss=0000000000000000 (fXStateMask=0000000000000007)
00:00:45.677487 FCW=037f FSW=0000 FTW=0000 FOP=0000 MXCSR=00001f80 MXCSR_MASK=0000ffff
00:00:45.677487 FPUIP=00000000 CS=0000 Rsrvd1=0000  FPUDP=00000000 DS=0000 Rsvrd2=0000
00:00:45.677488 ST(0)=FPR0={0000'00000000'00000000} t0 +0.0000000000000000000000 * 2 ^ -16383 (*)
00:00:45.677489 ST(1)=FPR1={0000'00000000'00000000} t0 +0.0000000000000000000000 * 2 ^ -16383 (*)
00:00:45.677490 ST(2)=FPR2={0000'00000000'00000000} t0 +0.0000000000000000000000 * 2 ^ -16383 (*)
00:00:45.677490 ST(3)=FPR3={0000'00000000'00000000} t0 +0.0000000000000000000000 * 2 ^ -16383 (*)
00:00:45.677491 ST(4)=FPR4={0000'00000000'00000000} t0 +0.0000000000000000000000 * 2 ^ -16383 (*)
00:00:45.677491 ST(5)=FPR5={0000'00000000'00000000} t0 +0.0000000000000000000000 * 2 ^ -16383 (*)
00:00:45.677492 ST(6)=FPR6={0000'00000000'00000000} t0 +0.0000000000000000000000 * 2 ^ -16383 (*)
00:00:45.677492 ST(7)=FPR7={0000'00000000'00000000} t0 +0.0000000000000000000000 * 2 ^ -16383 (*)
00:00:45.677493 YMM0 =00000000'00000000'00000000'00000000'00000000'00000000'00000000'00000000
00:00:45.677495 YMM1 =00000000'00000000'00000000'00000000'00000000'00000000'00ff0000'00000000
00:00:45.677496 YMM2 =00000000'00000000'00000000'00000000'0000ff00'000000ff'0000ff00'00000000
00:00:45.677496 YMM3 =00000000'00000000'00000000'00000000'00000000'00000000'00000000'00000000
00:00:45.677497 YMM4 =00000000'00000000'00000000'00000000'00000000'00000000'00000000'066b3bb0
00:00:45.677497 YMM5 =00000000'00000000'00000000'00000000'00000000'00000000'00007f4d'608ddb20
00:00:45.677498 YMM6 =00000000'00000000'00000000'00000000'00000000'00000000'0000ff00'00000000
00:00:45.677499 YMM7 =00000000'00000000'00000000'00000000'2f2f2f2f'2f2f2f2f'2f2f2f2f'2f2f2f2f
00:00:45.677499 YMM8 =00000000'00000000'00000000'00000000'00000000'00000000'00000000'00000000
00:00:45.677500 YMM9 =00000000'00000000'00000000'00000000'00000000'00000000'00000000'00000000
00:00:45.677500 YMM10=00000000'00000000'00000000'00000000'00000000'00000000'00000000'00000000
00:00:45.677501 YMM11=00000000'00000000'00000000'00000000'00000000'00000000'00000000'00000000
00:00:45.677502 YMM12=00000000'00000000'00000000'00000000'00000000'00000000'00000000'00000000
00:00:45.677503 YMM13=00000000'00000000'00000000'00000000'00000000'00000000'00000000'00000000
00:00:45.677503 YMM14=00000000'00000000'00000000'00000000'00000000'00000000'00000000'00000000
00:00:45.677504 YMM15=00000000'00000000'00000000'00000000'00000000'00000000'00000000'00000000
00:00:45.677504 EFER         =0000000000000d01
00:00:45.677505 PAT          =0407050600070106
00:00:45.677505 STAR         =0023001000000000
00:00:45.677505 CSTAR        =0000000000000000
00:00:45.677505 LSTAR        =ffffffff82e00080
00:00:45.677506 SFMASK       =0000000000257fd5
00:00:45.677506 KERNELGSBASE =0000000000000000
00:00:45.677514 MTRR_CAP          =0000000000000510
00:00:45.677514 MTRR_DEF_TYPE     =0000000000000c00
00:00:45.677514 MTRR_FIX64K_00000 =0606060606060606
00:00:45.677514 MTRR_FIX16K_80000 =0606060606060606
00:00:45.677515 MTRR_FIX16K_A0000 =0000000000000000
00:00:45.677515 MTRR_FIX4K_C0000  =0505050505050505
00:00:45.677515 MTRR_FIX4K_C8000  =0505050505050505
00:00:45.677515 MTRR_FIX4K_D0000  =0505050505050505
00:00:45.677515 MTRR_FIX4K_D8000  =0505050505050505
00:00:45.677516 MTRR_FIX4K_E0000  =0505050505050505
00:00:45.677516 MTRR_FIX4K_E8000  =0505050505050505
00:00:45.677516 MTRR_FIX4K_F0000  =0505050505050505
00:00:45.677516 MTRR_FIX4K_F8000  =0505050505050505
00:00:45.677516 MTRR_PHYSBASE[ 0] =0000000000000006 First=0000000000000000      0 MB [WB]
00:00:45.677517 MTRR_PHYSMASK[ 0] =0000007f00000800 Last =00000000ffffffff   4095 MB [4096 MB]
00:00:45.677518 MTRR_PHYSBASE[ 1] =00000000e0000000 First=00000000e0000000   3584 MB [UC]
00:00:45.677518 MTRR_PHYSMASK[ 1] =0000007fe0000800 Last =00000000ffffffff   4095 MB [512 MB]
00:00:45.677519 MTRR_PHYSBASE[ 2] =0000000100000006 First=0000000100000000   4096 MB [WB]
00:00:45.677519 MTRR_PHYSMASK[ 2] =0000007f00000800 Last =00000001ffffffff   8191 MB [4096 MB]
00:00:45.677520 MTRR_PHYSBASE[ 3] =0000000200000006 First=0000000200000000   8192 MB [WB]
00:00:45.677520 MTRR_PHYSMASK[ 3] =0000007fe0000800 Last =000000021fffffff   8703 MB [512 MB]
00:00:45.677521 MTRR_PHYSBASE[ 4] =0000000000000000
00:00:45.677521 MTRR_PHYSMASK[ 4] =0000000000000000
00:00:45.677521 MTRR_PHYSBASE[ 5] =0000000000000000
00:00:45.677521 MTRR_PHYSMASK[ 5] =0000000000000000
00:00:45.677522 MTRR_PHYSBASE[ 6] =0000000000000000
00:00:45.677522 MTRR_PHYSMASK[ 6] =0000000000000000
00:00:45.677522 MTRR_PHYSBASE[ 7] =0000000000000000
00:00:45.677522 MTRR_PHYSMASK[ 7] =0000000000000000
00:00:45.677522 MTRR_PHYSBASE[ 8] =0000000000000000
00:00:45.677523 MTRR_PHYSMASK[ 8] =0000000000000000
00:00:45.677523 MTRR_PHYSBASE[ 9] =0000000000000000
00:00:45.677523 MTRR_PHYSMASK[ 9] =0000000000000000
00:00:45.677523 MTRR_PHYSBASE[10] =0000000000000000
00:00:45.677523 MTRR_PHYSMASK[10] =0000000000000000
00:00:45.677524 MTRR_PHYSBASE[11] =0000000000000000
00:00:45.677524 MTRR_PHYSMASK[11] =0000000000000000
00:00:45.677524 MTRR_PHYSBASE[12] =0000000000000000
00:00:45.677524 MTRR_PHYSMASK[12] =0000000000000000
00:00:45.677524 MTRR_PHYSBASE[13] =0000000000000000
00:00:45.677524 MTRR_PHYSMASK[13] =0000000000000000
00:00:45.677525 MTRR_PHYSBASE[14] =0000000000000000
00:00:45.677525 MTRR_PHYSMASK[14] =0000000000000000
00:00:45.677525 MTRR_PHYSBASE[15] =0000000000000000
00:00:45.677525 MTRR_PHYSMASK[15] =0000000000000000
00:00:45.677526 ***
00:00:45.677526 VCPU[2] hardware virtualization state:
00:00:45.677527 fSavedInhibit                = 0x0
00:00:45.677527 In nested-guest hwvirt mode  = false
00:00:45.677527 Hwvirt state disabled.
00:00:45.677528 ***
00:00:45.677530 Guest paging mode (VCPU #2):  AMD64+NX (changed 3 times), A20 enabled (changed 0 times)
00:00:45.677530 Guest SLAT mode (VCPU #2): Direct
00:00:45.677531 Shadow paging mode (VCPU #2): EPT
00:00:45.677531 Host paging mode:             AMD64+G+NX
00:00:45.677531 ***
00:00:45.677531 ************** End of Guest state at power off for VCpu 2 ***************
00:00:45.677559 ****************** Guest state at power off for VCpu 1 ******************
00:00:45.677569 Guest CPUM (VCPU 1) state: 
00:00:45.677569 rax=0000000000000000 rbx=ffffa28557c95020 rcx=000000000000080f rdx=0000000000000000
00:00:45.677571 rsi=00000000000000ff rdi=000000000000000f r8 =0000000000000000 r9 =0000000000000000
00:00:45.677572 r10=0000000000000000 r11=ffffbda800104ff8 r12=0000000000000001 r13=0000000000000000
00:00:45.677573 r14=0000000000000000 r15=0000000000000000
00:00:45.677573 rip=ffffffff810404e3 rsp=ffffbda800104fc8 rbp=ffffbda800104fd8 iopl=0  iopl=0 nv up di pl zr na po nc
00:00:45.677574 cs={0010 base=0000000000000000 limit=ffffffff flags=0000a09b}
00:00:45.677575 ds={0000 base=0000000000000000 limit=ffffffff flags=0001c000}
00:00:45.677575 es={0000 base=0000000000000000 limit=ffffffff flags=0001c000}
00:00:45.677576 fs={0000 base=0000000000000000 limit=ffffffff flags=0001c000}
00:00:45.677576 gs={0000 base=ffffa28557c80000 limit=ffffffff flags=0001c000}
00:00:45.677577 ss={0018 base=0000000000000000 limit=ffffffff flags=0000c093}
00:00:45.677577 cr0=0000000080050033 cr2=0000000008e328a8 cr3=0000000112e56006 cr4=00000000000706b0
00:00:45.677578 dr0=0000000000000000 dr1=0000000000000000 dr2=0000000000000000 dr3=0000000000000000
00:00:45.677579 dr4=0000000000000000 dr5=0000000000000000 dr6=00000000ffff0ff0 dr7=0000000000000400
00:00:45.677580 gdtr=fffffe19b25b3000:007f  idtr=fffffe0000000000:0fff  eflags=00000046
00:00:45.677581 ldtr={0000 base=00000000 limit=ffffffff flags=0001c000}
00:00:45.677582 tr  ={0040 base=fffffe19b25b5000 limit=00004087 flags=0000008b}
00:00:45.677582 SysEnter={cs=0000 eip=0000000000000000 esp=0000000000000000}
00:00:45.677583 xcr=0000000000000007 xcr1=0000000000000000 xss=0000000000000000 (fXStateMask=0000000000000007)
00:00:45.677584 FCW=037f FSW=0000 FTW=0000 FOP=0000 MXCSR=00001f80 MXCSR_MASK=0000ffff
00:00:45.677585 FPUIP=00000000 CS=0000 Rsrvd1=0000  FPUDP=00000000 DS=0000 Rsvrd2=0000
00:00:45.677586 ST(0)=FPR0={0000'00000000'00000000} t0 +0.0000000000000000000000 * 2 ^ -16383 (*)
00:00:45.677588 ST(1)=FPR1={0000'00000000'00000000} t0 +0.0000000000000000000000 * 2 ^ -16383 (*)
00:00:45.677589 ST(2)=FPR2={0000'00000000'00000000} t0 +0.0000000000000000000000 * 2 ^ -16383 (*)
00:00:45.677590 ST(3)=FPR3={0000'00000000'00000000} t0 +0.0000000000000000000000 * 2 ^ -16383 (*)
00:00:45.677591 ST(4)=FPR4={0000'00000000'00000000} t0 +0.0000000000000000000000 * 2 ^ -16383 (*)
00:00:45.677592 ST(5)=FPR5={0000'00000000'00000000} t0 +0.0000000000000000000000 * 2 ^ -16383 (*)
00:00:45.677593 ST(6)=FPR6={0000'00000000'00000000} t0 +0.0000000000000000000000 * 2 ^ -16383 (*)
00:00:45.677595 ST(7)=FPR7={0000'00000000'00000000} t0 +0.0000000000000000000000 * 2 ^ -16383 (*)
00:00:45.677597 YMM0 =00000000'00000000'00000000'00000000'bc1648bc'129ed6fe'28949e0b'1b43f3d5
00:00:45.677599 YMM1 =00000000'00000000'00000000'00000000'7bb28873'd89c5cfa'56782001'75ad2d50
00:00:45.677602 YMM2 =00000000'00000000'00000000'00000000'b930b657'd942981d'db0c6784'a30f41a6
00:00:45.677603 YMM3 =00000000'00000000'00000000'00000000'9c7f73fa'34851512'fc34f08c'34c5bb92
00:00:45.677605 YMM4 =00000000'00000000'00000000'00000000'00000000'00000000'00000000'506f972f
00:00:45.677606 YMM5 =00000000'00000000'00000000'00000000'00000000'00000000'0000001b'5e06cc9d
00:00:45.677608 YMM6 =00000000'00000000'00000000'00000000'00000000'00000000'00000000'0000001b
00:00:45.677609 YMM7 =00000000'00000000'00000000'00000000'0000001b'5e06cc9d'506f972f'0000001b
00:00:45.677610 YMM8 =00000000'00000000'00000000'00000000'c0000000'58000000'54000000'ea000000
00:00:45.677610 YMM9 =00000000'00000000'00000000'00000000'00202020'20202020'20002020'20202020
00:00:45.677611 YMM10=00000000'00000000'00000000'00000000'6ea8ff0b'91860151'b99a28f3'7e96a733
00:00:45.677612 YMM11=00000000'00000000'00000000'00000000'26929704'b41e33a6'ffaf6730'aa15bcfb
00:00:45.677612 YMM12=00000000'00000000'00000000'00000000'0d0c0f0e'09080b0a'05040706'01000302
00:00:45.677613 YMM13=00000000'00000000'00000000'00000000'0c0f0e0d'080b0a09'04070605'00030201
00:00:45.677614 YMM14=00000000'00000000'00000000'00000000'00000000'00000000'00000000'00000140
00:00:45.677614 YMM15=00000000'00000000'00000000'00000000'00000000'00000000'00000000'00000040
00:00:45.677615 EFER         =0000000000000d01
00:00:45.677615 PAT          =0407050600070106
00:00:45.677615 STAR         =0023001000000000
00:00:45.677616 CSTAR        =0000000000000000
00:00:45.677616 LSTAR        =ffffffff82e00080
00:00:45.677616 SFMASK       =0000000000257fd5
00:00:45.677616 KERNELGSBASE =0000000000000000
00:00:45.677617 MTRR_CAP          =0000000000000510
00:00:45.677617 MTRR_DEF_TYPE     =0000000000000c00
00:00:45.677617 MTRR_FIX64K_00000 =0606060606060606
00:00:45.677617 MTRR_FIX16K_80000 =0606060606060606
00:00:45.677617 MTRR_FIX16K_A0000 =0000000000000000
00:00:45.677618 MTRR_FIX4K_C0000  =0505050505050505
00:00:45.677618 MTRR_FIX4K_C8000  =0505050505050505
00:00:45.677618 MTRR_FIX4K_D0000  =0505050505050505
00:00:45.677618 MTRR_FIX4K_D8000  =0505050505050505
00:00:45.677618 MTRR_FIX4K_E0000  =0505050505050505
00:00:45.677619 MTRR_FIX4K_E8000  =0505050505050505
00:00:45.677619 MTRR_FIX4K_F0000  =0505050505050505
00:00:45.677619 MTRR_FIX4K_F8000  =0505050505050505
00:00:45.677619 MTRR_PHYSBASE[ 0] =0000000000000006 First=0000000000000000      0 MB [WB]
00:00:45.677620 MTRR_PHYSMASK[ 0] =0000007f00000800 Last =00000000ffffffff   4095 MB [4096 MB]
00:00:45.677621 MTRR_PHYSBASE[ 1] =00000000e0000000 First=00000000e0000000   3584 MB [UC]
00:00:45.677621 MTRR_PHYSMASK[ 1] =0000007fe0000800 Last =00000000ffffffff   4095 MB [512 MB]
00:00:45.677622 MTRR_PHYSBASE[ 2] =0000000100000006 First=0000000100000000   4096 MB [WB]
00:00:45.677622 MTRR_PHYSMASK[ 2] =0000007f00000800 Last =00000001ffffffff   8191 MB [4096 MB]
00:00:45.677623 MTRR_PHYSBASE[ 3] =0000000200000006 First=0000000200000000   8192 MB [WB]
00:00:45.677623 MTRR_PHYSMASK[ 3] =0000007fe0000800 Last =000000021fffffff   8703 MB [512 MB]
00:00:45.677623 MTRR_PHYSBASE[ 4] =0000000000000000
00:00:45.677624 MTRR_PHYSMASK[ 4] =0000000000000000
00:00:45.677624 MTRR_PHYSBASE[ 5] =0000000000000000
00:00:45.677624 MTRR_PHYSMASK[ 5] =0000000000000000
00:00:45.677624 MTRR_PHYSBASE[ 6] =0000000000000000
00:00:45.677624 MTRR_PHYSMASK[ 6] =0000000000000000
00:00:45.677625 MTRR_PHYSBASE[ 7] =0000000000000000
00:00:45.677625 MTRR_PHYSMASK[ 7] =0000000000000000
00:00:45.677625 MTRR_PHYSBASE[ 8] =0000000000000000
00:00:45.677625 MTRR_PHYSMASK[ 8] =0000000000000000
00:00:45.677625 MTRR_PHYSBASE[ 9] =0000000000000000
00:00:45.677626 MTRR_PHYSMASK[ 9] =0000000000000000
00:00:45.677626 MTRR_PHYSBASE[10] =0000000000000000
00:00:45.677626 MTRR_PHYSMASK[10] =0000000000000000
00:00:45.677626 MTRR_PHYSBASE[11] =0000000000000000
00:00:45.677626 MTRR_PHYSMASK[11] =0000000000000000
00:00:45.677627 MTRR_PHYSBASE[12] =0000000000000000
00:00:45.677627 MTRR_PHYSMASK[12] =0000000000000000
00:00:45.677627 MTRR_PHYSBASE[13] =0000000000000000
00:00:45.677627 MTRR_PHYSMASK[13] =0000000000000000
00:00:45.677627 MTRR_PHYSBASE[14] =0000000000000000
00:00:45.677627 MTRR_PHYSMASK[14] =0000000000000000
00:00:45.677628 MTRR_PHYSBASE[15] =0000000000000000
00:00:45.677628 MTRR_PHYSMASK[15] =0000000000000000
00:00:45.677628 ***
00:00:45.677629 VCPU[1] hardware virtualization state:
00:00:45.677629 fSavedInhibit                = 0x0
00:00:45.677629 In nested-guest hwvirt mode  = false
00:00:45.677630 Hwvirt state disabled.
00:00:45.677630 ***
00:00:45.677631 Guest paging mode (VCPU #1):  AMD64+NX (changed 3 times), A20 enabled (changed 0 times)
00:00:45.677632 Guest SLAT mode (VCPU #1): Direct
00:00:45.677632 Shadow paging mode (VCPU #1): EPT
00:00:45.677632 Host paging mode:             AMD64+G+NX
00:00:45.677633 ***
00:00:45.677633 ************** End of Guest state at power off for VCpu 1 ***************
00:00:45.677657 ****************** Guest state at power off for VCpu 0 ******************
00:00:45.677667 Guest CPUM (VCPU 0) state: 
00:00:45.677669 rax=0000000000001401 rbx=0000000000004004 rcx=0000000000001401 rdx=0000000000004004
00:00:45.677670 rsi=0000000000001401 rdi=0000000000004004 r8 =0000000000004005 r9 =0000000000000000
00:00:45.677670 r10=0000000000000000 r11=000000000000ffff r12=0000000000000010 r13=0000000000000010
00:00:45.677671 r14=0000000000001401 r15=000000000000ffff
00:00:45.677671 rip=ffffffff8189aee5 rsp=ffffbda800a17bf0 rbp=ffffbda800a17c18 iopl=0  iopl=0 nv up di pl zr na po nc
00:00:45.677672 cs={0010 base=0000000000000000 limit=ffffffff flags=0000a09b}
00:00:45.677672 ds={0000 base=0000000000000000 limit=ffffffff flags=0001c000}
00:00:45.677672 es={0000 base=0000000000000000 limit=ffffffff flags=0001c000}
00:00:45.677673 fs={0000 base=00007f2510747840 limit=ffffffff flags=0001c000}
00:00:45.677673 gs={0000 base=ffffa28557c00000 limit=ffffffff flags=0001c000}
00:00:45.677673 ss={0018 base=0000000000000000 limit=ffffffff flags=0000c093}
00:00:45.677674 cr0=0000000080050033 cr2=0000000028766008 cr3=0000000125c20003 cr4=00000000000706b0
00:00:45.677674 dr0=0000000000000000 dr1=0000000000000000 dr2=0000000000000000 dr3=0000000000000000
00:00:45.677675 dr4=0000000000000000 dr5=0000000000000000 dr6=00000000ffff0ff0 dr7=0000000000000400
00:00:45.677675 gdtr=fffffe1a513c5000:007f  idtr=fffffe0000000000:0fff  eflags=00000046
00:00:45.677676 ldtr={0000 base=00000000 limit=ffffffff flags=0001c000}
00:00:45.677676 tr  ={0040 base=fffffe1a513c7000 limit=00004087 flags=0000008b}
00:00:45.677676 SysEnter={cs=0000 eip=0000000000000000 esp=0000000000000000}
00:00:45.677677 xcr=0000000000000007 xcr1=0000000000000000 xss=0000000000000000 (fXStateMask=0000000000000007)
00:00:45.677677 FCW=037f FSW=0000 FTW=0000 FOP=0000 MXCSR=00001f80 MXCSR_MASK=0000ffff
00:00:45.677678 FPUIP=00000000 CS=0000 Rsrvd1=0000  FPUDP=00000000 DS=0000 Rsvrd2=0000
00:00:45.677679 ST(0)=FPR0={0000'00000000'00000000} t0 +0.0000000000000000000000 * 2 ^ -16383 (*)
00:00:45.677680 ST(1)=FPR1={0000'00000000'00000000} t0 +0.0000000000000000000000 * 2 ^ -16383 (*)
00:00:45.677680 ST(2)=FPR2={0000'00000000'00000000} t0 +0.0000000000000000000000 * 2 ^ -16383 (*)
00:00:45.677681 ST(3)=FPR3={0000'00000000'00000000} t0 +0.0000000000000000000000 * 2 ^ -16383 (*)
00:00:45.677682 ST(4)=FPR4={0000'00000000'00000000} t0 +0.0000000000000000000000 * 2 ^ -16383 (*)
00:00:45.677682 ST(5)=FPR5={0000'00000000'00000000} t0 +0.0000000000000000000000 * 2 ^ -16383 (*)
00:00:45.677683 ST(6)=FPR6={0000'00000000'00000000} t0 +0.0000000000000000000000 * 2 ^ -16383 (*)
00:00:45.677683 ST(7)=FPR7={0000'00000000'00000000} t0 +0.0000000000000000000000 * 2 ^ -16383 (*)
00:00:45.677684 YMM0 =00000000'00000000'00000000'00000000'00000000'00000000'00000000'00000011
00:00:45.677685 YMM1 =00000000'00000000'00000000'00000000'00000000'00000000'00000000'00000001
00:00:45.677685 YMM2 =00000000'00000000'00000000'00000000'5507364a'236c702c'00000000'00009a18
00:00:45.677686 YMM3 =00000000'00000000'00000000'00000000'a6bb239b'30fafb26'00000000'00009b70
00:00:45.677686 YMM4 =00000000'00000000'00000000'00000000'3403f3cd'db0fdb3f'00000000'0002aab8
00:00:45.677687 YMM5 =00000000'00000000'00000000'00000000'1d349d4f'b26ecd11'00000000'00029548
00:00:45.677688 YMM6 =00000000'00000000'00000000'00000000'a6bb239b'30fafb26'00000000'00009b70
00:00:45.677688 YMM7 =00000000'00000000'00000000'00000000'5507364a'236c702c'00000000'00009a18
00:00:45.677689 YMM8 =00000000'00000000'00000000'00000000'fe6640f8'5e9202f4'00000000'00041098
00:00:45.677690 YMM9 =00000000'00000000'00000000'00000000'24110022'6b070707'07070705'07560750
00:00:45.677690 YMM10=00000000'00000000'00000000'00000000'51515151'51685b0c'13311100'226b5151
00:00:45.677691 YMM11=00000000'00000000'00000000'00000000'99999999'99999999'99999999'99999999
00:00:45.677692 YMM12=00000000'00000000'00000000'00000000'20202020'20202020'20202020'20202020
00:00:45.677692 YMM13=00000000'00000000'00000000'00000000'00000000'00000000'00000000'00000000
00:00:45.677693 YMM14=00000000'00000000'00000000'00000000'00000000'00000000'00000000'00000000
00:00:45.677693 YMM15=00000000'00000000'00000000'00000000'00000000'00000000'00000000'00000000
00:00:45.677694 EFER         =0000000000000d01
00:00:45.677694 PAT          =0407050600070106
00:00:45.677695 STAR         =0023001000000000
00:00:45.677695 CSTAR        =0000000000000000
00:00:45.677695 LSTAR        =ffffffff82e00080
00:00:45.677695 SFMASK       =0000000000257fd5
00:00:45.677696 KERNELGSBASE =0000000000000000
00:00:45.677696 MTRR_CAP          =0000000000000510
00:00:45.677696 MTRR_DEF_TYPE     =0000000000000c00
00:00:45.677696 MTRR_FIX64K_00000 =0606060606060606
00:00:45.677697 MTRR_FIX16K_80000 =0606060606060606
00:00:45.677697 MTRR_FIX16K_A0000 =0000000000000000
00:00:45.677697 MTRR_FIX4K_C0000  =0505050505050505
00:00:45.677697 MTRR_FIX4K_C8000  =0505050505050505
00:00:45.677697 MTRR_FIX4K_D0000  =0505050505050505
00:00:45.677697 MTRR_FIX4K_D8000  =0505050505050505
00:00:45.677698 MTRR_FIX4K_E0000  =0505050505050505
00:00:45.677698 MTRR_FIX4K_E8000  =0505050505050505
00:00:45.677698 MTRR_FIX4K_F0000  =0505050505050505
00:00:45.677698 MTRR_FIX4K_F8000  =0505050505050505
00:00:45.677698 MTRR_PHYSBASE[ 0] =0000000000000006 First=0000000000000000      0 MB [WB]
00:00:45.677699 MTRR_PHYSMASK[ 0] =0000007f00000800 Last =00000000ffffffff   4095 MB [4096 MB]
00:00:45.677700 MTRR_PHYSBASE[ 1] =00000000e0000000 First=00000000e0000000   3584 MB [UC]
00:00:45.677700 MTRR_PHYSMASK[ 1] =0000007fe0000800 Last =00000000ffffffff   4095 MB [512 MB]
00:00:45.677701 MTRR_PHYSBASE[ 2] =0000000100000006 First=0000000100000000   4096 MB [WB]
00:00:45.677701 MTRR_PHYSMASK[ 2] =0000007f00000800 Last =00000001ffffffff   8191 MB [4096 MB]
00:00:45.677702 MTRR_PHYSBASE[ 3] =0000000200000006 First=0000000200000000   8192 MB [WB]
00:00:45.677702 MTRR_PHYSMASK[ 3] =0000007fe0000800 Last =000000021fffffff   8703 MB [512 MB]
00:00:45.677703 MTRR_PHYSBASE[ 4] =0000000000000000
00:00:45.677703 MTRR_PHYSMASK[ 4] =0000000000000000
00:00:45.677703 MTRR_PHYSBASE[ 5] =0000000000000000
00:00:45.677703 MTRR_PHYSMASK[ 5] =0000000000000000
00:00:45.677703 MTRR_PHYSBASE[ 6] =0000000000000000
00:00:45.677704 MTRR_PHYSMASK[ 6] =0000000000000000
00:00:45.677704 MTRR_PHYSBASE[ 7] =0000000000000000
00:00:45.677704 MTRR_PHYSMASK[ 7] =0000000000000000
00:00:45.677704 MTRR_PHYSBASE[ 8] =0000000000000000
00:00:45.677704 MTRR_PHYSMASK[ 8] =0000000000000000
00:00:45.677705 MTRR_PHYSBASE[ 9] =0000000000000000
00:00:45.677705 MTRR_PHYSMASK[ 9] =0000000000000000
00:00:45.677705 MTRR_PHYSBASE[10] =0000000000000000
00:00:45.677705 MTRR_PHYSMASK[10] =0000000000000000
00:00:45.677705 MTRR_PHYSBASE[11] =0000000000000000
00:00:45.677706 MTRR_PHYSMASK[11] =0000000000000000
00:00:45.677706 MTRR_PHYSBASE[12] =0000000000000000
00:00:45.677706 MTRR_PHYSMASK[12] =0000000000000000
00:00:45.677706 MTRR_PHYSBASE[13] =0000000000000000
00:00:45.677706 MTRR_PHYSMASK[13] =0000000000000000
00:00:45.677707 MTRR_PHYSBASE[14] =0000000000000000
00:00:45.677707 MTRR_PHYSMASK[14] =0000000000000000
00:00:45.677707 MTRR_PHYSBASE[15] =0000000000000000
00:00:45.677707 MTRR_PHYSMASK[15] =0000000000000000
00:00:45.677708 ***
00:00:45.677708 VCPU[0] hardware virtualization state:
00:00:45.677708 fSavedInhibit                = 0x0
00:00:45.677709 In nested-guest hwvirt mode  = false
00:00:45.677709 Hwvirt state disabled.
00:00:45.677709 ***
00:00:45.677710 Guest paging mode (VCPU #0):  AMD64+NX (changed 1460002 times), A20 enabled (changed 2 times)
00:00:45.677711 Guest SLAT mode (VCPU #0): Direct
00:00:45.677711 Shadow paging mode (VCPU #0): EPT
00:00:45.677712 Host paging mode:             AMD64+G+NX
00:00:45.677712 ***
00:00:45.677713 Active Timers (pVM=000075642804d000)
00:00:45.677713 pTimerR3         offNext  offPrev  offSched Clock               Time             Expire HzHint State                     Description
00:00:45.677715 00007564491cd180 00000004 ffffffff ffffffff Real            75242007           75242025      0 2-ACTIVE                  VGA Refresh
00:00:45.677716 00007564491cd200 ffffffff 00000003 ffffffff Real            75242007           75243006      0 2-ACTIVE                  CPU Load Timer
00:00:45.677718 0000756442e98200 00000001 ffffffff ffffffff VrSy         44991647199        44994124878    311 2-ACTIVE                  APIC Timer 3
00:00:45.677719 0000756442e98080 00000002 00000004 ffffffff VrSy         44991648479        44994129633    300 2-ACTIVE                  APIC Timer 0
00:00:45.677720 0000756442e98100 00000003 00000001 ffffffff VrSy         44991649320        44994583338    266 2-ACTIVE                  APIC Timer 1
00:00:45.677721 0000756442e98180 00000007 00000002 ffffffff VrSy         44991650141        45080946954      6 2-ACTIVE                  APIC Timer 2
00:00:45.677721 0000756442e98380 00000009 00000003 ffffffff VrSy         44991650956        45990000000      0 2-ACTIVE                  MC146818 RTC Second
00:00:45.677722 0000756442e98480 ffffffff 00000007 ffffffff VrSy         44991651800       599932015941      0 2-ACTIVE                  ACPI PM
00:00:45.677723 ***
00:00:45.677724 Guest GDT (GCAddr=fffffe1a513c5000 limit=7f):
00:00:45.677732 0008 - 0000ffff 00cf9b00 - base=00000000 limit=ffffffff dpl=0 CodeER Accessed Present Page 32-bit 
00:00:45.677732 0010 - 0000ffff 00af9b00 - base=00000000 limit=ffffffff dpl=0 CodeER Accessed Present Page 16-bit 
00:00:45.677733 0018 - 0000ffff 00cf9300 - base=00000000 limit=ffffffff dpl=0 DataRW Accessed Present Page 32-bit 
00:00:45.677734 0020 - 0000ffff 00cffb00 - base=00000000 limit=ffffffff dpl=3 CodeER Accessed Present Page 32-bit 
00:00:45.677734 0028 - 0000ffff 00cff300 - base=00000000 limit=ffffffff dpl=3 DataRW Accessed Present Page 32-bit 
00:00:45.677735 0030 - 0000ffff 00affb00 - base=00000000 limit=ffffffff dpl=3 CodeER Accessed Present Page 16-bit 
00:00:45.677736 0040 - 70004087 51008b3c - base=513c7000 limit=00004087 dpl=0 TSS32Busy Present 16-bit 
00:00:45.677737 0078 - 00000000 0040f500 - base=00000000 limit=00000000 dpl=3 DataDownRO Accessed Present 32-bit 
00:00:45.677737 ************** End of Guest state at power off ***************
00:00:45.681531 Display::i_handleDisplayResize: uScreenId=0 pvVRAM=0000000000000000 w=1280 h=800 bpp=0 cbLine=0x0 flags=0x2 origin=0,0
00:00:45.686251 PDMR3PowerOff: 8 492 775 ns run time
00:00:45.686259 Changing the VM state from 'POWERING_OFF' to 'OFF'
00:00:45.686636 Console: Machine state changed to 'Stopping'
00:00:45.686945 Console::powerDown(): A request to power off the VM has been issued (mMachineState=Stopping, InUninit=0)
00:00:45.687967 Changing the VM state from 'OFF' to 'DESTROYING'
00:00:45.688007 ************************* Statistics *************************
00:00:45.688014 /CPUM/MSR-Totals/Reads                         18879 times
00:00:45.688016 /CPUM/MSR-Totals/ReadsRaisingGP                    0 times
00:00:45.688017 /CPUM/MSR-Totals/ReadsUnknown                      1 times
00:00:45.688018 /CPUM/MSR-Totals/Writes                       119686 times
00:00:45.688019 /CPUM/MSR-Totals/WritesRaisingGP                   0 times
00:00:45.688019 /CPUM/MSR-Totals/WritesToIgnoredBits               1 times
00:00:45.688020 /CPUM/MSR-Totals/WritesUnknown                     0 times
00:00:45.688021 /Devices/8237A/DmaRun                              0 ticks/call (           0 ticks,       0 calls, max         0, min      -1)
00:00:45.688023 /Devices/VMMDev/BalloonChunks                      0 count
00:00:45.688024 /Devices/VMMDev/FastIrqAckR3                       0 count
00:00:45.688025 /Devices/VMMDev/FastIrqAckRZ                       0 count
00:00:45.688026 /Devices/VMMDev/HGCM-Kernel/BudgetAvailable 1073741824 bytes
00:00:45.688027 /Devices/VMMDev/HGCM-Kernel/BudgetConfig   1073741824 bytes
00:00:45.688027 /Devices/VMMDev/HGCM-Kernel/BudgetOverruns         0 bytes
00:00:45.688028 /Devices/VMMDev/HGCM-Kernel/MessageHeapUsage         0 bytes/call (           0 bytes,       0 calls, max         0, min      -1)
00:00:45.688029 /Devices/VMMDev/HGCM-Root/BudgetAvailable  1073741824 bytes
00:00:45.688030 /Devices/VMMDev/HGCM-Root/BudgetConfig     1073741824 bytes
00:00:45.688030 /Devices/VMMDev/HGCM-Root/BudgetOverruns           0 bytes
00:00:45.688031 /Devices/VMMDev/HGCM-Root/MessageHeapUsage         0 bytes/call (           0 bytes,       0 calls, max         0, min      -1)
00:00:45.688032 /Devices/VMMDev/HGCM-User/BudgetAvailable  1073741824 bytes
00:00:45.688032 /Devices/VMMDev/HGCM-User/BudgetConfig     1073741824 bytes
00:00:45.688033 /Devices/VMMDev/HGCM-User/BudgetOverruns           0 bytes
00:00:45.688034 /Devices/VMMDev/HGCM-User/MessageHeapUsage         0 bytes/call (           0 bytes,       0 calls, max         0, min      -1)
00:00:45.688034 /Devices/VMMDev/LargeReqBufAllocs                  0 count
00:00:45.688035 /Devices/VMMDev/SlowIrqAck                         0 count
00:00:45.688036 /Devices/apic/0                                 4011 times
00:00:45.688039 /Devices/apic/0/Vectors/20                       138 times
00:00:45.688041 /Devices/apic/0/Vectors/30                        42 times
00:00:45.688046 /Devices/apic/0/Vectors/ec                      1195 times
00:00:45.688047 /Devices/apic/0/Vectors/fb                      2414 times
00:00:45.688048 /Devices/apic/0/Vectors/fc                        99 times
00:00:45.688049 /Devices/apic/0/Vectors/fd                       123 times
00:00:45.688050 /Devices/apic/1                                17768 times
00:00:45.688051 /Devices/apic/1/Vectors/21                        38 times
00:00:45.688057 /Devices/apic/1/Vectors/ec                      1841 times
00:00:45.688068 /Devices/apic/1/Vectors/f6                         1 times
00:00:45.688069 /Devices/apic/1/Vectors/f8                         1 times
00:00:45.688069 /Devices/apic/1/Vectors/fb                     15547 times
00:00:45.688070 /Devices/apic/1/Vectors/fc                       146 times
00:00:45.688071 /Devices/apic/1/Vectors/fd                       194 times
00:00:45.688072 /Devices/apic/2                                 4389 times
00:00:45.688073 /Devices/apic/2/Vectors/20                      1079 times
00:00:45.688080 /Devices/apic/2/Vectors/ec                      1174 times
00:00:45.688081 /Devices/apic/2/Vectors/f8                         1 times
00:00:45.688082 /Devices/apic/2/Vectors/fb                      1848 times
00:00:45.688082 /Devices/apic/2/Vectors/fc                       156 times
00:00:45.688083 /Devices/apic/2/Vectors/fd                       131 times
00:00:45.688084 /Devices/apic/3                                19773 times
00:00:45.688085 /Devices/apic/3/Vectors/20                     17194 times
00:00:45.688091 /Devices/apic/3/Vectors/ec                      1307 times
00:00:45.688092 /Devices/apic/3/Vectors/f8                         1 times
00:00:45.688093 /Devices/apic/3/Vectors/fb                       996 times
00:00:45.688094 /Devices/apic/3/Vectors/fc                       105 times
00:00:45.688095 /Devices/apic/3/Vectors/fd                       170 times
00:00:45.688096 /Devices/e1000#0/ReceiveBytes                      0 bytes
00:00:45.688096 /Devices/e1000#0/TransmitBytes                     0 bytes
00:00:45.688097 /Devices/e1000#0/iStatIntLost                      0 ns
00:00:45.688098 /Devices/e1000#0/iStatIntLostOne                   0 ns
00:00:45.688099 /Devices/e1000#0/u64ArmedAt                        0 ns
00:00:45.688100 /Devices/e1000#0/uStatDescCtx                      0 ns
00:00:45.688100 /Devices/e1000#0/uStatDescDat                      0 ns
00:00:45.688102 /Devices/e1000#0/uStatDescLeg                      0 ns
00:00:45.688102 /Devices/e1000#0/uStatInt                          0 ns
00:00:45.688103 /Devices/e1000#0/uStatIntEarly                     0 ns
00:00:45.688104 /Devices/e1000#0/uStatIntICS                       0 ns
00:00:45.688104 /Devices/e1000#0/uStatIntIMS                       0 ns
00:00:45.688105 /Devices/e1000#0/uStatIntLate                      0 ns
00:00:45.688106 /Devices/e1000#0/uStatIntLower                     0 ns
00:00:45.688106 /Devices/e1000#0/uStatIntMasked                    1 ns
00:00:45.688107 /Devices/e1000#0/uStatIntRDTR                      0 ns
00:00:45.688108 /Devices/e1000#0/uStatIntRXDMT0                    0 ns
00:00:45.688109 /Devices/e1000#0/uStatIntRx                        0 ns
00:00:45.688109 /Devices/e1000#0/uStatIntSkip                      0 ns
00:00:45.688110 /Devices/e1000#0/uStatIntTXQE                      0 ns
00:00:45.688111 /Devices/e1000#0/uStatIntTry                       1 ns
00:00:45.688112 /Devices/e1000#0/uStatIntTx                        0 ns
00:00:45.688113 /Devices/e1000#0/uStatMaxTxDelay                   0 ns
00:00:45.688114 /Devices/e1000#0/uStatNoIntICR                     0 ns
00:00:45.688115 /Devices/e1000#0/uStatRAD                          0 ns
00:00:45.688116 /Devices/e1000#0/uStatRID                          0 ns
00:00:45.688117 /Devices/e1000#0/uStatRxFrm                        0 ns
00:00:45.688118 /Devices/e1000#0/uStatTAD                          0 ns
00:00:45.688119 /Devices/e1000#0/uStatTID                          0 ns
00:00:45.688119 /Devices/e1000#0/uStatTx1514                       0 ns
00:00:45.688120 /Devices/e1000#0/uStatTx16384                      0 ns
00:00:45.688121 /Devices/e1000#0/uStatTx2962                       0 ns
00:00:45.688122 /Devices/e1000#0/uStatTx32768                      0 ns
00:00:45.688122 /Devices/e1000#0/uStatTx4410                       0 ns
00:00:45.688123 /Devices/e1000#0/uStatTx5858                       0 ns
00:00:45.688124 /Devices/e1000#0/uStatTx7306                       0 ns
00:00:45.688124 /Devices/e1000#0/uStatTx8754                       0 ns
00:00:45.688132 /Devices/e1000#0/uStatTxDelayExp                   0 ns
00:00:45.688133 /Devices/e1000#0/uStatTxDelayed                    0 ns
00:00:45.688133 /Devices/e1000#0/uStatTxFrm                        0 ns
00:00:45.688134 /Devices/e1000#0/uStatTxIDE                        0 ns
00:00:45.688135 /Devices/e1000#0/uStatTxLarge                      0 ns
00:00:45.688135 /Devices/e1000#0/uStatTxNoRS                       0 ns
00:00:45.688143 /Devices/mc146818/Irq                              0 times
00:00:45.688144 /Devices/mc146818/IrqClear                         0 times
00:00:45.688145 /Devices/mc146818/PiActive                         0 ticks/call (           0 ticks,       0 calls, max         0, min      -1)
00:00:45.688146 /Devices/mc146818/PieFlip                          0 times
00:00:45.688147 /Devices/mc146818/TimerCB                          0 times
00:00:45.688148 /Devices/vga/HgmsiMdaCgaAccesses                   0 times
00:00:45.688149 /Devices/vga/VMSVGA/Cmd/3dActivateSurface          0 times
00:00:45.688150 /Devices/vga/VMSVGA/Cmd/3dBeginQuery               0 times
00:00:45.688151 /Devices/vga/VMSVGA/Cmd/3dBlitSurfaceToScreenProf         0 ticks/call (           0 ticks,       0 calls, max         0, min      -1)
00:00:45.688152 /Devices/vga/VMSVGA/Cmd/3dClear                    0 times
00:00:45.688153 /Devices/vga/VMSVGA/Cmd/3dContextDefine            0 times
00:00:45.688153 /Devices/vga/VMSVGA/Cmd/3dContextDestroy           0 times
00:00:45.688154 /Devices/vga/VMSVGA/Cmd/3dDeactivateSurface         0 times
00:00:45.688155 /Devices/vga/VMSVGA/Cmd/3dDrawPrimitives           0 times
00:00:45.688155 /Devices/vga/VMSVGA/Cmd/3dEndQuery                 0 times
00:00:45.688156 /Devices/vga/VMSVGA/Cmd/3dGenerateMipmaps          0 times
00:00:45.688156 /Devices/vga/VMSVGA/Cmd/3dPresent                  0 times
00:00:45.688157 /Devices/vga/VMSVGA/Cmd/3dPresentReadBack          0 times
00:00:45.688158 /Devices/vga/VMSVGA/Cmd/3dSetClipPlane             0 times
00:00:45.688159 /Devices/vga/VMSVGA/Cmd/3dSetLightData             0 times
00:00:45.688160 /Devices/vga/VMSVGA/Cmd/3dSetLightEnable           0 times
00:00:45.688161 /Devices/vga/VMSVGA/Cmd/3dSetMaterial              0 times
00:00:45.688162 /Devices/vga/VMSVGA/Cmd/3dSetRenderState           0 times
00:00:45.688163 /Devices/vga/VMSVGA/Cmd/3dSetRenderTarget          0 times
00:00:45.688164 /Devices/vga/VMSVGA/Cmd/3dSetScissorRect           0 times
00:00:45.688165 /Devices/vga/VMSVGA/Cmd/3dSetShader                0 times
00:00:45.688165 /Devices/vga/VMSVGA/Cmd/3dSetShaderConst           0 times
00:00:45.688166 /Devices/vga/VMSVGA/Cmd/3dSetTextureState          0 times
00:00:45.688166 /Devices/vga/VMSVGA/Cmd/3dSetTransform             0 times
00:00:45.688167 /Devices/vga/VMSVGA/Cmd/3dSetViewPort              0 times
00:00:45.688168 /Devices/vga/VMSVGA/Cmd/3dSetZRange                0 times
00:00:45.688169 /Devices/vga/VMSVGA/Cmd/3dShaderDefine             0 times
00:00:45.688170 /Devices/vga/VMSVGA/Cmd/3dShaderDestroy            0 times
00:00:45.688171 /Devices/vga/VMSVGA/Cmd/3dSurfaceCopy              0 times
00:00:45.688172 /Devices/vga/VMSVGA/Cmd/3dSurfaceDefine            0 times
00:00:45.688173 /Devices/vga/VMSVGA/Cmd/3dSurfaceDefineV2          0 times
00:00:45.688174 /Devices/vga/VMSVGA/Cmd/3dSurfaceDestroy           0 times
00:00:45.688175 /Devices/vga/VMSVGA/Cmd/3dSurfaceDma               0 times
00:00:45.688175 /Devices/vga/VMSVGA/Cmd/3dSurfaceScreen            0 times
00:00:45.688176 /Devices/vga/VMSVGA/Cmd/3dSurfaceStretchBlt         0 times
00:00:45.688176 /Devices/vga/VMSVGA/Cmd/3dWaitForQuery             0 times
00:00:45.688177 /Devices/vga/VMSVGA/Cmd/AnnotationCopy             0 times
00:00:45.688178 /Devices/vga/VMSVGA/Cmd/AnnotationFill             0 times
00:00:45.688178 /Devices/vga/VMSVGA/Cmd/BlitGmrFbToScreen          0 times
00:00:45.688179 /Devices/vga/VMSVGA/Cmd/BlitScreentoGmrFb          0 times
00:00:45.688180 /Devices/vga/VMSVGA/Cmd/DefineAlphaCursor          0 times
00:00:45.688180 /Devices/vga/VMSVGA/Cmd/DefineCursor               0 times
00:00:45.688182 /Devices/vga/VMSVGA/Cmd/DefineGmr2                 0 times
00:00:45.688183 /Devices/vga/VMSVGA/Cmd/DefineGmr2/Free            0 times
00:00:45.688184 /Devices/vga/VMSVGA/Cmd/DefineGmr2/Modify          0 times
00:00:45.688184 /Devices/vga/VMSVGA/Cmd/DefineGmrFb                0 times
00:00:45.688185 /Devices/vga/VMSVGA/Cmd/DefineScreen               0 times
00:00:45.688185 /Devices/vga/VMSVGA/Cmd/DestroyScreen              0 times
00:00:45.688186 /Devices/vga/VMSVGA/Cmd/DisplayCursor              0 times
00:00:45.688187 /Devices/vga/VMSVGA/Cmd/Escape                     0 times
00:00:45.688187 /Devices/vga/VMSVGA/Cmd/Fence                   1257 times
00:00:45.688188 /Devices/vga/VMSVGA/Cmd/InvalidCmd                 0 times
00:00:45.688189 /Devices/vga/VMSVGA/Cmd/MoveCursor                 0 times
00:00:45.688189 /Devices/vga/VMSVGA/Cmd/RectCopy                   0 times
00:00:45.688190 /Devices/vga/VMSVGA/Cmd/RectFill                   0 times
00:00:45.688191 /Devices/vga/VMSVGA/Cmd/RectRopCopy                0 times
00:00:45.688191 /Devices/vga/VMSVGA/Cmd/RemapGmr2                  0 times
00:00:45.688192 /Devices/vga/VMSVGA/Cmd/RemapGmr2/Modify           0 times
00:00:45.688193 /Devices/vga/VMSVGA/Cmd/Update                     0 times
00:00:45.688193 /Devices/vga/VMSVGA/Cmd/UpdateVerbose              0 times
00:00:45.688194 /Devices/vga/VMSVGA/EmtDelayOnBusyFifo             0 ticks/call (           0 ticks,       0 calls, max         0, min      -1)
00:00:45.688195 /Devices/vga/VMSVGA/FifoCommands                   0 times
00:00:45.688196 /Devices/vga/VMSVGA/FifoCursorFetchAgain           0 times
00:00:45.688197 /Devices/vga/VMSVGA/FifoCursorNoChange             0 times
00:00:45.688197 /Devices/vga/VMSVGA/FifoCursorPosition             0 times
00:00:45.688198 /Devices/vga/VMSVGA/FifoCursorVisiblity            0 times
00:00:45.688199 /Devices/vga/VMSVGA/FifoErrors                     0 times
00:00:45.688199 /Devices/vga/VMSVGA/FifoExtendedSleep      2217789518 ticks/call ( 95364949276 ticks,      43 calls, max 22221827412, min    2640)
00:00:45.688201 /Devices/vga/VMSVGA/FifoStalls                     0 ticks/call (           0 ticks,       0 calls, max         0, min      -1)
00:00:45.688203 /Devices/vga/VMSVGA/FifoTodoTimeout                0 times
00:00:45.688204 /Devices/vga/VMSVGA/FifoTodoWoken                 62 times
00:00:45.688205 /Devices/vga/VMSVGA/FifoUnknownCommands            0 times
00:00:45.688206 /Devices/vga/VMSVGA/FifoWatchdogWakeUps            1 times
00:00:45.688207 /Devices/vga/VMSVGA/Reg/BitsPerPixelRead           0 times
00:00:45.688208 /Devices/vga/VMSVGA/Reg/BitsPerPixelWrite          0 times
00:00:45.688209 /Devices/vga/VMSVGA/Reg/BlueMaskRead               0 times
00:00:45.688209 /Devices/vga/VMSVGA/Reg/BusyRead                   0 times
00:00:45.688210 /Devices/vga/VMSVGA/Reg/BusyWrite                  0 times
00:00:45.688211 /Devices/vga/VMSVGA/Reg/BytesPerLineRead           0 times
00:00:45.688211 /Devices/vga/VMSVGA/Reg/CapabilitesRead            1 times
00:00:45.688213 /Devices/vga/VMSVGA/Reg/CmdPrependHighRead         0 times
00:00:45.688214 /Devices/vga/VMSVGA/Reg/CmdPrependHighWrite         0 times
00:00:45.688215 /Devices/vga/VMSVGA/Reg/CmdPrependLowRead          0 times
00:00:45.688216 /Devices/vga/VMSVGA/Reg/CmdPrependLowWrite         0 times
00:00:45.688217 /Devices/vga/VMSVGA/Reg/CommandHighRead            0 times
00:00:45.688218 /Devices/vga/VMSVGA/Reg/CommandHighWrite        1258 times
00:00:45.688219 /Devices/vga/VMSVGA/Reg/CommandLowRead             0 times
00:00:45.688220 /Devices/vga/VMSVGA/Reg/CommandLowWrite         1258 times
00:00:45.688220 /Devices/vga/VMSVGA/Reg/ConfigDoneRead             1 times
00:00:45.688221 /Devices/vga/VMSVGA/Reg/ConfigDoneWrite            1 times
00:00:45.688222 /Devices/vga/VMSVGA/Reg/CursorIdRead               0 times
00:00:45.688222 /Devices/vga/VMSVGA/Reg/CursorIdWrite              0 times
00:00:45.688223 /Devices/vga/VMSVGA/Reg/CursorOnRead               0 times
00:00:45.688224 /Devices/vga/VMSVGA/Reg/CursorOnWrite              0 times
00:00:45.688225 /Devices/vga/VMSVGA/Reg/CursorXRead                0 times
00:00:45.688226 /Devices/vga/VMSVGA/Reg/CursorXWrite               0 times
00:00:45.688227 /Devices/vga/VMSVGA/Reg/CursorYRead                0 times
00:00:45.688227 /Devices/vga/VMSVGA/Reg/CursorYWrite               0 times
00:00:45.688228 /Devices/vga/VMSVGA/Reg/DepthRead                  0 times
00:00:45.688229 /Devices/vga/VMSVGA/Reg/DepthWrite                 0 times
00:00:45.688229 /Devices/vga/VMSVGA/Reg/DevCapRead               264 times
00:00:45.688230 /Devices/vga/VMSVGA/Reg/DevCapWrite              264 times
00:00:45.688231 /Devices/vga/VMSVGA/Reg/DisplayHeightRead          0 times
00:00:45.688231 /Devices/vga/VMSVGA/Reg/DisplayHeightWrite         0 times
00:00:45.688232 /Devices/vga/VMSVGA/Reg/DisplayIdRead              0 times
00:00:45.688232 /Devices/vga/VMSVGA/Reg/DisplayIdWrite             0 times
00:00:45.688233 /Devices/vga/VMSVGA/Reg/DisplayIsPrimaryRead         0 times
00:00:45.688234 /Devices/vga/VMSVGA/Reg/DisplayIsPrimaryWrite         0 times
00:00:45.688234 /Devices/vga/VMSVGA/Reg/DisplayPositionXRead         0 times
00:00:45.688235 /Devices/vga/VMSVGA/Reg/DisplayPositionXWrite         0 times
00:00:45.688235 /Devices/vga/VMSVGA/Reg/DisplayPositionYRead         0 times
00:00:45.688236 /Devices/vga/VMSVGA/Reg/DisplayPositionYWrite         0 times
00:00:45.688237 /Devices/vga/VMSVGA/Reg/DisplayWidthRead           0 times
00:00:45.688237 /Devices/vga/VMSVGA/Reg/DisplayWidthWrite          0 times
00:00:45.688238 /Devices/vga/VMSVGA/Reg/EnableRead                 1 times
00:00:45.688239 /Devices/vga/VMSVGA/Reg/EnableWrite                4 times
00:00:45.688239 /Devices/vga/VMSVGA/Reg/FbOffsetRead               0 times
00:00:45.688240 /Devices/vga/VMSVGA/Reg/FbSizeRead                 0 times
00:00:45.688241 /Devices/vga/VMSVGA/Reg/FbStartRead                0 times
00:00:45.688242 /Devices/vga/VMSVGA/Reg/GBMemSizeRead              0 times
00:00:45.688243 /Devices/vga/VMSVGA/Reg/GmrDescriptorWrite         0 times
00:00:45.688244 /Devices/vga/VMSVGA/Reg/GmrDescriptorWrite/Errors         0 times
00:00:45.688246 /Devices/vga/VMSVGA/Reg/GmrDescriptorWrite/Free         0 times
00:00:45.688246 /Devices/vga/VMSVGA/Reg/GmrIdRead                  0 times
00:00:45.688247 /Devices/vga/VMSVGA/Reg/GmrIdWrite                 0 times
00:00:45.688248 /Devices/vga/VMSVGA/Reg/GmrMaxDescriptorLengthRead         0 times
00:00:45.688248 /Devices/vga/VMSVGA/Reg/GmrMaxIdsRead              1 times
00:00:45.688249 /Devices/vga/VMSVGA/Reg/GmrsMaxPagesRead           1 times
00:00:45.688250 /Devices/vga/VMSVGA/Reg/GreenMaskRead              0 times
00:00:45.688250 /Devices/vga/VMSVGA/Reg/GuestIdRead                0 times
00:00:45.688251 /Devices/vga/VMSVGA/Reg/GuestIdWrite               0 times
00:00:45.688252 /Devices/vga/VMSVGA/Reg/HeightRead                 2 times
00:00:45.688252 /Devices/vga/VMSVGA/Reg/HeightWrite                0 times
00:00:45.688253 /Devices/vga/VMSVGA/Reg/HostBitsPerPixelRead         0 times
00:00:45.688254 /Devices/vga/VMSVGA/Reg/IdRead                     1 times
00:00:45.688254 /Devices/vga/VMSVGA/Reg/IdWrite                    1 times
00:00:45.688255 /Devices/vga/VMSVGA/Reg/IrqMaskRead                0 times
00:00:45.688256 /Devices/vga/VMSVGA/Reg/IrqMaskWrite               5 times
00:00:45.688256 /Devices/vga/VMSVGA/Reg/MaxHeightRead              1 times
00:00:45.688257 /Devices/vga/VMSVGA/Reg/MaxPrimBBMemRead           1 times
00:00:45.688258 /Devices/vga/VMSVGA/Reg/MaxWidthRead               1 times
00:00:45.688258 /Devices/vga/VMSVGA/Reg/MemRegsRead                1 times
00:00:45.688259 /Devices/vga/VMSVGA/Reg/MemSizeRead                1 times
00:00:45.688260 /Devices/vga/VMSVGA/Reg/MemStartRead               0 times
00:00:45.688260 /Devices/vga/VMSVGA/Reg/MemorySizeRead             1 times
00:00:45.688261 /Devices/vga/VMSVGA/Reg/MobMaxSizeRead             1 times
00:00:45.688262 /Devices/vga/VMSVGA/Reg/NumDisplaysRead           16 times
00:00:45.688262 /Devices/vga/VMSVGA/Reg/NumDisplaysWrite           0 times
00:00:45.688264 /Devices/vga/VMSVGA/Reg/NumGuestDisplaysRead         0 times
00:00:45.688265 /Devices/vga/VMSVGA/Reg/NumGuestDisplaysWrite         0 times
00:00:45.688265 /Devices/vga/VMSVGA/Reg/PaletteRead                0 times
00:00:45.688266 /Devices/vga/VMSVGA/Reg/PaletteWrite               0 times
00:00:45.688267 /Devices/vga/VMSVGA/Reg/PitchLockRead              0 times
00:00:45.688267 /Devices/vga/VMSVGA/Reg/PitchLockWrite             0 times
00:00:45.688268 /Devices/vga/VMSVGA/Reg/PseudoColorWrite           0 times
00:00:45.688269 /Devices/vga/VMSVGA/Reg/PsuedoColorRead            0 times
00:00:45.688269 /Devices/vga/VMSVGA/Reg/ReadOnlyWrite              0 times
00:00:45.688270 /Devices/vga/VMSVGA/Reg/RedMaskRead                0 times
00:00:45.688270 /Devices/vga/VMSVGA/Reg/ScratchRead                0 times
00:00:45.688271 /Devices/vga/VMSVGA/Reg/ScratchSizeRead            0 times
00:00:45.688272 /Devices/vga/VMSVGA/Reg/ScratchWrite               0 times
00:00:45.688272 /Devices/vga/VMSVGA/Reg/ScrnTgtMaxHeightRead         1 times
00:00:45.688273 /Devices/vga/VMSVGA/Reg/ScrnTgtMaxWidthRead         1 times
00:00:45.688274 /Devices/vga/VMSVGA/Reg/SyncRead                   0 times
00:00:45.688274 /Devices/vga/VMSVGA/Reg/SyncWrite                  0 times
00:00:45.688275 /Devices/vga/VMSVGA/Reg/TopRead                    0 times
00:00:45.688276 /Devices/vga/VMSVGA/Reg/TopWrite                   0 times
00:00:45.688276 /Devices/vga/VMSVGA/Reg/TracesRead                 1 times
00:00:45.688277 /Devices/vga/VMSVGA/Reg/TracesWrite                1 times
00:00:45.688278 /Devices/vga/VMSVGA/Reg/UnknownRead                0 times
00:00:45.688278 /Devices/vga/VMSVGA/Reg/UnknownWrite               0 times
00:00:45.688279 /Devices/vga/VMSVGA/Reg/VramSizeRead               1 times
00:00:45.688280 /Devices/vga/VMSVGA/Reg/WidthRead                  2 times
00:00:45.688281 /Devices/vga/VMSVGA/Reg/WidthWrite                 0 times
00:00:45.688282 /Devices/vga/VMSVGA/Reg/WriteOnlyRead              0 times
00:00:45.688286 /EM/CPU0/ExitHashing/Used                          0 times
00:00:45.688287 /EM/CPU0/ExitOpt/Exec                              0 ticks/call (           0 ticks,       0 calls, max         0, min      -1)
00:00:45.688288 /EM/CPU0/ExitOpt/ExecInstructions                  0 times
00:00:45.688289 /EM/CPU0/ExitOpt/ExecSavedExit                     0 times
00:00:45.688289 /EM/CPU0/ExitOpt/Probe                             0 ticks/call (           0 ticks,       0 calls, max         0, min      -1)
00:00:45.688290 /EM/CPU0/ExitOpt/ProbeInstructions                 0 times
00:00:45.688291 /EM/CPU0/ExitOpt/ProbedExecWithMax                 0 times
00:00:45.688292 /EM/CPU0/ExitOpt/ProbedNormal                      0 times
00:00:45.688292 /EM/CPU0/ExitOpt/ProbedToRing3                     0 times
00:00:45.688295 /EM/CPU1/ExitHashing/Used                          0 times
00:00:45.688296 /EM/CPU1/ExitOpt/Exec                              0 ticks/call (           0 ticks,       0 calls, max         0, min      -1)
00:00:45.688297 /EM/CPU1/ExitOpt/ExecInstructions                  0 times
00:00:45.688297 /EM/CPU1/ExitOpt/ExecSavedExit                     0 times
00:00:45.688298 /EM/CPU1/ExitOpt/Probe                             0 ticks/call (           0 ticks,       0 calls, max         0, min      -1)
00:00:45.688299 /EM/CPU1/ExitOpt/ProbeInstructions                 0 times
00:00:45.688300 /EM/CPU1/ExitOpt/ProbedExecWithMax                 0 times
00:00:45.688300 /EM/CPU1/ExitOpt/ProbedNormal                      0 times
00:00:45.688301 /EM/CPU1/ExitOpt/ProbedToRing3                     0 times
00:00:45.688304 /EM/CPU2/ExitHashing/Used                          0 times
00:00:45.688304 /EM/CPU2/ExitOpt/Exec                              0 ticks/call (           0 ticks,       0 calls, max         0, min      -1)
00:00:45.688305 /EM/CPU2/ExitOpt/ExecInstructions                  0 times
00:00:45.688306 /EM/CPU2/ExitOpt/ExecSavedExit                     0 times
00:00:45.688307 /EM/CPU2/ExitOpt/Probe                             0 ticks/call (           0 ticks,       0 calls, max         0, min      -1)
00:00:45.688309 /EM/CPU2/ExitOpt/ProbeInstructions                 0 times
00:00:45.688309 /EM/CPU2/ExitOpt/ProbedExecWithMax                 0 times
00:00:45.688310 /EM/CPU2/ExitOpt/ProbedNormal                      0 times
00:00:45.688311 /EM/CPU2/ExitOpt/ProbedToRing3                     0 times
00:00:45.688314 /EM/CPU3/ExitHashing/Used                          0 times
00:00:45.688315 /EM/CPU3/ExitOpt/Exec                              0 ticks/call (           0 ticks,       0 calls, max         0, min      -1)
00:00:45.688316 /EM/CPU3/ExitOpt/ExecInstructions                  0 times
00:00:45.688318 /EM/CPU3/ExitOpt/ExecSavedExit                     0 times
00:00:45.688319 /EM/CPU3/ExitOpt/Probe                             0 ticks/call (           0 ticks,       0 calls, max         0, min      -1)
00:00:45.688320 /EM/CPU3/ExitOpt/ProbeInstructions                 0 times
00:00:45.688321 /EM/CPU3/ExitOpt/ProbedExecWithMax                 0 times
00:00:45.688322 /EM/CPU3/ExitOpt/ProbedNormal                      0 times
00:00:45.688323 /EM/CPU3/ExitOpt/ProbedToRing3                     0 times
00:00:45.688324 /GIM/Hypercalls                                    1 times
00:00:45.688325 /GMM/ChunkTlbHits                                  0 times
00:00:45.688326 /GMM/ChunkTlbMisses                                0 times
00:00:45.688331 /GMM/VM/Allocated/cBasePages                 1188423 pages
00:00:45.688332 /GMM/VM/Allocated/cFixedPages                      0 pages
00:00:45.688333 /GMM/VM/Allocated/cShadowPages                     0 pages
00:00:45.688334 /GMM/VM/Reserved/cBasePages                  2097255 pages
00:00:45.688334 /GMM/VM/Reserved/cFixedPages                   34308 pages
00:00:45.688336 /GMM/VM/Reserved/cShadowPages                      1 pages
00:00:45.688337 /GMM/VM/cBalloonedPages                            0 pages
00:00:45.688337 /GMM/VM/cMaxBalloonedPages                         0 pages
00:00:45.688338 /GMM/VM/cPrivatePages                        1188423 pages
00:00:45.688339 /GMM/VM/cReqActuallyBalloonedPages                 0 pages
00:00:45.688339 /GMM/VM/cReqBalloonedPages                         0 pages
00:00:45.688340 /GMM/VM/cReqDeflatePages                           0 pages
00:00:45.688341 /GMM/VM/cShareableModules                          0 count
00:00:45.688342 /GMM/VM/cSharedPages                               0 pages
00:00:45.688342 /GMM/VM/enmPolicy                                  1 
00:00:45.688343 /GMM/VM/enmPriority                                2 
00:00:45.688344 /GMM/VM/fBallooningEnabled                 false    
00:00:45.688345 /GMM/VM/fMayAllocate                       true     
00:00:45.688345 /GMM/VM/fSharedPagingEnabled               false    
00:00:45.688346 /GMM/cAllocatedPages                         1188423 pages
00:00:45.688347 /GMM/cBalloonedPages                               0 pages
00:00:45.688348 /GMM/cChunks                                    2322 count
00:00:45.688349 /GMM/cDuplicatePages                               0 pages
00:00:45.688350 /GMM/cFreedChunks                                  0 count
00:00:45.688350 /GMM/cLeftBehindSharedPages                        0 pages
00:00:45.688351 /GMM/cMaxPages                             4294967295 pages
00:00:45.688352 /GMM/cOverCommittedPages                           0 pages
00:00:45.688353 /GMM/cReservedPages                          2131564 pages
00:00:45.688354 /GMM/cShareableModules                             0 count
00:00:45.688355 /GMM/cSharedPages                                  0 pages
00:00:45.688356 /GMM/idFreeGeneration                      4611686018427387775 
00:00:45.688397 /GVMM/EMTs                                         4 count
00:00:45.688399 /GVMM/HostCPUs                                    16 count
00:00:45.688399 /GVMM/HostCpus/0                                   0 
00:00:45.688400 /GVMM/HostCpus/0/CurTimerHz                        0 Hz
00:00:45.688401 /GVMM/HostCpus/0/DesiredHz                         0 Hz
00:00:45.688403 /GVMM/HostCpus/0/PPTChanges                        0 times
00:00:45.688404 /GVMM/HostCpus/0/PPTStarts                         0 times
00:00:45.688405 /GVMM/HostCpus/0/idxCpuSet                         0 
00:00:45.688405 /GVMM/HostCpus/1                                   1 
00:00:45.688406 /GVMM/HostCpus/1/CurTimerHz                        0 Hz
00:00:45.688407 /GVMM/HostCpus/1/DesiredHz                         0 Hz
00:00:45.688407 /GVMM/HostCpus/1/PPTChanges                        0 times
00:00:45.688408 /GVMM/HostCpus/1/PPTStarts                         0 times
00:00:45.688409 /GVMM/HostCpus/1/idxCpuSet                         1 
00:00:45.688410 /GVMM/HostCpus/10                                 10 
00:00:45.688410 /GVMM/HostCpus/10/CurTimerHz                       0 Hz
00:00:45.688411 /GVMM/HostCpus/10/DesiredHz                        0 Hz
00:00:45.688412 /GVMM/HostCpus/10/PPTChanges                       0 times
00:00:45.688412 /GVMM/HostCpus/10/PPTStarts                        0 times
00:00:45.688413 /GVMM/HostCpus/10/idxCpuSet                       10 
00:00:45.688414 /GVMM/HostCpus/11                                 11 
00:00:45.688415 /GVMM/HostCpus/11/CurTimerHz                       0 Hz
00:00:45.688415 /GVMM/HostCpus/11/DesiredHz                        0 Hz
00:00:45.688416 /GVMM/HostCpus/11/PPTChanges                       0 times
00:00:45.688417 /GVMM/HostCpus/11/PPTStarts                        0 times
00:00:45.688417 /GVMM/HostCpus/11/idxCpuSet                       11 
00:00:45.688418 /GVMM/HostCpus/12                                 12 
00:00:45.688419 /GVMM/HostCpus/12/CurTimerHz                       0 Hz
00:00:45.688419 /GVMM/HostCpus/12/DesiredHz                        0 Hz
00:00:45.688420 /GVMM/HostCpus/12/PPTChanges                       0 times
00:00:45.688421 /GVMM/HostCpus/12/PPTStarts                        0 times
00:00:45.688421 /GVMM/HostCpus/12/idxCpuSet                       12 
00:00:45.688422 /GVMM/HostCpus/13                                 13 
00:00:45.688423 /GVMM/HostCpus/13/CurTimerHz                       0 Hz
00:00:45.688424 /GVMM/HostCpus/13/DesiredHz                        0 Hz
00:00:45.688424 /GVMM/HostCpus/13/PPTChanges                       0 times
00:00:45.688425 /GVMM/HostCpus/13/PPTStarts                        0 times
00:00:45.688426 /GVMM/HostCpus/13/idxCpuSet                       13 
00:00:45.688426 /GVMM/HostCpus/14                                 14 
00:00:45.688427 /GVMM/HostCpus/14/CurTimerHz                       0 Hz
00:00:45.688428 /GVMM/HostCpus/14/DesiredHz                        0 Hz
00:00:45.688428 /GVMM/HostCpus/14/PPTChanges                       0 times
00:00:45.688429 /GVMM/HostCpus/14/PPTStarts                        0 times
00:00:45.688430 /GVMM/HostCpus/14/idxCpuSet                       14 
00:00:45.688430 /GVMM/HostCpus/15                                 15 
00:00:45.688431 /GVMM/HostCpus/15/CurTimerHz                       0 Hz
00:00:45.688432 /GVMM/HostCpus/15/DesiredHz                        0 Hz
00:00:45.688434 /GVMM/HostCpus/15/PPTChanges                       0 times
00:00:45.688435 /GVMM/HostCpus/15/PPTStarts                        0 times
00:00:45.688436 /GVMM/HostCpus/15/idxCpuSet                       15 
00:00:45.688437 /GVMM/HostCpus/2                                   2 
00:00:45.688438 /GVMM/HostCpus/2/CurTimerHz                        0 Hz
00:00:45.688439 /GVMM/HostCpus/2/DesiredHz                         0 Hz
00:00:45.688439 /GVMM/HostCpus/2/PPTChanges                        0 times
00:00:45.688440 /GVMM/HostCpus/2/PPTStarts                         0 times
00:00:45.688441 /GVMM/HostCpus/2/idxCpuSet                         2 
00:00:45.688441 /GVMM/HostCpus/3                                   3 
00:00:45.688442 /GVMM/HostCpus/3/CurTimerHz                        0 Hz
00:00:45.688443 /GVMM/HostCpus/3/DesiredHz                         0 Hz
00:00:45.688444 /GVMM/HostCpus/3/PPTChanges                        0 times
00:00:45.688444 /GVMM/HostCpus/3/PPTStarts                         0 times
00:00:45.688445 /GVMM/HostCpus/3/idxCpuSet                         3 
00:00:45.688447 /GVMM/HostCpus/4                                   4 
00:00:45.688448 /GVMM/HostCpus/4/CurTimerHz                        0 Hz
00:00:45.688448 /GVMM/HostCpus/4/DesiredHz                         0 Hz
00:00:45.688449 /GVMM/HostCpus/4/PPTChanges                        0 times
00:00:45.688450 /GVMM/HostCpus/4/PPTStarts                         0 times
00:00:45.688450 /GVMM/HostCpus/4/idxCpuSet                         4 
00:00:45.688451 /GVMM/HostCpus/5                                   5 
00:00:45.688452 /GVMM/HostCpus/5/CurTimerHz                        0 Hz
00:00:45.688453 /GVMM/HostCpus/5/DesiredHz                         0 Hz
00:00:45.688453 /GVMM/HostCpus/5/PPTChanges                        0 times
00:00:45.688454 /GVMM/HostCpus/5/PPTStarts                         0 times
00:00:45.688455 /GVMM/HostCpus/5/idxCpuSet                         5 
00:00:45.688455 /GVMM/HostCpus/6                                   6 
00:00:45.688456 /GVMM/HostCpus/6/CurTimerHz                        0 Hz
00:00:45.688457 /GVMM/HostCpus/6/DesiredHz                         0 Hz
00:00:45.688458 /GVMM/HostCpus/6/PPTChanges                        0 times
00:00:45.688458 /GVMM/HostCpus/6/PPTStarts                         0 times
00:00:45.688459 /GVMM/HostCpus/6/idxCpuSet                         6 
00:00:45.688460 /GVMM/HostCpus/7                                   7 
00:00:45.688460 /GVMM/HostCpus/7/CurTimerHz                        0 Hz
00:00:45.688461 /GVMM/HostCpus/7/DesiredHz                         0 Hz
00:00:45.688462 /GVMM/HostCpus/7/PPTChanges                        0 times
00:00:45.688462 /GVMM/HostCpus/7/PPTStarts                         0 times
00:00:45.688463 /GVMM/HostCpus/7/idxCpuSet                         7 
00:00:45.688464 /GVMM/HostCpus/8                                   8 
00:00:45.688465 /GVMM/HostCpus/8/CurTimerHz                        0 Hz
00:00:45.688465 /GVMM/HostCpus/8/DesiredHz                         0 Hz
00:00:45.688466 /GVMM/HostCpus/8/PPTChanges                        0 times
00:00:45.688467 /GVMM/HostCpus/8/PPTStarts                         0 times
00:00:45.688467 /GVMM/HostCpus/8/idxCpuSet                         8 
00:00:45.688468 /GVMM/HostCpus/9                                   9 
00:00:45.688469 /GVMM/HostCpus/9/CurTimerHz                        0 Hz
00:00:45.688470 /GVMM/HostCpus/9/DesiredHz                         0 Hz
00:00:45.688470 /GVMM/HostCpus/9/PPTChanges                        0 times
00:00:45.688471 /GVMM/HostCpus/9/PPTStarts                         0 times
00:00:45.688472 /GVMM/HostCpus/9/idxCpuSet                         9 
00:00:45.688474 /GVMM/Sum/HaltBlocking                         42028 calls
00:00:45.688475 /GVMM/Sum/HaltCalls                            42023 calls
00:00:45.688477 /GVMM/Sum/HaltNotBlocking                         11 calls
00:00:45.688477 /GVMM/Sum/HaltTimeouts                          1884 calls
00:00:45.688478 /GVMM/Sum/HaltWakeUps                              0 calls
00:00:45.688479 /GVMM/Sum/PokeCalls                             4592 calls
00:00:45.688480 /GVMM/Sum/PokeNotBusy                             95 calls
00:00:45.688481 /GVMM/Sum/PollCalls                                0 calls
00:00:45.688481 /GVMM/Sum/PollHalts                                0 calls
00:00:45.688482 /GVMM/Sum/PollWakeUps                              0 calls
00:00:45.688483 /GVMM/Sum/WakeUpCalls                          40317 calls
00:00:45.688484 /GVMM/Sum/WakeUpNotHalted                        672 calls
00:00:45.688484 /GVMM/Sum/WakeUpWakeUps                            0 calls
00:00:45.688485 /GVMM/VCpus/0/Start                                0 ticks/call (           0 ticks,       0 calls, max         0, min       0)
00:00:45.688486 /GVMM/VCpus/0/Stop                                 0 ticks/call (           0 ticks,       0 calls, max         0, min       0)
00:00:45.688487 /GVMM/VCpus/0/cWakeUpTimerCanceled                 0 times
00:00:45.688488 /GVMM/VCpus/0/cWakeUpTimerHits                     0 times
00:00:45.688489 /GVMM/VCpus/0/cWakeUpTimerMisses                   0 times
00:00:45.688491 /GVMM/VCpus/0/cWakeUpTimerSameCpu                  0 times
00:00:45.688491 /GVMM/VCpus/1/Start                                0 ticks/call (           0 ticks,       0 calls, max         0, min       0)
00:00:45.688492 /GVMM/VCpus/1/Stop                                 0 ticks/call (           0 ticks,       0 calls, max         0, min       0)
00:00:45.688493 /GVMM/VCpus/1/cWakeUpTimerCanceled                 0 times
00:00:45.688494 /GVMM/VCpus/1/cWakeUpTimerHits                     0 times
00:00:45.688495 /GVMM/VCpus/1/cWakeUpTimerMisses                   0 times
00:00:45.688495 /GVMM/VCpus/1/cWakeUpTimerSameCpu                  0 times
00:00:45.688496 /GVMM/VCpus/2/Start                                0 ticks/call (           0 ticks,       0 calls, max         0, min       0)
00:00:45.688497 /GVMM/VCpus/2/Stop                                 0 ticks/call (           0 ticks,       0 calls, max         0, min       0)
00:00:45.688498 /GVMM/VCpus/2/cWakeUpTimerCanceled                 0 times
00:00:45.688499 /GVMM/VCpus/2/cWakeUpTimerHits                     0 times
00:00:45.688499 /GVMM/VCpus/2/cWakeUpTimerMisses                   0 times
00:00:45.688500 /GVMM/VCpus/2/cWakeUpTimerSameCpu                  0 times
00:00:45.688500 /GVMM/VCpus/3/Start                                0 ticks/call (           0 ticks,       0 calls, max         0, min       0)
00:00:45.688501 /GVMM/VCpus/3/Stop                                 0 ticks/call (           0 ticks,       0 calls, max         0, min       0)
00:00:45.688502 /GVMM/VCpus/3/cWakeUpTimerCanceled                 0 times
00:00:45.688503 /GVMM/VCpus/3/cWakeUpTimerHits                     0 times
00:00:45.688504 /GVMM/VCpus/3/cWakeUpTimerMisses                   0 times
00:00:45.688504 /GVMM/VCpus/3/cWakeUpTimerSameCpu                  0 times
00:00:45.688505 /GVMM/VM/HaltBlocking                          42028 calls
00:00:45.688506 /GVMM/VM/HaltCalls                             42023 calls
00:00:45.688507 /GVMM/VM/HaltNotBlocking                          11 calls
00:00:45.688507 /GVMM/VM/HaltTimeouts                           1884 calls
00:00:45.688508 /GVMM/VM/HaltWakeUps                               0 calls
00:00:45.688509 /GVMM/VM/PokeCalls                              4592 calls
00:00:45.688510 /GVMM/VM/PokeNotBusy                              95 calls
00:00:45.688510 /GVMM/VM/PollCalls                                 0 calls
00:00:45.688511 /GVMM/VM/PollHalts                                 0 calls
00:00:45.688512 /GVMM/VM/PollWakeUps                               0 calls
00:00:45.688513 /GVMM/VM/WakeUpCalls                           40317 calls
00:00:45.688513 /GVMM/VM/WakeUpNotHalted                         672 calls
00:00:45.688515 /GVMM/VM/WakeUpWakeUps                             0 calls
00:00:45.688516 /GVMM/VMs                                          1 count
00:00:45.688518 /HGCM/FailedPageListLocking                        0 count
00:00:45.688519 /HGCM/LargeCmdAllocs                               0 count
00:00:45.688520 /HGCM/MsgArrival                                   0 ticks/call (           0 ticks,       0 calls, max         0, min      -1)
00:00:45.688521 /HGCM/MsgCompletion                                0 ticks/call (           0 ticks,       0 calls, max         0, min      -1)
00:00:45.688522 /HGCM/MsgTotal                                     0 ticks/call (           0 ticks,       0 calls, max         0, min      -1)
00:00:45.688523 /HM/CPU0/Exit/HostNmiInGC                          1 times
00:00:45.688524 /HM/CPU0/Exit/HostNmiInGCIpi                       0 times
00:00:45.688525 /HM/CPU0/Exit/PreemptTimer                      1424 times
00:00:45.688526 /HM/CPU0/Exit/Trap/Gst/#AC                         0 times
00:00:45.688526 /HM/CPU0/Exit/Trap/Gst/#AC-split-lock              0 times
00:00:45.688527 /HM/CPU0/ImportGuestStateFallback                  0 times
00:00:45.688528 /HM/CPU0/PreemptTimer                           1424 times
00:00:45.688529 /HM/CPU0/PreemptTimer/RecalcingDeadline        20918 times
00:00:45.688531 /HM/CPU0/PreemptTimer/RecalcingDeadlineExpired       307 times
00:00:45.688532 /HM/CPU0/PreemptTimer/ReusingDeadline           1053 times
00:00:45.688533 /HM/CPU0/PreemptTimer/ReusingDeadlineExpired       978 times
00:00:45.688533 /HM/CPU0/ReadToTransientFallback                   0 times
00:00:45.688534 /HM/CPU0/Switch/Preempting                        43 times
00:00:45.688535 /HM/CPU1/Exit/HostNmiInGC                          0 times
00:00:45.688536 /HM/CPU1/Exit/HostNmiInGCIpi                       0 times
00:00:45.688536 /HM/CPU1/Exit/PreemptTimer                      3495 times
00:00:45.688537 /HM/CPU1/Exit/Trap/Gst/#AC                         0 times
00:00:45.688538 /HM/CPU1/Exit/Trap/Gst/#AC-split-lock              0 times
00:00:45.688539 /HM/CPU1/ImportGuestStateFallback                  0 times
00:00:45.688539 /HM/CPU1/PreemptTimer                           3495 times
00:00:45.688540 /HM/CPU1/PreemptTimer/RecalcingDeadline        20162 times
00:00:45.688541 /HM/CPU1/PreemptTimer/RecalcingDeadlineExpired       415 times
00:00:45.688541 /HM/CPU1/PreemptTimer/ReusingDeadline           2904 times
00:00:45.688542 /HM/CPU1/PreemptTimer/ReusingDeadlineExpired      2904 times
00:00:45.688543 /HM/CPU1/ReadToTransientFallback                   0 times
00:00:45.688543 /HM/CPU1/Switch/Preempting                      2223 times
00:00:45.688544 /HM/CPU2/Exit/HostNmiInGC                          0 times
00:00:45.688545 /HM/CPU2/Exit/HostNmiInGCIpi                       0 times
00:00:45.688546 /HM/CPU2/Exit/PreemptTimer                       674 times
00:00:45.688547 /HM/CPU2/Exit/Trap/Gst/#AC                         0 times
00:00:45.688547 /HM/CPU2/Exit/Trap/Gst/#AC-split-lock              0 times
00:00:45.688548 /HM/CPU2/ImportGuestStateFallback                  0 times
00:00:45.688549 /HM/CPU2/PreemptTimer                            674 times
00:00:45.688550 /HM/CPU2/PreemptTimer/RecalcingDeadline         5453 times
00:00:45.688550 /HM/CPU2/PreemptTimer/RecalcingDeadlineExpired       377 times
00:00:45.688551 /HM/CPU2/PreemptTimer/ReusingDeadline            411 times
00:00:45.688551 /HM/CPU2/PreemptTimer/ReusingDeadlineExpired       411 times
00:00:45.688552 /HM/CPU2/ReadToTransientFallback                   0 times
00:00:45.688553 /HM/CPU2/Switch/Preempting                        53 times
00:00:45.688554 /HM/CPU3/Exit/HostNmiInGC                          0 times
00:00:45.688554 /HM/CPU3/Exit/HostNmiInGCIpi                       0 times
00:00:45.688555 /HM/CPU3/Exit/PreemptTimer                       220 times
00:00:45.688556 /HM/CPU3/Exit/Trap/Gst/#AC                         0 times
00:00:45.688557 /HM/CPU3/Exit/Trap/Gst/#AC-split-lock              0 times
00:00:45.688558 /HM/CPU3/ImportGuestStateFallback                  0 times
00:00:45.688559 /HM/CPU3/PreemptTimer                            220 times
00:00:45.688560 /HM/CPU3/PreemptTimer/RecalcingDeadline        19525 times
00:00:45.688562 /HM/CPU3/PreemptTimer/RecalcingDeadlineExpired        31 times
00:00:45.688562 /HM/CPU3/PreemptTimer/ReusingDeadline             13 times
00:00:45.688563 /HM/CPU3/PreemptTimer/ReusingDeadlineExpired        13 times
00:00:45.688564 /HM/CPU3/ReadToTransientFallback                   0 times
00:00:45.688564 /HM/CPU3/Switch/Preempting                       271 times
00:00:45.688571 /IEM/CPU0/Tlb/Code/InvlPg                          0 
00:00:45.688572 /IEM/CPU0/Tlb/Code/InvlPg/LargeGlobal              0 
00:00:45.688572 /IEM/CPU0/Tlb/Code/InvlPg/LargeNonGlobal           0 
00:00:45.688573 /IEM/CPU0/Tlb/Code/LargePageGlobalCurLoads         0 count
00:00:45.688574 /IEM/CPU0/Tlb/Code/LargePageGlobalFirstTag ffffffffffffffff count
00:00:45.688575 /IEM/CPU0/Tlb/Code/LargePageGlobalLastTag          0 count
00:00:45.688575 /IEM/CPU0/Tlb/Code/LargePageNonGlobalCurLoads         0 count
00:00:45.688576 /IEM/CPU0/Tlb/Code/LargePageNonGlobalFirstTag ffffffffffffffff count
00:00:45.688577 /IEM/CPU0/Tlb/Code/LargePageNonGlobalLastTag         0 count
00:00:45.688577 /IEM/CPU0/Tlb/Code/Misses                          0 count
00:00:45.688579 /IEM/CPU0/Tlb/Code/Misses/GlobalLoads              0 count
00:00:45.688580 /IEM/CPU0/Tlb/Code/PhysicalRevision        fffffffffffce000 
00:00:45.688581 /IEM/CPU0/Tlb/Code/PhysicalRevisionFlushes         0 
00:00:45.688582 /IEM/CPU0/Tlb/Code/PhysicalRevisionRollovers         0 
00:00:45.688582 /IEM/CPU0/Tlb/Code/RevisionGlobal          fffff38000000000 
00:00:45.688583 /IEM/CPU0/Tlb/Code/RevisionGlobalFlushes           0 
00:00:45.688584 /IEM/CPU0/Tlb/Code/RevisionNonGlobal       fffff38000000000 
00:00:45.688584 /IEM/CPU0/Tlb/Code/RevisionNonGlobalFlushes         0 
00:00:45.688585 /IEM/CPU0/Tlb/Code/RevisionRollovers               0 
00:00:45.688586 /IEM/CPU0/Tlb/Code/SlowReads                       0 count
00:00:45.688586 /IEM/CPU0/Tlb/Data/InvlPg                          0 
00:00:45.688587 /IEM/CPU0/Tlb/Data/InvlPg/LargeGlobal              0 
00:00:45.688588 /IEM/CPU0/Tlb/Data/InvlPg/LargeNonGlobal           0 
00:00:45.688589 /IEM/CPU0/Tlb/Data/LargePageGlobalCurLoads         0 count
00:00:45.688589 /IEM/CPU0/Tlb/Data/LargePageGlobalFirstTag ffffffffffffffff count
00:00:45.688590 /IEM/CPU0/Tlb/Data/LargePageGlobalLastTag          0 count
00:00:45.688591 /IEM/CPU0/Tlb/Data/LargePageNonGlobalCurLoads         0 count
00:00:45.688591 /IEM/CPU0/Tlb/Data/LargePageNonGlobalFirstTag ffffffffffffffff count
00:00:45.688592 /IEM/CPU0/Tlb/Data/LargePageNonGlobalLastTag         0 count
00:00:45.688593 /IEM/CPU0/Tlb/Data/Misses                          0 count
00:00:45.688593 /IEM/CPU0/Tlb/Data/Misses/Core                     0 count
00:00:45.688595 /IEM/CPU0/Tlb/Data/Misses/Core/GlobalLoads         0 count
00:00:45.688596 /IEM/CPU0/Tlb/Data/Misses/Safe                     0 count
00:00:45.688597 /IEM/CPU0/Tlb/Data/Misses/Safe/Reads               0 count
00:00:45.688598 /IEM/CPU0/Tlb/Data/Misses/Safe/SubPartHits         0 count
00:00:45.688599 /IEM/CPU0/Tlb/Data/Misses/Safe/SubPartMisses         0 count
00:00:45.688600 /IEM/CPU0/Tlb/Data/Misses/Safe/SubPartMisses/GlobalLoads         0 count
00:00:45.688600 /IEM/CPU0/Tlb/Data/Misses/Safe/Writes              0 count
00:00:45.688601 /IEM/CPU0/Tlb/Data/PhysicalRevision        fffffffffffce000 
00:00:45.688602 /IEM/CPU0/Tlb/Data/PhysicalRevisionFlushes         0 
00:00:45.688603 /IEM/CPU0/Tlb/Data/PhysicalRevisionRollovers         0 
00:00:45.688603 /IEM/CPU0/Tlb/Data/RevisionGlobal          fffff38000000000 
00:00:45.688604 /IEM/CPU0/Tlb/Data/RevisionGlobalFlushes           0 
00:00:45.688604 /IEM/CPU0/Tlb/Data/RevisionNonGlobal       fffff38000000000 
00:00:45.688605 /IEM/CPU0/Tlb/Data/RevisionNonGlobalFlushes         0 
00:00:45.688606 /IEM/CPU0/Tlb/Data/RevisionRollovers               0 
00:00:45.688606 /IEM/CPU0/cInstructions                        39602 count
00:00:45.688607 /IEM/CPU0/cLongJumps                            1611 bytes
00:00:45.688608 /IEM/CPU0/cMisalignedAtomics                       0 bytes
00:00:45.688609 /IEM/CPU0/cPendingCommit                           0 bytes
00:00:45.688610 /IEM/CPU0/cPotentialExits                     115763 count
00:00:45.688611 /IEM/CPU0/cRetAspectNotImplemented                 0 count
00:00:45.688611 /IEM/CPU0/cRetErrStatuses                          0 count
00:00:45.688612 /IEM/CPU0/cRetInfStatuses                       1622 count
00:00:45.688613 /IEM/CPU0/cRetInstrNotImplemented                  0 count
00:00:45.688619 /IEM/CPU1/Tlb/Code/InvlPg                          0 
00:00:45.688620 /IEM/CPU1/Tlb/Code/InvlPg/LargeGlobal              0 
00:00:45.688620 /IEM/CPU1/Tlb/Code/InvlPg/LargeNonGlobal           0 
00:00:45.688621 /IEM/CPU1/Tlb/Code/LargePageGlobalCurLoads         0 count
00:00:45.688622 /IEM/CPU1/Tlb/Code/LargePageGlobalFirstTag ffffffffffffffff count
00:00:45.688622 /IEM/CPU1/Tlb/Code/LargePageGlobalLastTag          0 count
00:00:45.688623 /IEM/CPU1/Tlb/Code/LargePageNonGlobalCurLoads         0 count
00:00:45.688623 /IEM/CPU1/Tlb/Code/LargePageNonGlobalFirstTag ffffffffffffffff count
00:00:45.688624 /IEM/CPU1/Tlb/Code/LargePageNonGlobalLastTag         0 count
00:00:45.688625 /IEM/CPU1/Tlb/Code/Misses                          0 count
00:00:45.688627 /IEM/CPU1/Tlb/Code/Misses/GlobalLoads              0 count
00:00:45.688627 /IEM/CPU1/Tlb/Code/PhysicalRevision        fffffffffffce000 
00:00:45.688628 /IEM/CPU1/Tlb/Code/PhysicalRevisionFlushes         0 
00:00:45.688629 /IEM/CPU1/Tlb/Code/PhysicalRevisionRollovers         0 
00:00:45.688629 /IEM/CPU1/Tlb/Code/RevisionGlobal          fffff38000000000 
00:00:45.688630 /IEM/CPU1/Tlb/Code/RevisionGlobalFlushes           0 
00:00:45.688631 /IEM/CPU1/Tlb/Code/RevisionNonGlobal       fffff38000000000 
00:00:45.688632 /IEM/CPU1/Tlb/Code/RevisionNonGlobalFlushes         0 
00:00:45.688633 /IEM/CPU1/Tlb/Code/RevisionRollovers               0 
00:00:45.688633 /IEM/CPU1/Tlb/Code/SlowReads                       0 count
00:00:45.688634 /IEM/CPU1/Tlb/Data/InvlPg                          0 
00:00:45.688636 /IEM/CPU1/Tlb/Data/InvlPg/LargeGlobal              0 
00:00:45.688637 /IEM/CPU1/Tlb/Data/InvlPg/LargeNonGlobal           0 
00:00:45.688638 /IEM/CPU1/Tlb/Data/LargePageGlobalCurLoads         0 count
00:00:45.688639 /IEM/CPU1/Tlb/Data/LargePageGlobalFirstTag ffffffffffffffff count
00:00:45.688640 /IEM/CPU1/Tlb/Data/LargePageGlobalLastTag          0 count
00:00:45.688640 /IEM/CPU1/Tlb/Data/LargePageNonGlobalCurLoads         0 count
00:00:45.688641 /IEM/CPU1/Tlb/Data/LargePageNonGlobalFirstTag ffffffffffffffff count
00:00:45.688642 /IEM/CPU1/Tlb/Data/LargePageNonGlobalLastTag         0 count
00:00:45.688643 /IEM/CPU1/Tlb/Data/Misses                          0 count
00:00:45.688643 /IEM/CPU1/Tlb/Data/Misses/Core                     0 count
00:00:45.688644 /IEM/CPU1/Tlb/Data/Misses/Core/GlobalLoads         0 count
00:00:45.688645 /IEM/CPU1/Tlb/Data/Misses/Safe                     0 count
00:00:45.688645 /IEM/CPU1/Tlb/Data/Misses/Safe/Reads               0 count
00:00:45.688646 /IEM/CPU1/Tlb/Data/Misses/Safe/SubPartHits         0 count
00:00:45.688647 /IEM/CPU1/Tlb/Data/Misses/Safe/SubPartMisses         0 count
00:00:45.688647 /IEM/CPU1/Tlb/Data/Misses/Safe/SubPartMisses/GlobalLoads         0 count
00:00:45.688648 /IEM/CPU1/Tlb/Data/Misses/Safe/Writes              0 count
00:00:45.688649 /IEM/CPU1/Tlb/Data/PhysicalRevision        fffffffffffce000 
00:00:45.688649 /IEM/CPU1/Tlb/Data/PhysicalRevisionFlushes         0 
00:00:45.688650 /IEM/CPU1/Tlb/Data/PhysicalRevisionRollovers         0 
00:00:45.688651 /IEM/CPU1/Tlb/Data/RevisionGlobal          fffff38000000000 
00:00:45.688651 /IEM/CPU1/Tlb/Data/RevisionGlobalFlushes           0 
00:00:45.688652 /IEM/CPU1/Tlb/Data/RevisionNonGlobal       fffff38000000000 
00:00:45.688653 /IEM/CPU1/Tlb/Data/RevisionNonGlobalFlushes         0 
00:00:45.688653 /IEM/CPU1/Tlb/Data/RevisionRollovers               0 
00:00:45.688654 /IEM/CPU1/cInstructions                        29449 count
00:00:45.688655 /IEM/CPU1/cLongJumps                               0 bytes
00:00:45.688656 /IEM/CPU1/cMisalignedAtomics                       0 bytes
00:00:45.688656 /IEM/CPU1/cPendingCommit                           0 bytes
00:00:45.688657 /IEM/CPU1/cPotentialExits                      35474 count
00:00:45.688658 /IEM/CPU1/cRetAspectNotImplemented                 0 count
00:00:45.688658 /IEM/CPU1/cRetErrStatuses                          0 count
00:00:45.688659 /IEM/CPU1/cRetInfStatuses                          1 count
00:00:45.688660 /IEM/CPU1/cRetInstrNotImplemented                  0 count
00:00:45.688666 /IEM/CPU2/Tlb/Code/InvlPg                          0 
00:00:45.688667 /IEM/CPU2/Tlb/Code/InvlPg/LargeGlobal              0 
00:00:45.688668 /IEM/CPU2/Tlb/Code/InvlPg/LargeNonGlobal           0 
00:00:45.688668 /IEM/CPU2/Tlb/Code/LargePageGlobalCurLoads         0 count
00:00:45.688669 /IEM/CPU2/Tlb/Code/LargePageGlobalFirstTag ffffffffffffffff count
00:00:45.688670 /IEM/CPU2/Tlb/Code/LargePageGlobalLastTag          0 count
00:00:45.688670 /IEM/CPU2/Tlb/Code/LargePageNonGlobalCurLoads         0 count
00:00:45.688671 /IEM/CPU2/Tlb/Code/LargePageNonGlobalFirstTag ffffffffffffffff count
00:00:45.688672 /IEM/CPU2/Tlb/Code/LargePageNonGlobalLastTag         0 count
00:00:45.688672 /IEM/CPU2/Tlb/Code/Misses                          0 count
00:00:45.688674 /IEM/CPU2/Tlb/Code/Misses/GlobalLoads              0 count
00:00:45.688675 /IEM/CPU2/Tlb/Code/PhysicalRevision        fffffffffffce000 
00:00:45.688676 /IEM/CPU2/Tlb/Code/PhysicalRevisionFlushes         0 
00:00:45.688676 /IEM/CPU2/Tlb/Code/PhysicalRevisionRollovers         0 
00:00:45.688677 /IEM/CPU2/Tlb/Code/RevisionGlobal          fffff38000000000 
00:00:45.688677 /IEM/CPU2/Tlb/Code/RevisionGlobalFlushes           0 
00:00:45.688678 /IEM/CPU2/Tlb/Code/RevisionNonGlobal       fffff38000000000 
00:00:45.688679 /IEM/CPU2/Tlb/Code/RevisionNonGlobalFlushes         0 
00:00:45.688679 /IEM/CPU2/Tlb/Code/RevisionRollovers               0 
00:00:45.688680 /IEM/CPU2/Tlb/Code/SlowReads                       0 count
00:00:45.688681 /IEM/CPU2/Tlb/Data/InvlPg                          0 
00:00:45.688682 /IEM/CPU2/Tlb/Data/InvlPg/LargeGlobal              0 
00:00:45.688682 /IEM/CPU2/Tlb/Data/InvlPg/LargeNonGlobal           0 
00:00:45.688683 /IEM/CPU2/Tlb/Data/LargePageGlobalCurLoads         0 count
00:00:45.688684 /IEM/CPU2/Tlb/Data/LargePageGlobalFirstTag ffffffffffffffff count
00:00:45.688684 /IEM/CPU2/Tlb/Data/LargePageGlobalLastTag          0 count
00:00:45.688685 /IEM/CPU2/Tlb/Data/LargePageNonGlobalCurLoads         0 count
00:00:45.688686 /IEM/CPU2/Tlb/Data/LargePageNonGlobalFirstTag ffffffffffffffff count
00:00:45.688687 /IEM/CPU2/Tlb/Data/LargePageNonGlobalLastTag         0 count
00:00:45.688688 /IEM/CPU2/Tlb/Data/Misses                          0 count
00:00:45.688690 /IEM/CPU2/Tlb/Data/Misses/Core                     0 count
00:00:45.688691 /IEM/CPU2/Tlb/Data/Misses/Core/GlobalLoads         0 count
00:00:45.688692 /IEM/CPU2/Tlb/Data/Misses/Safe                     0 count
00:00:45.688692 /IEM/CPU2/Tlb/Data/Misses/Safe/Reads               0 count
00:00:45.688693 /IEM/CPU2/Tlb/Data/Misses/Safe/SubPartHits         0 count
00:00:45.688694 /IEM/CPU2/Tlb/Data/Misses/Safe/SubPartMisses         0 count
00:00:45.688694 /IEM/CPU2/Tlb/Data/Misses/Safe/SubPartMisses/GlobalLoads         0 count
00:00:45.688695 /IEM/CPU2/Tlb/Data/Misses/Safe/Writes              0 count
00:00:45.688696 /IEM/CPU2/Tlb/Data/PhysicalRevision        fffffffffffce000 
00:00:45.688696 /IEM/CPU2/Tlb/Data/PhysicalRevisionFlushes         0 
00:00:45.688697 /IEM/CPU2/Tlb/Data/PhysicalRevisionRollovers         0 
00:00:45.688698 /IEM/CPU2/Tlb/Data/RevisionGlobal          fffff38000000000 
00:00:45.688698 /IEM/CPU2/Tlb/Data/RevisionGlobalFlushes           0 
00:00:45.688699 /IEM/CPU2/Tlb/Data/RevisionNonGlobal       fffff38000000000 
00:00:45.688700 /IEM/CPU2/Tlb/Data/RevisionNonGlobalFlushes         0 
00:00:45.688700 /IEM/CPU2/Tlb/Data/RevisionRollovers               0 
00:00:45.688701 /IEM/CPU2/cInstructions                         1447 count
00:00:45.688702 /IEM/CPU2/cLongJumps                               0 bytes
00:00:45.688702 /IEM/CPU2/cMisalignedAtomics                       0 bytes
00:00:45.688703 /IEM/CPU2/cPendingCommit                           0 bytes
00:00:45.688704 /IEM/CPU2/cPotentialExits                       6045 count
00:00:45.688704 /IEM/CPU2/cRetAspectNotImplemented                 0 count
00:00:45.688705 /IEM/CPU2/cRetErrStatuses                          0 count
00:00:45.688706 /IEM/CPU2/cRetInfStatuses                          1 count
00:00:45.688707 /IEM/CPU2/cRetInstrNotImplemented                  0 count
00:00:45.688708 /IEM/CPU3/Exceptions/0d                            1 times
00:00:45.688714 /IEM/CPU3/Tlb/Code/InvlPg                          0 
00:00:45.688714 /IEM/CPU3/Tlb/Code/InvlPg/LargeGlobal              0 
00:00:45.688715 /IEM/CPU3/Tlb/Code/InvlPg/LargeNonGlobal           0 
00:00:45.688716 /IEM/CPU3/Tlb/Code/LargePageGlobalCurLoads         0 count
00:00:45.688716 /IEM/CPU3/Tlb/Code/LargePageGlobalFirstTag ffffffffffffffff count
00:00:45.688717 /IEM/CPU3/Tlb/Code/LargePageGlobalLastTag          0 count
00:00:45.688717 /IEM/CPU3/Tlb/Code/LargePageNonGlobalCurLoads         0 count
00:00:45.688718 /IEM/CPU3/Tlb/Code/LargePageNonGlobalFirstTag ffffffffffffffff count
00:00:45.688720 /IEM/CPU3/Tlb/Code/LargePageNonGlobalLastTag         0 count
00:00:45.688721 /IEM/CPU3/Tlb/Code/Misses                          0 count
00:00:45.688722 /IEM/CPU3/Tlb/Code/Misses/GlobalLoads              0 count
00:00:45.688723 /IEM/CPU3/Tlb/Code/PhysicalRevision        fffffffffffce000 
00:00:45.688724 /IEM/CPU3/Tlb/Code/PhysicalRevisionFlushes         0 
00:00:45.688725 /IEM/CPU3/Tlb/Code/PhysicalRevisionRollovers         0 
00:00:45.688727 /IEM/CPU3/Tlb/Code/RevisionGlobal          fffff38000000000 
00:00:45.688728 /IEM/CPU3/Tlb/Code/RevisionGlobalFlushes           0 
00:00:45.688728 /IEM/CPU3/Tlb/Code/RevisionNonGlobal       fffff38000000000 
00:00:45.688729 /IEM/CPU3/Tlb/Code/RevisionNonGlobalFlushes         0 
00:00:45.688730 /IEM/CPU3/Tlb/Code/RevisionRollovers               0 
00:00:45.688730 /IEM/CPU3/Tlb/Code/SlowReads                       0 count
00:00:45.688731 /IEM/CPU3/Tlb/Data/InvlPg                          0 
00:00:45.688732 /IEM/CPU3/Tlb/Data/InvlPg/LargeGlobal              0 
00:00:45.688733 /IEM/CPU3/Tlb/Data/InvlPg/LargeNonGlobal           0 
00:00:45.688733 /IEM/CPU3/Tlb/Data/LargePageGlobalCurLoads         0 count
00:00:45.688734 /IEM/CPU3/Tlb/Data/LargePageGlobalFirstTag ffffffffffffffff count
00:00:45.688734 /IEM/CPU3/Tlb/Data/LargePageGlobalLastTag          0 count
00:00:45.688735 /IEM/CPU3/Tlb/Data/LargePageNonGlobalCurLoads         0 count
00:00:45.688736 /IEM/CPU3/Tlb/Data/LargePageNonGlobalFirstTag ffffffffffffffff count
00:00:45.688737 /IEM/CPU3/Tlb/Data/LargePageNonGlobalLastTag         0 count
00:00:45.688738 /IEM/CPU3/Tlb/Data/Misses                          0 count
00:00:45.688740 /IEM/CPU3/Tlb/Data/Misses/Core                     0 count
00:00:45.688741 /IEM/CPU3/Tlb/Data/Misses/Core/GlobalLoads         0 count
00:00:45.688742 /IEM/CPU3/Tlb/Data/Misses/Safe                     0 count
00:00:45.688742 /IEM/CPU3/Tlb/Data/Misses/Safe/Reads               0 count
00:00:45.688743 /IEM/CPU3/Tlb/Data/Misses/Safe/SubPartHits         0 count
00:00:45.688744 /IEM/CPU3/Tlb/Data/Misses/Safe/SubPartMisses         0 count
00:00:45.688744 /IEM/CPU3/Tlb/Data/Misses/Safe/SubPartMisses/GlobalLoads         0 count
00:00:45.688745 /IEM/CPU3/Tlb/Data/Misses/Safe/Writes              0 count
00:00:45.688745 /IEM/CPU3/Tlb/Data/PhysicalRevision        fffffffffffce000 
00:00:45.688746 /IEM/CPU3/Tlb/Data/PhysicalRevisionFlushes         0 
00:00:45.688747 /IEM/CPU3/Tlb/Data/PhysicalRevisionRollovers         0 
00:00:45.688747 /IEM/CPU3/Tlb/Data/RevisionGlobal          fffff38000000000 
00:00:45.688748 /IEM/CPU3/Tlb/Data/RevisionGlobalFlushes           0 
00:00:45.688749 /IEM/CPU3/Tlb/Data/RevisionNonGlobal       fffff38000000000 
00:00:45.688749 /IEM/CPU3/Tlb/Data/RevisionNonGlobalFlushes         0 
00:00:45.688750 /IEM/CPU3/Tlb/Data/RevisionRollovers               0 
00:00:45.688751 /IEM/CPU3/cInstructions                        88453 count
00:00:45.688751 /IEM/CPU3/cLongJumps                               0 bytes
00:00:45.688752 /IEM/CPU3/cMisalignedAtomics                       0 bytes
00:00:45.688753 /IEM/CPU3/cPendingCommit                           0 bytes
00:00:45.688754 /IEM/CPU3/cPotentialExits                      91750 count
00:00:45.688755 /IEM/CPU3/cRetAspectNotImplemented                 0 count
00:00:45.688755 /IEM/CPU3/cRetErrStatuses                          0 count
00:00:45.688756 /IEM/CPU3/cRetInfStatuses                          2 count
00:00:45.688757 /IEM/CPU3/cRetInstrNotImplemented                  0 count
00:00:45.688758 /IOM/MmioMappingsStale                             0 ticks/call
00:00:45.688759 /IOM/MmioTooDeepRecursion                          0 times
00:00:45.688760 /PDM/BlkCache/cbCached                             0 bytes
00:00:45.688760 /PDM/BlkCache/cbCachedFru                          0 bytes
00:00:45.688761 /PDM/BlkCache/cbCachedMruIn                        0 bytes
00:00:45.688762 /PDM/BlkCache/cbCachedMruOut                       0 bytes
00:00:45.688763 /PDM/BlkCache/cbMax                          5242880 bytes
00:00:45.688763 /PDM/CritSects/00-AbortedEnters                    0 times
00:00:45.688765 /PDM/CritSects/00-EntersWhileAborting              0 times
00:00:45.688766 /PDM/CritSects/00-Non-interruptible-Waits-VINF_SUCCESS         0 times
00:00:45.688767 /PDM/CritSects/00-QueuedLeaves                     0 times
00:00:45.688767 /PDM/CritSects/00-VERR_INTERRUPTED                 0 times
00:00:45.688768 /PDM/CritSects/00-VERR_TIMEOUT                     0 times
00:00:45.688769 /PDM/CritSects/8237A#0Auto/ContentionR3            0 times
00:00:45.688769 /PDM/CritSects/8237A#0Auto/ContentionR3Wait         0 ticks/time (           0 ticks,       0 times, max         0, min      -1)
00:00:45.688770 /PDM/CritSects/8237A#0Auto/ContentionRZLock         0 times
00:00:45.688771 /PDM/CritSects/8237A#0Auto/ContentionRZLockBusy         0 times
00:00:45.688772 /PDM/CritSects/8237A#0Auto/ContentionRZUnlock         0 times
00:00:45.688772 /PDM/CritSects/8237A#0Auto/ContentionRZWait         0 ticks/time (           0 ticks,       0 times, max         0, min      -1)
00:00:45.688774 /PDM/CritSects/AHCI#0/ContentionR3                 4 times
00:00:45.688775 /PDM/CritSects/AHCI#0/ContentionR3Wait         11564 ticks/time (       46258 ticks,       4 times, max     16842, min    8434)
00:00:45.688777 /PDM/CritSects/AHCI#0/ContentionRZLock             0 times
00:00:45.688778 /PDM/CritSects/AHCI#0/ContentionRZLockBusy         0 times
00:00:45.688779 /PDM/CritSects/AHCI#0/ContentionRZUnlock           0 times
00:00:45.688780 /PDM/CritSects/AHCI#0/ContentionRZWait             0 ticks/time (           0 ticks,       0 times, max         0, min      -1)
00:00:45.688781 /PDM/CritSects/E1000#0/ContentionR3                0 times
00:00:45.688782 /PDM/CritSects/E1000#0/ContentionR3Wait            0 ticks/time (           0 ticks,       0 times, max         0, min      -1)
00:00:45.688783 /PDM/CritSects/E1000#0/ContentionRZLock            0 times
00:00:45.688783 /PDM/CritSects/E1000#0/ContentionRZLockBusy         0 times
00:00:45.688784 /PDM/CritSects/E1000#0/ContentionRZUnlock          0 times
00:00:45.688785 /PDM/CritSects/E1000#0/ContentionRZWait            0 ticks/time (           0 ticks,       0 times, max         0, min      -1)
00:00:45.688787 /PDM/CritSects/E1000#0RX/ContentionR3              0 times
00:00:45.688788 /PDM/CritSects/E1000#0RX/ContentionR3Wait          0 ticks/time (           0 ticks,       0 times, max         0, min      -1)
00:00:45.688789 /PDM/CritSects/E1000#0RX/ContentionRZLock          0 times
00:00:45.688790 /PDM/CritSects/E1000#0RX/ContentionRZLockBusy         0 times
00:00:45.688790 /PDM/CritSects/E1000#0RX/ContentionRZUnlock         0 times
00:00:45.688791 /PDM/CritSects/E1000#0RX/ContentionRZWait          0 ticks/time (           0 ticks,       0 times, max         0, min      -1)
00:00:45.688792 /PDM/CritSects/E1000#0TX/ContentionR3              0 times
00:00:45.688793 /PDM/CritSects/E1000#0TX/ContentionR3Wait          0 ticks/time (           0 ticks,       0 times, max         0, min      -1)
00:00:45.688793 /PDM/CritSects/E1000#0TX/ContentionRZLock          0 times
00:00:45.688794 /PDM/CritSects/E1000#0TX/ContentionRZLockBusy         0 times
00:00:45.688795 /PDM/CritSects/E1000#0TX/ContentionRZUnlock         0 times
00:00:45.688795 /PDM/CritSects/E1000#0TX/ContentionRZWait          0 ticks/time (           0 ticks,       0 times, max         0, min      -1)
00:00:45.688796 /PDM/CritSects/GIMDev#0Auto/ContentionR3           0 times
00:00:45.688797 /PDM/CritSects/GIMDev#0Auto/ContentionR3Wait         0 ticks/time (           0 ticks,       0 times, max         0, min      -1)
00:00:45.688798 /PDM/CritSects/GIMDev#0Auto/ContentionRZLock         0 times
00:00:45.688798 /PDM/CritSects/GIMDev#0Auto/ContentionRZLockBusy         0 times
00:00:45.688799 /PDM/CritSects/GIMDev#0Auto/ContentionRZUnlock         0 times
00:00:45.688800 /PDM/CritSects/GIMDev#0Auto/ContentionRZWait         0 ticks/time (           0 ticks,       0 times, max         0, min      -1)
00:00:45.688801 /PDM/CritSects/NOP/ContentionR3                    0 times
00:00:45.688801 /PDM/CritSects/NOP/ContentionR3Wait                0 ticks/time (           0 ticks,       0 times, max         0, min      -1)
00:00:45.688805 /PDM/CritSects/NOP/ContentionRZLock                0 times
00:00:45.688806 /PDM/CritSects/NOP/ContentionRZLockBusy            0 times
00:00:45.688806 /PDM/CritSects/NOP/ContentionRZUnlock              0 times
00:00:45.688807 /PDM/CritSects/NOP/ContentionRZWait                0 ticks/time (           0 ticks,       0 times, max         0, min      -1)
00:00:45.688808 /PDM/CritSects/PDM/ContentionR3                    1 times
00:00:45.688809 /PDM/CritSects/PDM/ContentionR3Wait            38914 ticks/time (       38914 ticks,       1 times, max     38914, min   38914)
00:00:45.688810 /PDM/CritSects/PDM/ContentionRZLock                0 times
00:00:45.688810 /PDM/CritSects/PDM/ContentionRZLockBusy            0 times
00:00:45.688811 /PDM/CritSects/PDM/ContentionRZUnlock              0 times
00:00:45.688812 /PDM/CritSects/PDM/ContentionRZWait                0 ticks/time (           0 ticks,       0 times, max         0, min      -1)
00:00:45.688814 /PDM/CritSects/PGM/ContentionR3                 5236 times
00:00:45.688815 /PDM/CritSects/PGM/ContentionR3Wait           205221 ticks/time (  1074742920 ticks,    5237 times, max  14936756, min     946)
00:00:45.688817 /PDM/CritSects/PGM/ContentionRZLock             1232 times
00:00:45.688818 /PDM/CritSects/PGM/ContentionRZLockBusy            0 times
00:00:45.688819 /PDM/CritSects/PGM/ContentionRZUnlock              0 times
00:00:45.688820 /PDM/CritSects/PGM/ContentionRZWait            95786 ticks/time (   118008882 ticks,    1232 times, max   1996370, min     442)
00:00:45.688821 /PDM/CritSects/TM VirtualSync Lock/ContentionR3        86 times
00:00:45.688821 /PDM/CritSects/TM VirtualSync Lock/ContentionR3Wait     38367 ticks/time (     3299576 ticks,      86 times, max    210868, min    5354)
00:00:45.688823 /PDM/CritSects/TM VirtualSync Lock/ContentionRZLock         1 times
00:00:45.688824 /PDM/CritSects/TM VirtualSync Lock/ContentionRZLockBusy       502 times
00:00:45.688824 /PDM/CritSects/TM VirtualSync Lock/ContentionRZUnlock         0 times
00:00:45.688825 /PDM/CritSects/TM VirtualSync Lock/ContentionRZWait     19334 ticks/time (       19334 ticks,       1 times, max     19334, min   19334)
00:00:45.688826 /PDM/CritSects/TM real queue timer lock/ContentionR3         0 times
00:00:45.688827 /PDM/CritSects/TM real queue timer lock/ContentionR3Wait         0 ticks/time (           0 ticks,       0 times, max         0, min      -1)
00:00:45.688828 /PDM/CritSects/TM real queue timer lock/ContentionRZLock         0 times
00:00:45.688828 /PDM/CritSects/TM real queue timer lock/ContentionRZLockBusy         0 times
00:00:45.688829 /PDM/CritSects/TM real queue timer lock/ContentionRZUnlock         0 times
00:00:45.688829 /PDM/CritSects/TM real queue timer lock/ContentionRZWait         0 ticks/time (           0 ticks,       0 times, max         0, min      -1)
00:00:45.688831 /PDM/CritSects/TM tsc queue timer lock/ContentionR3         0 times
00:00:45.688831 /PDM/CritSects/TM tsc queue timer lock/ContentionR3Wait         0 ticks/time (           0 ticks,       0 times, max         0, min      -1)
00:00:45.688832 /PDM/CritSects/TM tsc queue timer lock/ContentionRZLock         0 times
00:00:45.688833 /PDM/CritSects/TM tsc queue timer lock/ContentionRZLockBusy         0 times
00:00:45.688834 /PDM/CritSects/TM tsc queue timer lock/ContentionRZUnlock         0 times
00:00:45.688834 /PDM/CritSects/TM tsc queue timer lock/ContentionRZWait         0 ticks/time (           0 ticks,       0 times, max         0, min      -1)
00:00:45.688835 /PDM/CritSects/TM virtual queue timer lock/ContentionR3        16 times
00:00:45.688836 /PDM/CritSects/TM virtual queue timer lock/ContentionR3Wait    103840 ticks/time (     1349920 ticks,      13 times, max    643300, min    4510)
00:00:45.688837 /PDM/CritSects/TM virtual queue timer lock/ContentionRZLock         0 times
00:00:45.688838 /PDM/CritSects/TM virtual queue timer lock/ContentionRZLockBusy         0 times
00:00:45.688838 /PDM/CritSects/TM virtual queue timer lock/ContentionRZUnlock         0 times
00:00:45.688840 /PDM/CritSects/TM virtual queue timer lock/ContentionRZWait         0 ticks/time (           0 ticks,       0 times, max         0, min      -1)
00:00:45.688841 /PDM/CritSects/TM virtual_sync queue timer lock/ContentionR3         0 times
00:00:45.688842 /PDM/CritSects/TM virtual_sync queue timer lock/ContentionR3Wait         0 ticks/time (           0 ticks,       0 times, max         0, min      -1)
00:00:45.688843 /PDM/CritSects/TM virtual_sync queue timer lock/ContentionRZLock         0 times
00:00:45.688844 /PDM/CritSects/TM virtual_sync queue timer lock/ContentionRZLockBusy         0 times
00:00:45.688844 /PDM/CritSects/TM virtual_sync queue timer lock/ContentionRZUnlock         0 times
00:00:45.688845 /PDM/CritSects/TM virtual_sync queue timer lock/ContentionRZWait         0 ticks/time (           0 ticks,       0 times, max         0, min      -1)
00:00:45.688846 /PDM/CritSects/VGA#0/ContentionR3                 26 times
00:00:45.688846 /PDM/CritSects/VGA#0/ContentionR3Wait        1118490 ticks/time (    29080758 ticks,      26 times, max   2374810, min    9026)
00:00:45.688848 /PDM/CritSects/VGA#0/ContentionRZLock              2 times
00:00:45.688848 /PDM/CritSects/VGA#0/ContentionRZLockBusy          0 times
00:00:45.688849 /PDM/CritSects/VGA#0/ContentionRZUnlock            0 times
00:00:45.688850 /PDM/CritSects/VGA#0/ContentionRZWait         138232 ticks/time (      276464 ticks,       2 times, max    254434, min   22030)
00:00:45.688851 /PDM/CritSects/VGA#0_IRQ/ContentionR3              0 times
00:00:45.688851 /PDM/CritSects/VGA#0_IRQ/ContentionR3Wait          0 ticks/time (           0 ticks,       0 times, max         0, min      -1)
00:00:45.688852 /PDM/CritSects/VGA#0_IRQ/ContentionRZLock          0 times
00:00:45.688853 /PDM/CritSects/VGA#0_IRQ/ContentionRZLockBusy         0 times
00:00:45.688853 /PDM/CritSects/VGA#0_IRQ/ContentionRZUnlock         0 times
00:00:45.688854 /PDM/CritSects/VGA#0_IRQ/ContentionRZWait          0 ticks/time (           0 ticks,       0 times, max         0, min      -1)
00:00:45.688855 /PDM/CritSects/VMMDev#0/ContentionR3               0 times
00:00:45.688856 /PDM/CritSects/VMMDev#0/ContentionR3Wait           0 ticks/time (           0 ticks,       0 times, max         0, min      -1)
00:00:45.688857 /PDM/CritSects/VMMDev#0/ContentionRZLock           0 times
00:00:45.688858 /PDM/CritSects/VMMDev#0/ContentionRZLockBusy         0 times
00:00:45.688859 /PDM/CritSects/VMMDev#0/ContentionRZUnlock         0 times
00:00:45.688860 /PDM/CritSects/VMMDev#0/ContentionRZWait           0 ticks/time (           0 ticks,       0 times, max         0, min      -1)
00:00:45.688861 /PDM/CritSects/acpi#0/ContentionR3                 0 times
00:00:45.688862 /PDM/CritSects/acpi#0/ContentionR3Wait             0 ticks/time (           0 ticks,       0 times, max         0, min      -1)
00:00:45.688864 /PDM/CritSects/acpi#0/ContentionRZLock             0 times
00:00:45.688865 /PDM/CritSects/acpi#0/ContentionRZLockBusy         0 times
00:00:45.688866 /PDM/CritSects/acpi#0/ContentionRZUnlock           0 times
00:00:45.688867 /PDM/CritSects/acpi#0/ContentionRZWait             0 ticks/time (           0 ticks,       0 times, max         0, min      -1)
00:00:45.688868 /PDM/CritSects/mc146818#0Auto/ContentionR3         0 times
00:00:45.688869 /PDM/CritSects/mc146818#0Auto/ContentionR3Wait         0 ticks/time (           0 ticks,       0 times, max         0, min      -1)
00:00:45.688870 /PDM/CritSects/mc146818#0Auto/ContentionRZLock         0 times
00:00:45.688871 /PDM/CritSects/mc146818#0Auto/ContentionRZLockBusy         0 times
00:00:45.688871 /PDM/CritSects/mc146818#0Auto/ContentionRZUnlock         0 times
00:00:45.688872 /PDM/CritSects/mc146818#0Auto/ContentionRZWait         0 ticks/time (           0 ticks,       0 times, max         0, min      -1)
00:00:45.688873 /PDM/CritSects/pcarch#0Auto/ContentionR3           0 times
00:00:45.688874 /PDM/CritSects/pcarch#0Auto/ContentionR3Wait         0 ticks/time (           0 ticks,       0 times, max         0, min      -1)
00:00:45.688877 /PDM/CritSects/pcarch#0Auto/ContentionRZLock         0 times
00:00:45.688878 /PDM/CritSects/pcarch#0Auto/ContentionRZLockBusy         0 times
00:00:45.688879 /PDM/CritSects/pcarch#0Auto/ContentionRZUnlock         0 times
00:00:45.688880 /PDM/CritSects/pcarch#0Auto/ContentionRZWait         0 ticks/time (           0 ticks,       0 times, max         0, min      -1)
00:00:45.688881 /PDM/CritSects/pcbios#0Auto/ContentionR3           0 times
00:00:45.688882 /PDM/CritSects/pcbios#0Auto/ContentionR3Wait         0 ticks/time (           0 ticks,       0 times, max         0, min      -1)
00:00:45.688883 /PDM/CritSects/pcbios#0Auto/ContentionRZLock         0 times
00:00:45.688884 /PDM/CritSects/pcbios#0Auto/ContentionRZLockBusy         0 times
00:00:45.688884 /PDM/CritSects/pcbios#0Auto/ContentionRZUnlock         0 times
00:00:45.688885 /PDM/CritSects/pcbios#0Auto/ContentionRZWait         0 ticks/time (           0 ticks,       0 times, max         0, min      -1)
00:00:45.688886 /PDM/CritSects/pckbd#0Auto/ContentionR3            0 times
00:00:45.688887 /PDM/CritSects/pckbd#0Auto/ContentionR3Wait         0 ticks/time (           0 ticks,       0 times, max         0, min      -1)
00:00:45.688888 /PDM/CritSects/pckbd#0Auto/ContentionRZLock         0 times
00:00:45.688888 /PDM/CritSects/pckbd#0Auto/ContentionRZLockBusy         0 times
00:00:45.688889 /PDM/CritSects/pckbd#0Auto/ContentionRZUnlock         0 times
00:00:45.688890 /PDM/CritSects/pckbd#0Auto/ContentionRZWait         0 ticks/time (           0 ticks,       0 times, max         0, min      -1)
00:00:45.688891 /PDM/CritSects/pit#0/ContentionR3                  0 times
00:00:45.688892 /PDM/CritSects/pit#0/ContentionR3Wait              0 ticks/time (           0 ticks,       0 times, max         0, min      -1)
00:00:45.688893 /PDM/CritSects/pit#0/ContentionRZLock              0 times
00:00:45.688893 /PDM/CritSects/pit#0/ContentionRZLockBusy          0 times
00:00:45.688894 /PDM/CritSects/pit#0/ContentionRZUnlock            0 times
00:00:45.688895 /PDM/CritSects/pit#0/ContentionRZWait              0 ticks/time (           0 ticks,       0 times, max         0, min      -1)
00:00:45.688896 /PDM/CritSectsRw/00-EnterSharedWhileAborting         0 times
00:00:45.688897 /PDM/CritSectsRw/00-Excl-Non-interruptible-Waits-VINF_SUCCESS         0 times
00:00:45.688899 /PDM/CritSectsRw/00-Excl-VERR_INTERRUPTED          0 times
00:00:45.688900 /PDM/CritSectsRw/00-Excl-VERR_TIMEOUT              0 times
00:00:45.688900 /PDM/CritSectsRw/00-Shared-Non-interruptible-Waits-VINF_SUCCESS         0 times
00:00:45.688901 /PDM/CritSectsRw/00-Shared-VERR_INTERRUPTED         0 times
00:00:45.688902 /PDM/CritSectsRw/00-Shared-VERR_TIMEOUT            0 times
00:00:45.688902 /PDM/CritSectsRw/IOM Lock/ContentionR3EnterExcl         0 times
00:00:45.688903 /PDM/CritSectsRw/IOM Lock/ContentionR3EnterShared         0 times
00:00:45.688904 /PDM/CritSectsRw/IOM Lock/ContentionR3LeaveExcl         0 times
00:00:45.688904 /PDM/CritSectsRw/IOM Lock/ContentionRZEnterExcl         0 times
00:00:45.688905 /PDM/CritSectsRw/IOM Lock/ContentionRZEnterShared         0 times
00:00:45.688906 /PDM/CritSectsRw/IOM Lock/ContentionRZLeaveExcl         0 times
00:00:45.688906 /PDM/CritSectsRw/IOM Lock/ContentionRZLeaveShared         0 times
00:00:45.688907 /PDM/CritSectsRw/IOM Lock/R3EnterExcl            193 times
00:00:45.688907 /PDM/CritSectsRw/IOM Lock/R3EnterShared        10591 times
00:00:45.688908 /PDM/CritSectsRw/IOM Lock/RZEnterExcl              0 times
00:00:45.688909 /PDM/CritSectsRw/IOM Lock/RZEnterShared       373297 times
00:00:45.688909 /PDM/CritSectsRw/TM real queue alloc lock/ContentionR3EnterExcl         0 times
00:00:45.688910 /PDM/CritSectsRw/TM real queue alloc lock/ContentionR3EnterShared         0 times
00:00:45.688911 /PDM/CritSectsRw/TM real queue alloc lock/ContentionR3LeaveExcl         0 times
00:00:45.688911 /PDM/CritSectsRw/TM real queue alloc lock/ContentionRZEnterExcl         0 times
00:00:45.688912 /PDM/CritSectsRw/TM real queue alloc lock/ContentionRZEnterShared         0 times
00:00:45.688913 /PDM/CritSectsRw/TM real queue alloc lock/ContentionRZLeaveExcl         0 times
00:00:45.688914 /PDM/CritSectsRw/TM real queue alloc lock/ContentionRZLeaveShared         0 times
00:00:45.688915 /PDM/CritSectsRw/TM real queue alloc lock/R3EnterExcl         5 times
00:00:45.688915 /PDM/CritSectsRw/TM real queue alloc lock/R3EnterShared         1 times
00:00:45.688916 /PDM/CritSectsRw/TM real queue alloc lock/RZEnterExcl         0 times
00:00:45.688916 /PDM/CritSectsRw/TM real queue alloc lock/RZEnterShared         0 times
00:00:45.688917 /PDM/CritSectsRw/TM tsc queue alloc lock/ContentionR3EnterExcl         0 times
00:00:45.688918 /PDM/CritSectsRw/TM tsc queue alloc lock/ContentionR3EnterShared         0 times
00:00:45.688918 /PDM/CritSectsRw/TM tsc queue alloc lock/ContentionR3LeaveExcl         0 times
00:00:45.688919 /PDM/CritSectsRw/TM tsc queue alloc lock/ContentionRZEnterExcl         0 times
00:00:45.688920 /PDM/CritSectsRw/TM tsc queue alloc lock/ContentionRZEnterShared         0 times
00:00:45.688920 /PDM/CritSectsRw/TM tsc queue alloc lock/ContentionRZLeaveExcl         0 times
00:00:45.688921 /PDM/CritSectsRw/TM tsc queue alloc lock/ContentionRZLeaveShared         0 times
00:00:45.688921 /PDM/CritSectsRw/TM tsc queue alloc lock/R3EnterExcl         0 times
00:00:45.688922 /PDM/CritSectsRw/TM tsc queue alloc lock/R3EnterShared         1 times
00:00:45.688922 /PDM/CritSectsRw/TM tsc queue alloc lock/RZEnterExcl         0 times
00:00:45.688923 /PDM/CritSectsRw/TM tsc queue alloc lock/RZEnterShared         0 times
00:00:45.688924 /PDM/CritSectsRw/TM virtual queue alloc lock/ContentionR3EnterExcl         0 times
00:00:45.688924 /PDM/CritSectsRw/TM virtual queue alloc lock/ContentionR3EnterShared         0 times
00:00:45.688925 /PDM/CritSectsRw/TM virtual queue alloc lock/ContentionR3LeaveExcl         0 times
00:00:45.688926 /PDM/CritSectsRw/TM virtual queue alloc lock/ContentionRZEnterExcl         0 times
00:00:45.688926 /PDM/CritSectsRw/TM virtual queue alloc lock/ContentionRZEnterShared         0 times
00:00:45.688928 /PDM/CritSectsRw/TM virtual queue alloc lock/ContentionRZLeaveExcl         0 times
00:00:45.688929 /PDM/CritSectsRw/TM virtual queue alloc lock/ContentionRZLeaveShared         0 times
00:00:45.688929 /PDM/CritSectsRw/TM virtual queue alloc lock/R3EnterExcl         9 times
00:00:45.688930 /PDM/CritSectsRw/TM virtual queue alloc lock/R3EnterShared         1 times
00:00:45.688932 /PDM/CritSectsRw/TM virtual queue alloc lock/RZEnterExcl         0 times
00:00:45.688933 /PDM/CritSectsRw/TM virtual queue alloc lock/RZEnterShared         0 times
00:00:45.688934 /PDM/CritSectsRw/TM virtual_sync queue alloc lock/ContentionR3EnterExcl         0 times
00:00:45.688935 /PDM/CritSectsRw/TM virtual_sync queue alloc lock/ContentionR3EnterShared         0 times
00:00:45.688936 /PDM/CritSectsRw/TM virtual_sync queue alloc lock/ContentionR3LeaveExcl         0 times
00:00:45.688937 /PDM/CritSectsRw/TM virtual_sync queue alloc lock/ContentionRZEnterExcl         0 times
00:00:45.688938 /PDM/CritSectsRw/TM virtual_sync queue alloc lock/ContentionRZEnterShared         0 times
00:00:45.688938 /PDM/CritSectsRw/TM virtual_sync queue alloc lock/ContentionRZLeaveExcl         0 times
00:00:45.688939 /PDM/CritSectsRw/TM virtual_sync queue alloc lock/ContentionRZLeaveShared         0 times
00:00:45.688940 /PDM/CritSectsRw/TM virtual_sync queue alloc lock/R3EnterExcl         9 times
00:00:45.688941 /PDM/CritSectsRw/TM virtual_sync queue alloc lock/R3EnterShared         1 times
00:00:45.688942 /PDM/CritSectsRw/TM virtual_sync queue alloc lock/RZEnterExcl         0 times
00:00:45.688943 /PDM/CritSectsRw/TM virtual_sync queue alloc lock/RZEnterShared         0 times
00:00:45.688944 /PDM/Queue/DevHlp/AllocFailures                    0 times
00:00:45.688946 /PDM/Queue/DevHlp/Flush                            0 calls
00:00:45.688947 /PDM/Queue/DevHlp/FlushLeftovers                   0 times
00:00:45.688948 /PDM/Queue/DevHlp/Insert                           0 calls
00:00:45.688949 /PDM/Queue/DevHlp/cItems                          32 count
00:00:45.688952 /PDM/Queue/DevHlp/cbItem                          56 bytes
00:00:45.688953 /PDM/Queue/DevHlp/rcOkay                           0 
00:00:45.688955 /PDM/Queue/Keyboard/AllocFailures                  0 times
00:00:45.688956 /PDM/Queue/Keyboard/Flush                          0 calls
00:00:45.688957 /PDM/Queue/Keyboard/FlushLeftovers                 0 times
00:00:45.688958 /PDM/Queue/Keyboard/Insert                        36 calls
00:00:45.688960 /PDM/Queue/Keyboard/cItems                        64 count
00:00:45.688961 /PDM/Queue/Keyboard/cbItem                        16 bytes
00:00:45.688963 /PDM/Queue/Keyboard/rcOkay                         0 
00:00:45.688964 /PDM/Queue/Mouse/AllocFailures                     0 times
00:00:45.688965 /PDM/Queue/Mouse/Flush                             0 calls
00:00:45.688966 /PDM/Queue/Mouse/FlushLeftovers                    0 times
00:00:45.688967 /PDM/Queue/Mouse/Insert                            0 calls
00:00:45.688969 /PDM/Queue/Mouse/cItems                          128 count
00:00:45.688971 /PDM/Queue/Mouse/cbItem                           32 bytes
00:00:45.688972 /PDM/Queue/Mouse/rcOkay                            0 
00:00:45.688973 /PDM/Tasks/000-E1000-Xmit-retriggered              0 times
00:00:45.688974 /PDM/Tasks/000-E1000-Xmit-runs                     1 times
00:00:45.688976 /PGM/CPU0/R3/Page/MapTlbMisses                    13 times
00:00:45.688977 /PGM/CPU0/R3/RamRange/TlbLocking                   0 times
00:00:45.688979 /PGM/CPU0/R3/RamRange/TlbMisses                    5 times
00:00:45.688980 /PGM/CPU0/RZ/Page/MapTlbMisses                     0 times
00:00:45.688981 /PGM/CPU0/RZ/RamRange/TlbLocking                   0 times
00:00:45.688982 /PGM/CPU0/RZ/RamRange/TlbMisses                    6 times
00:00:45.688983 /PGM/CPU0/cA20Changes                              2 times
00:00:45.688984 /PGM/CPU0/cGuestModeChanges                  1460002 times
00:00:45.688986 /PGM/CPU1/R3/Page/MapTlbMisses                     2 times
00:00:45.688987 /PGM/CPU1/R3/RamRange/TlbLocking                   0 times
00:00:45.688988 /PGM/CPU1/R3/RamRange/TlbMisses                    1 times
00:00:45.688989 /PGM/CPU1/RZ/Page/MapTlbMisses                     0 times
00:00:45.688990 /PGM/CPU1/RZ/RamRange/TlbLocking                   0 times
00:00:45.688991 /PGM/CPU1/RZ/RamRange/TlbMisses                    4 times
00:00:45.688992 /PGM/CPU1/cA20Changes                              0 times
00:00:45.688994 /PGM/CPU1/cGuestModeChanges                        3 times
00:00:45.688995 /PGM/CPU2/R3/Page/MapTlbMisses                     2 times
00:00:45.688996 /PGM/CPU2/R3/RamRange/TlbLocking                   0 times
00:00:45.688997 /PGM/CPU2/R3/RamRange/TlbMisses                    1 times
00:00:45.688999 /PGM/CPU2/RZ/Page/MapTlbMisses                     0 times
00:00:45.689000 /PGM/CPU2/RZ/RamRange/TlbLocking                   0 times
00:00:45.689001 /PGM/CPU2/RZ/RamRange/TlbMisses                    4 times
00:00:45.689002 /PGM/CPU2/cA20Changes                              0 times
00:00:45.689003 /PGM/CPU2/cGuestModeChanges                        3 times
00:00:45.689005 /PGM/CPU3/R3/Page/MapTlbMisses                     2 times
00:00:45.689006 /PGM/CPU3/R3/RamRange/TlbLocking                   0 times
00:00:45.689006 /PGM/CPU3/R3/RamRange/TlbMisses                    1 times
00:00:45.689007 /PGM/CPU3/RZ/Page/MapTlbMisses                     0 times
00:00:45.689009 /PGM/CPU3/RZ/RamRange/TlbLocking                   0 times
00:00:45.689010 /PGM/CPU3/RZ/RamRange/TlbMisses                    5 times
00:00:45.689011 /PGM/CPU3/cA20Changes                              0 times
00:00:45.689012 /PGM/CPU3/cGuestModeChanges                        3 times
00:00:45.689013 /PGM/ChunkR3Map/Mapped                          2029 count
00:00:45.689014 /PGM/ChunkR3Map/Unmapped                           0 count
00:00:45.689016 /PGM/ChunkR3Map/c                               2029 count
00:00:45.689017 /PGM/ChunkR3Map/cMax                       4294967295 count
00:00:45.689020 /PGM/LargePage/Alloc                               0 ns/call (           0 ns,       0 calls, max         0, min      -1)
00:00:45.689021 /PGM/LargePage/AllocFailed                         0 times
00:00:45.689022 /PGM/LargePage/Overflow                            0 times
00:00:45.689023 /PGM/LargePage/Recheck                             0 times
00:00:45.689024 /PGM/LargePage/Refused                             0 times
00:00:45.689024 /PGM/LargePage/Reused                              0 times
00:00:45.689025 /PGM/LargePage/TlbFlush                            0 times
00:00:45.689026 /PGM/LargePage/ZeroEvict                           0 times
00:00:45.689027 /PGM/Mmio2QueryAndResetDirtyBitmap                 0 ticks/call (           0 ticks,       0 calls, max         0, min      -1)
00:00:45.689028 /PGM/Page/cAllPages                          2131503 count
00:00:45.689029 /PGM/Page/cBalloonedPages                          0 count
00:00:45.689030 /PGM/Page/cHandyPages                             96 count
00:00:45.689032 /PGM/Page/cLargePages                              0 count
00:00:45.689033 /PGM/Page/cLargePagesDisabled                      0 count
00:00:45.689034 /PGM/Page/cMonitoredPages                          0 count
00:00:45.689035 /PGM/Page/cPrivatePages                      1222635 count
00:00:45.689037 /PGM/Page/cPureMmioPages                          68 count
00:00:45.689038 /PGM/Page/cReadLockedPages                         0 count
00:00:45.689039 /PGM/Page/cReusedSharedPages                       0 count
00:00:45.689040 /PGM/Page/cSharedPages                             0 count
00:00:45.689041 /PGM/Page/cWriteLockedPages                     1802 count
00:00:45.689042 /PGM/Page/cWrittenToPages                          0 count
00:00:45.689042 /PGM/Page/cZeroPages                          908800 count
00:00:45.689043 /PGM/PhysHandlerTree/ErrorsAllocatorR3             0 times
00:00:45.689044 /PGM/PhysHandlerTree/ErrorsTree                    0 times
00:00:45.689045 /PGM/PhysHandlerTree/Inserts                      33 times
00:00:45.689046 /PGM/PhysHandlerTree/MaxHandlers                6144 times
00:00:45.689048 /PGM/PhysHandlerTree/RebalancingOperations        12 times
00:00:45.689049 /PGM/PhysHandlerTree/Removals                     22 times
00:00:45.689050 /PGM/Pool/Grow                                714422 ticks/call (     3572112 ticks,       5 calls, max    966346, min  545086)
00:00:45.689052 /PGM/ShMod/Check                                   0 ticks/call (           0 ticks,       0 calls, max         0, min      -1)
00:00:45.689054 /PROF/CPU0/EM/Capped                               0 ticks/call (           0 ticks,       0 calls, max         0, min      -1)
00:00:45.689056 /PROF/CPU0/EM/ForcedActions                     1710 times
00:00:45.689057 /PROF/CPU0/EM/HMExec                         5132832 ticks/call ( 92693822482 ticks,   18059 calls, max 2624527698, min    2852)
00:00:45.689059 /PROF/CPU0/EM/HMExecuteCalled                    440 times
00:00:45.689060 /PROF/CPU0/EM/Halted                             616 times
00:00:45.689061 /PROF/CPU0/EM/NEMExec                              0 ticks/call (           0 ticks,       0 calls, max         0, min      -1)
00:00:45.689063 /PROF/CPU0/EM/NEMExecuteCalled                     0 times
00:00:45.689064 /PROF/CPU0/EM/REMTotal                             0 times
00:00:45.689065 /PROF/CPU0/EM/RecordedExits                  1875823 times
00:00:45.689066 /PROF/CPU0/EM/Total                        117481694550 ticks/call (117481694550 ticks,       1 calls, max 117481694550, min 117481694550)
00:00:45.689068 /PROF/CPU0/VM/Halt/Block                    14708581 ns/call (  9339949195 ns,     635 calls, max 500145921, min       1)
00:00:45.689069 /PROF/CPU0/VM/Halt/BlockInsomnia            10856427 ns/call (  6839549208 ns,     630 calls, max 493110676, min       1)
00:00:45.689070 /PROF/CPU0/VM/Halt/BlockOnTime             500026182 ns/call (   500026182 ns,       1 calls, max 500026182, min 500026182)
00:00:45.689071 /PROF/CPU0/VM/Halt/BlockOverslept              93890 ns/call (      375562 ns,       4 calls, max    147047, min   51887)
00:00:45.689075 /PROF/CPU0/VM/Halt/R0HaltBlock              11568984 ns/call ( 30333878161 ns,    2622 calls, max 500100482, min       3)
00:00:45.689076 /PROF/CPU0/VM/Halt/R0HaltBlockInsomnia      10448648 ns/call ( 27333665148 ns,    2616 calls, max 492603417, min       3)
00:00:45.689078 /PROF/CPU0/VM/Halt/R0HaltBlockOnTime       500004909 ns/call (  2000019636 ns,       4 calls, max 500016366, min 499990652)
00:00:45.689080 /PROF/CPU0/VM/Halt/R0HaltBlockOverslept       115940 ns/call (      231880 ns,       2 calls, max    132188, min   99692)
00:00:45.689081 /PROF/CPU0/VM/Halt/R0HaltExec                   2715 times
00:00:45.689082 /PROF/CPU0/VM/Halt/R0HaltExec/FromBlock         2454 times
00:00:45.689083 /PROF/CPU0/VM/Halt/R0HaltExec/FromSpin           227 times
00:00:45.689083 /PROF/CPU0/VM/Halt/R0HaltHistoryCounter         3119 times
00:00:45.689084 /PROF/CPU0/VM/Halt/R0HaltHistorySucceeded         37 times
00:00:45.689085 /PROF/CPU0/VM/Halt/R0HaltHistoryToRing3           13 times
00:00:45.689085 /PROF/CPU0/VM/Halt/R0HaltToR3                    404 times
00:00:45.689086 /PROF/CPU0/VM/Halt/R0HaltToR3/FromSpin            17 times
00:00:45.689087 /PROF/CPU0/VM/Halt/R0HaltToR3/Other                0 times
00:00:45.689088 /PROF/CPU0/VM/Halt/R0HaltToR3/PendingFF          219 times
00:00:45.689089 /PROF/CPU0/VM/Halt/R0HaltToR3/PostWaitNoInt        60 times
00:00:45.689090 /PROF/CPU0/VM/Halt/R0HaltToR3/PostWaitPendingFF       108 times
00:00:45.689091 /PROF/CPU0/VM/Halt/R0HaltToR3/SmallDelta           0 times
00:00:45.689093 /PROF/CPU0/VM/Halt/Timers                        346 ns/call (      416004 ns,    1201 calls, max      4594, min       1)
00:00:45.689094 /PROF/CPU0/VM/Halt/Yield                           0 ns/call (           0 ns,       0 calls, max         0, min      -1)
00:00:45.689096 /PROF/CPU1/EM/Capped                               0 ticks/call (           0 ticks,       0 calls, max         0, min      -1)
00:00:45.689097 /PROF/CPU1/EM/ForcedActions                     1996 times
00:00:45.689099 /PROF/CPU1/EM/HMExec                        16308445 ticks/call ( 76453991822 ticks,    4688 calls, max 2265083864, min    3692)
00:00:45.689100 /PROF/CPU1/EM/HMExecuteCalled                    577 times
00:00:45.689102 /PROF/CPU1/EM/Halted                             853 times
00:00:45.689103 /PROF/CPU1/EM/NEMExec                              0 ticks/call (           0 ticks,       0 calls, max         0, min      -1)
00:00:45.689104 /PROF/CPU1/EM/NEMExecuteCalled                     0 times
00:00:45.689105 /PROF/CPU1/EM/REMTotal                             0 times
00:00:45.689106 /PROF/CPU1/EM/RecordedExits                   129190 times
00:00:45.689107 /PROF/CPU1/EM/Total                        117505611034 ticks/call (117505611034 ticks,       1 calls, max 117505611034, min 117505611034)
00:00:45.689108 /PROF/CPU1/VM/Halt/Block                    11933900 ns/call ( 15561805635 ns,    1304 calls, max 500145937, min       1)
00:00:45.689109 /PROF/CPU1/VM/Halt/BlockInsomnia             8541533 ns/call ( 11061285454 ns,    1295 calls, max 498644210, min       1)
00:00:45.689110 /PROF/CPU1/VM/Halt/BlockOnTime             500028894 ns/call (  3000173364 ns,       6 calls, max 500049018, min 500010309)
00:00:45.689111 /PROF/CPU1/VM/Halt/BlockOverslept             116146 ns/call (      348439 ns,       3 calls, max    146536, min   96598)
00:00:45.689113 /PROF/CPU1/VM/Halt/R0HaltBlock               1766342 ns/call ( 26235478378 ns,   14853 calls, max 500107981, min       4)
00:00:45.689115 /PROF/CPU1/VM/Halt/R0HaltBlockInsomnia       1497810 ns/call ( 22234996310 ns,   14845 calls, max 495468058, min       4)
00:00:45.689116 /PROF/CPU1/VM/Halt/R0HaltBlockOnTime       500003705 ns/call (  1000007410 ns,       2 calls, max 500015982, min 499991428)
00:00:45.689118 /PROF/CPU1/VM/Halt/R0HaltBlockOverslept       109442 ns/call (      656652 ns,       6 calls, max    139601, min   94300)
00:00:45.689120 /PROF/CPU1/VM/Halt/R0HaltExec                  15241 times
00:00:45.689121 /PROF/CPU1/VM/Halt/R0HaltExec/FromBlock        14682 times
00:00:45.689122 /PROF/CPU1/VM/Halt/R0HaltExec/FromSpin           461 times
00:00:45.689123 /PROF/CPU1/VM/Halt/R0HaltHistoryCounter        15769 times
00:00:45.689124 /PROF/CPU1/VM/Halt/R0HaltHistorySucceeded        125 times
00:00:45.689124 /PROF/CPU1/VM/Halt/R0HaltHistoryToRing3           31 times
00:00:45.689142 /PROF/CPU1/VM/Halt/R0HaltToR3                    528 times
00:00:45.689144 /PROF/CPU1/VM/Halt/R0HaltToR3/FromSpin            29 times
00:00:45.689145 /PROF/CPU1/VM/Halt/R0HaltToR3/Other                1 times
00:00:45.689145 /PROF/CPU1/VM/Halt/R0HaltToR3/PendingFF          327 times
00:00:45.689147 /PROF/CPU1/VM/Halt/R0HaltToR3/PostWaitNoInt        72 times
00:00:45.689148 /PROF/CPU1/VM/Halt/R0HaltToR3/PostWaitPendingFF        99 times
00:00:45.689149 /PROF/CPU1/VM/Halt/R0HaltToR3/SmallDelta           0 times
00:00:45.689150 /PROF/CPU1/VM/Halt/Timers                        248 ns/call (      518391 ns,    2083 calls, max      7229, min       1)
00:00:45.689152 /PROF/CPU1/VM/Halt/Yield                           0 ns/call (           0 ns,       0 calls, max         0, min      -1)
00:00:45.689153 /PROF/CPU2/EM/Capped                               0 ticks/call (           0 ticks,       0 calls, max         0, min      -1)
00:00:45.689154 /PROF/CPU2/EM/ForcedActions                     1474 times
00:00:45.689155 /PROF/CPU2/EM/HMExec                        30900021 ticks/call ( 79598454744 ticks,    2576 calls, max 2054758846, min    2962)
00:00:45.689156 /PROF/CPU2/EM/HMExecuteCalled                    411 times
00:00:45.689157 /PROF/CPU2/EM/Halted                             540 times
00:00:45.689157 /PROF/CPU2/EM/NEMExec                              0 ticks/call (           0 ticks,       0 calls, max         0, min      -1)
00:00:45.689159 /PROF/CPU2/EM/NEMExecuteCalled                     0 times
00:00:45.689160 /PROF/CPU2/EM/REMTotal                             0 times
00:00:45.689161 /PROF/CPU2/EM/RecordedExits                    36145 times
00:00:45.689163 /PROF/CPU2/EM/Total                        117506669246 ticks/call (117506669246 ticks,       1 calls, max 117506669246, min 117506669246)
00:00:45.689165 /PROF/CPU2/VM/Halt/Block                    13438659 ns/call ( 14392804782 ns,    1071 calls, max 500141277, min       1)
00:00:45.689166 /PROF/CPU2/VM/Halt/BlockInsomnia             8852159 ns/call (  9392140743 ns,    1061 calls, max 498599735, min       1)
00:00:45.689167 /PROF/CPU2/VM/Halt/BlockOnTime             500026811 ns/call (  2000107245 ns,       4 calls, max 500037879, min 500020948)
00:00:45.689168 /PROF/CPU2/VM/Halt/BlockOverslept              93155 ns/call (      558933 ns,       6 calls, max    141390, min   68222)
00:00:45.689169 /PROF/CPU2/VM/Halt/R0HaltBlock              10794444 ns/call ( 29447243609 ns,    2728 calls, max 500071476, min       3)
00:00:45.689171 /PROF/CPU2/VM/Halt/R0HaltBlockInsomnia       9896112 ns/call ( 26947113274 ns,    2723 calls, max 499567513, min       3)
00:00:45.689172 /PROF/CPU2/VM/Halt/R0HaltBlockOnTime       500012212 ns/call (  1500036637 ns,       3 calls, max 500041258, min 499988859)
00:00:45.689173 /PROF/CPU2/VM/Halt/R0HaltBlockOverslept        75146 ns/call (      150293 ns,       2 calls, max     97420, min   52873)
00:00:45.689175 /PROF/CPU2/VM/Halt/R0HaltExec                   2791 times
00:00:45.689176 /PROF/CPU2/VM/Halt/R0HaltExec/FromBlock         2572 times
00:00:45.689177 /PROF/CPU2/VM/Halt/R0HaltExec/FromSpin           186 times
00:00:45.689178 /PROF/CPU2/VM/Halt/R0HaltHistoryCounter         3153 times
00:00:45.689180 /PROF/CPU2/VM/Halt/R0HaltHistorySucceeded         53 times
00:00:45.689181 /PROF/CPU2/VM/Halt/R0HaltHistoryToRing3           31 times
00:00:45.689182 /PROF/CPU2/VM/Halt/R0HaltToR3                    362 times
00:00:45.689184 /PROF/CPU2/VM/Halt/R0HaltToR3/FromSpin             9 times
00:00:45.689185 /PROF/CPU2/VM/Halt/R0HaltToR3/Other                1 times
00:00:45.689186 /PROF/CPU2/VM/Halt/R0HaltToR3/PendingFF          196 times
00:00:45.689189 /PROF/CPU2/VM/Halt/R0HaltToR3/PostWaitNoInt        67 times
00:00:45.689190 /PROF/CPU2/VM/Halt/R0HaltToR3/PostWaitPendingFF        89 times
00:00:45.689191 /PROF/CPU2/VM/Halt/R0HaltToR3/SmallDelta           0 times
00:00:45.689191 /PROF/CPU2/VM/Halt/Timers                        361 ns/call (      564845 ns,    1564 calls, max     19683, min       1)
00:00:45.689192 /PROF/CPU2/VM/Halt/Yield                           0 ns/call (           0 ns,       0 calls, max         0, min      -1)
00:00:45.689193 /PROF/CPU3/EM/Capped                               0 ticks/call (           0 ticks,       0 calls, max         0, min      -1)
00:00:45.689195 /PROF/CPU3/EM/ForcedActions                     3439 times
00:00:45.689196 /PROF/CPU3/EM/HMExec                         9150482 ticks/call ( 34515621842 ticks,    3772 calls, max 1008820636, min    2794)
00:00:45.689197 /PROF/CPU3/EM/HMExecuteCalled                   2186 times
00:00:45.689198 /PROF/CPU3/EM/Halted                            2150 times
00:00:45.689200 /PROF/CPU3/EM/NEMExec                              0 ticks/call (           0 ticks,       0 calls, max         0, min      -1)
00:00:45.689201 /PROF/CPU3/EM/NEMExecuteCalled                     0 times
00:00:45.689202 /PROF/CPU3/EM/REMTotal                             0 times
00:00:45.689204 /PROF/CPU3/EM/RecordedExits                   176193 times
00:00:45.689205 /PROF/CPU3/EM/Total                        117506662740 ticks/call (117506662740 ticks,       1 calls, max 117506662740, min 117506662740)
00:00:45.689207 /PROF/CPU3/VM/Halt/Block                    14428825 ns/call ( 31613556644 ns,    2191 calls, max 791727027, min       1)
00:00:45.689208 /PROF/CPU3/VM/Halt/BlockInsomnia             5122372 ns/call (  6951058815 ns,    1357 calls, max 649952239, min       1)
00:00:45.689209 /PROF/CPU3/VM/Halt/BlockOnTime              16932932 ns/call ( 10125893531 ns,     598 calls, max 692293728, min     748)
00:00:45.689210 /PROF/CPU3/VM/Halt/BlockOverslept             121935 ns/call (    28776707 ns,     236 calls, max    967285, min   50238)
00:00:45.689212 /PROF/CPU3/VM/Halt/R0HaltBlock                711348 ns/call ( 11828300027 ns,   16628 calls, max 386329159, min       2)
00:00:45.689214 /PROF/CPU3/VM/Halt/R0HaltBlockInsomnia        311608 ns/call (  4840208125 ns,   15533 calls, max 386329159, min       2)
00:00:45.689215 /PROF/CPU3/VM/Halt/R0HaltBlockOnTime         3440639 ns/call (  3543858838 ns,    1030 calls, max 192158073, min     113)
00:00:45.689217 /PROF/CPU3/VM/Halt/R0HaltBlockOverslept       110228 ns/call (     7164872 ns,      65 calls, max    159753, min   51531)
00:00:45.689218 /PROF/CPU3/VM/Halt/R0HaltExec                  15777 times
00:00:45.689219 /PROF/CPU3/VM/Halt/R0HaltExec/FromBlock        15118 times
00:00:45.689221 /PROF/CPU3/VM/Halt/R0HaltExec/FromSpin           604 times
00:00:45.689222 /PROF/CPU3/VM/Halt/R0HaltHistoryCounter        17698 times
00:00:45.689223 /PROF/CPU3/VM/Halt/R0HaltHistorySucceeded          7 times
00:00:45.689224 /PROF/CPU3/VM/Halt/R0HaltHistoryToRing3           30 times
00:00:45.689225 /PROF/CPU3/VM/Halt/R0HaltToR3                   1921 times
00:00:45.689226 /PROF/CPU3/VM/Halt/R0HaltToR3/FromSpin            20 times
00:00:45.689228 /PROF/CPU3/VM/Halt/R0HaltToR3/Other                1 times
00:00:45.689228 /PROF/CPU3/VM/Halt/R0HaltToR3/PendingFF          386 times
00:00:45.689229 /PROF/CPU3/VM/Halt/R0HaltToR3/PostWaitNoInt       947 times
00:00:45.689230 /PROF/CPU3/VM/Halt/R0HaltToR3/PostWaitPendingFF       563 times
00:00:45.689230 /PROF/CPU3/VM/Halt/R0HaltToR3/SmallDelta           4 times
00:00:45.689231 /PROF/CPU3/VM/Halt/Timers                      12077 ns/call (    45798574 ns,    3792 calls, max    938228, min       2)
00:00:45.689232 /PROF/CPU3/VM/Halt/Yield                           0 ns/call (           0 ns,       0 calls, max         0, min      -1)
00:00:45.689233 /Public/NetAdapter/0/BytesReceived                 0 bytes
00:00:45.689234 /Public/NetAdapter/0/BytesTransmitted              0 bytes
00:00:45.689235 /Public/NetAdapter/0/e1000                         0 
00:00:45.689238 /Public/Storage/AHCI0/Port0/BytesRead      1939100672 bytes
00:00:45.689239 /Public/Storage/AHCI0/Port0/QueryBufAttempts         0 count
00:00:45.689240 /Public/Storage/AHCI0/Port0/QueryBufSuccess         0 count
00:00:45.689241 /Public/Storage/AHCI0/Port0/ReqsFlush             12 count
00:00:45.689243 /Public/Storage/AHCI0/Port0/ReqsRead           15457 count
00:00:45.689244 /Public/Storage/AHCI0/Port0/ReqsSubmitted      15469 count
00:00:45.689244 /Public/Storage/AHCI0/Port0/ReqsSucceeded      15469 count
00:00:45.689245 /Public/Storage/AHCI0/Port1/BytesRead       75904512 bytes
00:00:45.689246 /Public/Storage/AHCI0/Port1/BytesWritten   145311744 bytes
00:00:45.689247 /Public/Storage/AHCI0/Port1/QueryBufAttempts         0 count
00:00:45.689247 /Public/Storage/AHCI0/Port1/QueryBufSuccess         0 count
00:00:45.689248 /Public/Storage/AHCI0/Port1/ReqsFlush             69 count
00:00:45.689249 /Public/Storage/AHCI0/Port1/ReqsRead            2407 count
00:00:45.689250 /Public/Storage/AHCI0/Port1/ReqsSubmitted       2886 count
00:00:45.689251 /Public/Storage/AHCI0/Port1/ReqsSucceeded       2886 count
00:00:45.689252 /Public/Storage/AHCI0/Port1/ReqsWrite            410 count
00:00:45.689254 /SELM/LoadHidSel/GstReadErrors                     0 times
00:00:45.689255 /SELM/LoadHidSel/NoGoodGuest                       0 times
00:00:45.689257 /TM/CPU/00/cNsExecuting                    4069904136 ns
00:00:45.689258 /TM/CPU/00/cNsHalted                       9341028822 ns
00:00:45.689259 /TM/CPU/00/cNsOther                        31580328312 ns
00:00:45.689261 /TM/CPU/00/cNsTotal                        44991261270 ns
00:00:45.689262 /TM/CPU/00/cPeriodsExecuting                 1875823 count
00:00:45.689263 /TM/CPU/00/cPeriodsHalted                        566 count
00:00:45.689264 /TM/CPU/00/pctExecuting                            0 %
00:00:45.689266 /TM/CPU/00/pctHalted                              97 %
00:00:45.689267 /TM/CPU/00/pctOther                                1 %
00:00:45.689268 /TM/CPU/01/cNsExecuting                    2226035088 ns
00:00:45.689269 /TM/CPU/01/cNsHalted                       15563302254 ns
00:00:45.689270 /TM/CPU/01/cNsOther                        27211081772 ns
00:00:45.689271 /TM/CPU/01/cNsTotal                        45000419114 ns
00:00:45.689272 /TM/CPU/01/cPeriodsExecuting                  129190 count
00:00:45.689272 /TM/CPU/01/cPeriodsHalted                        779 count
00:00:45.689273 /TM/CPU/01/pctExecuting                            0 %
00:00:45.689274 /TM/CPU/01/pctHalted                              29 %
00:00:45.689275 /TM/CPU/01/pctOther                               70 %
00:00:45.689276 /TM/CPU/02/cNsExecuting                    854940490 ns
00:00:45.689277 /TM/CPU/02/cNsHalted                       14394267386 ns
00:00:45.689278 /TM/CPU/02/cNsOther                        29751617634 ns
00:00:45.689280 /TM/CPU/02/cNsTotal                        45000825510 ns
00:00:45.689281 /TM/CPU/02/cPeriodsExecuting                   36145 count
00:00:45.689282 /TM/CPU/02/cPeriodsHalted                        493 count
00:00:45.689283 /TM/CPU/02/pctExecuting                            0 %
00:00:45.689284 /TM/CPU/02/pctHalted                              97 %
00:00:45.689285 /TM/CPU/02/pctOther                                1 %
00:00:45.689286 /TM/CPU/03/cNsExecuting                    936794942 ns
00:00:45.689287 /TM/CPU/03/cNsHalted                       31662093262 ns
00:00:45.689288 /TM/CPU/03/cNsOther                        12401933565 ns
00:00:45.689289 /TM/CPU/03/cNsTotal                        45000821769 ns
00:00:45.689289 /TM/CPU/03/cPeriodsExecuting                  176191 count
00:00:45.689291 /TM/CPU/03/cPeriodsHalted                       1601 count
00:00:45.689292 /TM/CPU/03/pctExecuting                            0 %
00:00:45.689293 /TM/CPU/03/pctHalted                              98 %
00:00:45.689294 /TM/CPU/03/pctOther                                1 %
00:00:45.689296 /TM/CPU/pctExecuting                               0 %
00:00:45.689298 /TM/CPU/pctHalted                                 98 %
00:00:45.689300 /TM/CPU/pctOther                                   0 %
00:00:45.689301 /TM/MaxHzHint                                      0 Hz
00:00:45.689303 /TM/MaxHzHint/real                                 0 Hz
00:00:45.689304 /TM/MaxHzHint/tsc                                  0 Hz
00:00:45.689305 /TM/MaxHzHint/virtual                              0 Hz
00:00:45.689307 /TM/MaxHzHint/virtual_sync                         0 Hz
00:00:45.689308 /TM/PIT/Handler                                    0 ticks/call (           0 ticks,       0 calls, max         0, min      -1)
00:00:45.689309 /TM/PIT/Irq                                        0 times
00:00:45.689310 /TM/R3/1nsSteps                                 2677 times
00:00:45.689311 /TM/TSC/offCPU0                            16500879968730 ticks
00:00:45.689312 /TM/TSC/offCPU1                            16500879968730 ticks
00:00:45.689313 /TM/TSC/offCPU2                            16500879968730 ticks
00:00:45.689314 /TM/TSC/offCPU3                            16500879968730 ticks
00:00:45.689315 /TM/VirtualSync/CurrentOffset                  96999 ns
00:00:45.689316 /TRPM/ForwardRaw/IRQ/20                          811 times
00:00:45.689318 /TRPM/ForwardRaw/IRQ/21                            9 times
00:00:45.689324 /TRPM/ForwardRaw/IRQ/EC                         1831 times
00:00:45.689325 /TRPM/ForwardRaw/IRQ/F8                            1 times
00:00:45.689326 /TRPM/ForwardRaw/IRQ/FB                          764 times
00:00:45.689326 /TRPM/ForwardRaw/IRQ/FC                           27 times
00:00:45.689328 /TRPM/ForwardRaw/IRQ/FD                          151 times
00:00:45.689329 /TRPM/ForwardRaw/TRAP/08                           8 times
00:00:45.689330 /TRPM/ForwardRaw/TRAP/09                           1 times
00:00:45.689332 /VMM/EmtHashCollisions/Emt00                       0 times
00:00:45.689333 /VMM/EmtHashCollisions/Emt01                       0 times
00:00:45.689335 /VMM/EmtHashCollisions/Emt02                       0 times
00:00:45.689335 /VMM/EmtHashCollisions/Emt03                       0 times
00:00:45.689337 /VMM/LogFlush/00-Flushes                           0 times
00:00:45.689338 /VMM/LogFlush/00-NoWakups                          0 times
00:00:45.689340 /VMM/LogFlush/CPU0/Rel/cbBuf                    4096 bytes
00:00:45.689341 /VMM/LogFlush/CPU1/Rel/cbBuf                    4096 bytes
00:00:45.689343 /VMM/LogFlush/CPU2/Rel/cbBuf                    4096 bytes
00:00:45.689345 /VMM/LogFlush/CPU3/Rel/cbBuf                    4096 bytes
00:00:45.689346 ********************* End of statistics **********************
00:00:45.690173 E1000#0: Interrupt attempts: 1
00:00:45.690179 E1000#0: Interrupts raised : 0
00:00:45.690180 E1000#0: Interrupts lowered: 0
00:00:45.690181 E1000#0: ICR outside ISR   : 0
00:00:45.690181 E1000#0: IMS raised ints   : 0
00:00:45.690182 E1000#0: Interrupts skipped: 0
00:00:45.690182 E1000#0: Masked interrupts : 1
00:00:45.690183 E1000#0: Early interrupts  : 0
00:00:45.690183 E1000#0: Late interrupts   : 0
00:00:45.690184 E1000#0: Lost interrupts   : 0
00:00:45.690185 E1000#0: Interrupts by RX  : 0
00:00:45.690185 E1000#0: Interrupts by TX  : 0
00:00:45.690186 E1000#0: Interrupts by ICS : 0
00:00:45.690187 E1000#0: Interrupts by RDTR: 0
00:00:45.690187 E1000#0: Interrupts by RDMT: 0
00:00:45.690188 E1000#0: Interrupts by TXQE: 0
00:00:45.690188 E1000#0: TX int delay asked: 0
00:00:45.690189 E1000#0: TX delayed:         0
00:00:45.690189 E1000#0: TX delay expired:   0
00:00:45.690190 E1000#0: TX no report asked: 0
00:00:45.690190 E1000#0: TX abs timer expd : 0
00:00:45.690191 E1000#0: TX int timer expd : 0
00:00:45.690191 E1000#0: RX abs timer expd : 0
00:00:45.690192 E1000#0: RX int timer expd : 0
00:00:45.690192 E1000#0: TX CTX descriptors: 0
00:00:45.690194 E1000#0: TX DAT descriptors: 0
00:00:45.690195 E1000#0: TX LEG descriptors: 0
00:00:45.690195 E1000#0: Received frames   : 0
00:00:45.690196 E1000#0: Transmitted frames: 0
00:00:45.690197 E1000#0: TX frames up to 1514: 0
00:00:45.690204 E1000#0: TX frames up to 2962: 0
00:00:45.690204 E1000#0: TX frames up to 4410: 0
00:00:45.690205 E1000#0: TX frames up to 5858: 0
00:00:45.690205 E1000#0: TX frames up to 7306: 0
00:00:45.690206 E1000#0: TX frames up to 8754: 0
00:00:45.690207 E1000#0: TX frames up to 16384: 0
00:00:45.690207 E1000#0: TX frames up to 32768: 0
00:00:45.690208 E1000#0: Larger TX frames    : 0
00:00:45.690208 E1000#0: Max TX Delay        : 0
00:00:45.717440 GIM: KVM: Resetting MSRs
00:00:45.720321 vmmR3LogFlusher: Terminating (VERR_OBJECT_DESTROYED)
00:00:45.720354 Changing the VM state from 'DESTROYING' to 'TERMINATED'
00:00:45.720363 Console: Machine state changed to 'PoweredOff'
00:00:45.720429 GUI: Request to close Runtime UI because VM is powered off.
00:00:45.720433 GUI: Request for async QApp quit.
00:00:45.728503 GUI: UICommon: Handling aboutToQuit request..
00:00:47.229387 GUI: UICommon: aboutToQuit request handled!
