-rw-r-----    1 root     root        314854 Oct  3 02:04 /storage/m7-lsan.247553

=================================================================
==247553==ERROR: LeakSanitizer: detected memory leaks

Direct leak of 7680 byte(s) in 10 object(s) allocated from:
    #0 0x7f8a9cc16ad9 in realloc ../../../../src/libsanitizer/lsan/lsan_interceptors.cpp:128
    #1 0x7f8a9c3b71bf  (/usr/lib/libSDL2-2.0.so.0+0xa21bf)
    #2 0x7f8a9c3f638c  (/usr/lib/libSDL2-2.0.so.0+0xe138c)
    #3 0x7f8a9c4441e4  (/usr/lib/libSDL2-2.0.so.0+0x12f1e4)
    #4 0x7f8a9a7e6051  (<unknown module>)
    #5 0x7f8a9a7e403b  (<unknown module>)
    #6 0x7f8a9a7e4c80  (<unknown module>)
    #7 0x7f8a9a7e1ef7  (<unknown module>)
    #8 0x7f8a9a7ddb5b  (<unknown module>)
    #9 0x7f8a9a7dee3a  (<unknown module>)
    #10 0x7f8a9a7df246  (<unknown module>)
    #11 0x7f8a9a7df31a  (<unknown module>)
    #12 0x7f8a9a7dfd0a  (<unknown module>)
    #13 0x7f8a9c4447b4  (/usr/lib/libSDL2-2.0.so.0+0x12f7b4)
    #14 0x7f8a9c3fc958  (/usr/lib/libSDL2-2.0.so.0+0xe7958)
    #15 0x7f8a9c342247  (/usr/lib/libSDL2-2.0.so.0+0x2d247)
    #16 0x000000c0d66b  (/usr/lib/ld-linux-x86-64.so.2+0xc0d66b)
    #17 0x000000c0e9c5  (/usr/lib/ld-linux-x86-64.so.2+0xc0e9c5)
    #18 0x000000b1f288  (/usr/lib/ld-linux-x86-64.so.2+0xb1f288)
    #19 0x000000515317  (/usr/lib/ld-linux-x86-64.so.2+0x515317)
    #20 0x000000a17dce  (/usr/lib/ld-linux-x86-64.so.2+0xa17dce)
    #21 0x000000a187ad  (/usr/lib/ld-linux-x86-64.so.2+0xa187ad)
    #22 0x000000b34d98  (/usr/lib/ld-linux-x86-64.so.2+0xb34d98)

Direct leak of 5920 byte(s) in 10 object(s) allocated from:
    #0 0x7f8a9cc197cf in malloc ../../../../src/libsanitizer/lsan/lsan_interceptors.cpp:74
    #1 0x7f8a91f2d398  (<unknown module>)
    #2 0x7f8a91f2a195  (<unknown module>)
    #3 0x7f8a922e1514  (<unknown module>)
    #4 0x7f8a91a9d585  (<unknown module>)
    #5 0x7f8a92217ac5  (<unknown module>)
    #6 0x7f8a91aa133d  (<unknown module>)
    #7 0x7f8a9a56fbb8  (<unknown module>)
    #8 0x7f8a9a5792b1  (<unknown module>)
    #9 0x7f8a9a57046f  (<unknown module>)
    #10 0x7f8a9a560677  (<unknown module>)
    #11 0x7f8a9c3eb0dc  (/usr/lib/libSDL2-2.0.so.0+0xd60dc)
    #12 0x7f8a9c4430ac  (/usr/lib/libSDL2-2.0.so.0+0x12e0ac)
    #13 0x7f8a9c3fa5a5  (/usr/lib/libSDL2-2.0.so.0+0xe55a5)
    #14 0x7f8a9c3fcf47  (/usr/lib/libSDL2-2.0.so.0+0xe7f47)
    #15 0x000000c0dbbd  (/usr/lib/ld-linux-x86-64.so.2+0xc0dbbd)
    #16 0x000000c0e9c5  (/usr/lib/ld-linux-x86-64.so.2+0xc0e9c5)
    #17 0x000000b1f288  (/usr/lib/ld-linux-x86-64.so.2+0xb1f288)
    #18 0x000000515317  (/usr/lib/ld-linux-x86-64.so.2+0x515317)
    #19 0x000000a17dce  (/usr/lib/ld-linux-x86-64.so.2+0xa17dce)
    #20 0x000000a187ad  (/usr/lib/ld-linux-x86-64.so.2+0xa187ad)
    #21 0x000000b34d98  (/usr/lib/ld-linux-x86-64.so.2+0xb34d98)
    #22 0x000000aa42ed  (/usr/lib/ld-linux-x86-64.so.2+0xaa42ed)

Direct leak of 768 byte(s) in 1 object(s) allocated from:
    #0 0x7f8a9cc16ad9 in realloc ../../../../src/libsanitizer/lsan/lsan_interceptors.cpp:128
    #1 0x7f8a9c3b71bf  (/usr/lib/libSDL2-2.0.so.0+0xa21bf)
    #2 0x7f8a9c3f638c  (/usr/lib/libSDL2-2.0.so.0+0xe138c)
    #3 0x7f8a9c4441e4  (/usr/lib/libSDL2-2.0.so.0+0x12f1e4)
    #4 0x7f8a9a5a6051  (<unknown module>)
    #5 0x7f8a9a5a403b  (<unknown module>)
    #6 0x7f8a9a5a4c80  (<unknown module>)
    #7 0x7f8a9a5a1ef7  (<unknown module>)
    #8 0x7f8a9a59db5b  (<unknown module>)
    #9 0x7f8a9a59ee3a  (<unknown module>)
    #10 0x7f8a9a59f246  (<unknown module>)
    #11 0x7f8a9a59f31a  (<unknown module>)
    #12 0x7f8a9a59fd0a  (<unknown module>)
    #13 0x7f8a9c4447b4  (/usr/lib/libSDL2-2.0.so.0+0x12f7b4)
    #14 0x7f8a9c3fc958  (/usr/lib/libSDL2-2.0.so.0+0xe7958)
    #15 0x7f8a9c342247  (/usr/lib/libSDL2-2.0.so.0+0x2d247)
    #16 0x000000c0d66b  (/usr/lib/ld-linux-x86-64.so.2+0xc0d66b)
    #17 0x000000c0e9c5  (/usr/lib/ld-linux-x86-64.so.2+0xc0e9c5)
    #18 0x000000b1f288  (/usr/lib/ld-linux-x86-64.so.2+0xb1f288)
    #19 0x0000004d117a  (/usr/lib/ld-linux-x86-64.so.2+0x4d117a)
    #20 0x7f8a9bc77253  (/usr/lib/libc.so.6+0x26253)
    #21 0x7f8a9bc77305 in __libc_start_main (/usr/lib/libc.so.6+0x26305)
    #22 0x0000004f9b70  (/usr/lib/ld-linux-x86-64.so.2+0x4f9b70)

Direct leak of 592 byte(s) in 1 object(s) allocated from:
    #0 0x7f8a9cc197cf in malloc ../../../../src/libsanitizer/lsan/lsan_interceptors.cpp:74
    #1 0x7f8a8a32d398  (<unknown module>)
    #2 0x7f8a8a32a195  (<unknown module>)
    #3 0x7f8a8a6e1514  (<unknown module>)
    #4 0x7f8a89e9d585  (<unknown module>)
    #5 0x7f8a8a617ac5  (<unknown module>)
    #6 0x7f8a89ea133d  (<unknown module>)
    #7 0x7f8a8b332bb8  (<unknown module>)
    #8 0x7f8a8b33c2b1  (<unknown module>)
    #9 0x7f8a8b33346f  (<unknown module>)
    #10 0x7f8a8b323677  (<unknown module>)
    #11 0x7f8a9c3eb0dc  (/usr/lib/libSDL2-2.0.so.0+0xd60dc)
    #12 0x7f8a9c4430ac  (/usr/lib/libSDL2-2.0.so.0+0x12e0ac)
    #13 0x7f8a9c3fa5a5  (/usr/lib/libSDL2-2.0.so.0+0xe55a5)
    #14 0x7f8a9c3fcf47  (/usr/lib/libSDL2-2.0.so.0+0xe7f47)
    #15 0x000000c0dbbd  (/usr/lib/ld-linux-x86-64.so.2+0xc0dbbd)
    #16 0x000000c0e9c5  (/usr/lib/ld-linux-x86-64.so.2+0xc0e9c5)
    #17 0x000000b1f288  (/usr/lib/ld-linux-x86-64.so.2+0xb1f288)
    #18 0x0000004d117a  (/usr/lib/ld-linux-x86-64.so.2+0x4d117a)
    #19 0x7f8a9bc77253  (/usr/lib/libc.so.6+0x26253)
    #20 0x7f8a9bc77305 in __libc_start_main (/usr/lib/libc.so.6+0x26305)
    #21 0x0000004f9b70  (/usr/lib/ld-linux-x86-64.so.2+0x4f9b70)

Direct leak of 400 byte(s) in 10 object(s) allocated from:
    #0 0x7f8a9cc197cf in malloc ../../../../src/libsanitizer/lsan/lsan_interceptors.cpp:74
    #1 0x7f8a9c1e93f4 in udev_enumerate_new (/usr/lib/libudev.so.1+0x83f4)
    #2 0x000000abcb9a  (/usr/lib/ld-linux-x86-64.so.2+0xabcb9a)
    #3 0x000000abcf11  (/usr/lib/ld-linux-x86-64.so.2+0xabcf11)
    #4 0x000000acb2d8  (/usr/lib/ld-linux-x86-64.so.2+0xacb2d8)
    #5 0x000000b1f3e2  (/usr/lib/ld-linux-x86-64.so.2+0xb1f3e2)
    #6 0x000000515317  (/usr/lib/ld-linux-x86-64.so.2+0x515317)
    #7 0x000000a17dce  (/usr/lib/ld-linux-x86-64.so.2+0xa17dce)
    #8 0x000000a187ad  (/usr/lib/ld-linux-x86-64.so.2+0xa187ad)
    #9 0x000000b34d98  (/usr/lib/ld-linux-x86-64.so.2+0xb34d98)
    #10 0x000000aa42ed  (/usr/lib/ld-linux-x86-64.so.2+0xaa42ed)
    #11 0x000000a16baa  (/usr/lib/ld-linux-x86-64.so.2+0xa16baa)
    #12 0x000000b25488  (/usr/lib/ld-linux-x86-64.so.2+0xb25488)
    #13 0x0000004d2185  (/usr/lib/ld-linux-x86-64.so.2+0x4d2185)
    #14 0x7f8a9bc77253  (/usr/lib/libc.so.6+0x26253)
    #15 0x7f8a9bc77305 in __libc_start_main (/usr/lib/libc.so.6+0x26305)
    #16 0x0000004f9b70  (/usr/lib/ld-linux-x86-64.so.2+0x4f9b70)

Direct leak of 400 byte(s) in 10 object(s) allocated from:
    #0 0x7f8a9cc197cf in malloc ../../../../src/libsanitizer/lsan/lsan_interceptors.cpp:74
    #1 0x7f8a9c1e93f4 in udev_enumerate_new (/usr/lib/libudev.so.1+0x83f4)
    #2 0x000000abc650  (/usr/lib/ld-linux-x86-64.so.2+0xabc650)
    #3 0x000000abcf3c  (/usr/lib/ld-linux-x86-64.so.2+0xabcf3c)
    #4 0x000000acb3b9  (/usr/lib/ld-linux-x86-64.so.2+0xacb3b9)
    #5 0x000000b1f3e2  (/usr/lib/ld-linux-x86-64.so.2+0xb1f3e2)
    #6 0x000000515317  (/usr/lib/ld-linux-x86-64.so.2+0x515317)
    #7 0x000000a17dce  (/usr/lib/ld-linux-x86-64.so.2+0xa17dce)
    #8 0x000000a187ad  (/usr/lib/ld-linux-x86-64.so.2+0xa187ad)
    #9 0x000000b34d98  (/usr/lib/ld-linux-x86-64.so.2+0xb34d98)
    #10 0x000000aa42ed  (/usr/lib/ld-linux-x86-64.so.2+0xaa42ed)
    #11 0x000000a16baa  (/usr/lib/ld-linux-x86-64.so.2+0xa16baa)
    #12 0x000000b25488  (/usr/lib/ld-linux-x86-64.so.2+0xb25488)
    #13 0x0000004d2185  (/usr/lib/ld-linux-x86-64.so.2+0x4d2185)
    #14 0x7f8a9bc77253  (/usr/lib/libc.so.6+0x26253)
    #15 0x7f8a9bc77305 in __libc_start_main (/usr/lib/libc.so.6+0x26305)
    #16 0x0000004f9b70  (/usr/lib/ld-linux-x86-64.so.2+0x4f9b70)

Direct leak of 400 byte(s) in 10 object(s) allocated from:
    #0 0x7f8a9cc197cf in malloc ../../../../src/libsanitizer/lsan/lsan_interceptors.cpp:74
    #1 0x7f8a9c1e93f4 in udev_enumerate_new (/usr/lib/libudev.so.1+0x83f4)
    #2 0x000000acec5f  (/usr/lib/ld-linux-x86-64.so.2+0xacec5f)
    #3 0x000000aced82  (/usr/lib/ld-linux-x86-64.so.2+0xaced82)
    #4 0x000000acb59d  (/usr/lib/ld-linux-x86-64.so.2+0xacb59d)
    #5 0x000000b1f3e2  (/usr/lib/ld-linux-x86-64.so.2+0xb1f3e2)
    #6 0x000000515317  (/usr/lib/ld-linux-x86-64.so.2+0x515317)
    #7 0x000000a17dce  (/usr/lib/ld-linux-x86-64.so.2+0xa17dce)
    #8 0x000000a187ad  (/usr/lib/ld-linux-x86-64.so.2+0xa187ad)
    #9 0x000000b34d98  (/usr/lib/ld-linux-x86-64.so.2+0xb34d98)
    #10 0x000000aa42ed  (/usr/lib/ld-linux-x86-64.so.2+0xaa42ed)
    #11 0x000000a16baa  (/usr/lib/ld-linux-x86-64.so.2+0xa16baa)
    #12 0x000000b25488  (/usr/lib/ld-linux-x86-64.so.2+0xb25488)
    #13 0x0000004d2185  (/usr/lib/ld-linux-x86-64.so.2+0x4d2185)
    #14 0x7f8a9bc77253  (/usr/lib/libc.so.6+0x26253)
    #15 0x7f8a9bc77305 in __libc_start_main (/usr/lib/libc.so.6+0x26305)
    #16 0x0000004f9b70  (/usr/lib/ld-linux-x86-64.so.2+0x4f9b70)

Direct leak of 400 byte(s) in 10 object(s) allocated from:
    #0 0x7f8a9cc197cf in malloc ../../../../src/libsanitizer/lsan/lsan_interceptors.cpp:74
    #1 0x7f8a9c1e93f4 in udev_enumerate_new (/usr/lib/libudev.so.1+0x83f4)
    #2 0x000000abc650  (/usr/lib/ld-linux-x86-64.so.2+0xabc650)
    #3 0x000000abcf3c  (/usr/lib/ld-linux-x86-64.so.2+0xabcf3c)
    #4 0x000000acb2d8  (/usr/lib/ld-linux-x86-64.so.2+0xacb2d8)
    #5 0x000000b1f3e2  (/usr/lib/ld-linux-x86-64.so.2+0xb1f3e2)
    #6 0x000000515317  (/usr/lib/ld-linux-x86-64.so.2+0x515317)
    #7 0x000000a17dce  (/usr/lib/ld-linux-x86-64.so.2+0xa17dce)
    #8 0x000000a187ad  (/usr/lib/ld-linux-x86-64.so.2+0xa187ad)
    #9 0x000000b34d98  (/usr/lib/ld-linux-x86-64.so.2+0xb34d98)
    #10 0x000000aa42ed  (/usr/lib/ld-linux-x86-64.so.2+0xaa42ed)
    #11 0x000000a16baa  (/usr/lib/ld-linux-x86-64.so.2+0xa16baa)
    #12 0x000000b25488  (/usr/lib/ld-linux-x86-64.so.2+0xb25488)
    #13 0x0000004d2185  (/usr/lib/ld-linux-x86-64.so.2+0x4d2185)
    #14 0x7f8a9bc77253  (/usr/lib/libc.so.6+0x26253)
    #15 0x7f8a9bc77305 in __libc_start_main (/usr/lib/libc.so.6+0x26305)
    #16 0x0000004f9b70  (/usr/lib/ld-linux-x86-64.so.2+0x4f9b70)

Direct leak of 400 byte(s) in 10 object(s) allocated from:
    #0 0x7f8a9cc197cf in malloc ../../../../src/libsanitizer/lsan/lsan_interceptors.cpp:74
    #1 0x7f8a9c1e93f4 in udev_enumerate_new (/usr/lib/libudev.so.1+0x83f4)
    #2 0x000000abcb9a  (/usr/lib/ld-linux-x86-64.so.2+0xabcb9a)
    #3 0x000000abcf11  (/usr/lib/ld-linux-x86-64.so.2+0xabcf11)
    #4 0x000000acb1d9  (/usr/lib/ld-linux-x86-64.so.2+0xacb1d9)
    #5 0x000000b1f3e2  (/usr/lib/ld-linux-x86-64.so.2+0xb1f3e2)
    #6 0x000000515317  (/usr/lib/ld-linux-x86-64.so.2+0x515317)
    #7 0x000000a17dce  (/usr/lib/ld-linux-x86-64.so.2+0xa17dce)
    #8 0x000000a187ad  (/usr/lib/ld-linux-x86-64.so.2+0xa187ad)
    #9 0x000000b34d98  (/usr/lib/ld-linux-x86-64.so.2+0xb34d98)
    #10 0x000000aa42ed  (/usr/lib/ld-linux-x86-64.so.2+0xaa42ed)
    #11 0x000000a16baa  (/usr/lib/ld-linux-x86-64.so.2+0xa16baa)
    #12 0x000000b25488  (/usr/lib/ld-linux-x86-64.so.2+0xb25488)
    #13 0x0000004d2185  (/usr/lib/ld-linux-x86-64.so.2+0x4d2185)
    #14 0x7f8a9bc77253  (/usr/lib/libc.so.6+0x26253)
    #15 0x7f8a9bc77305 in __libc_start_main (/usr/lib/libc.so.6+0x26305)
    #16 0x0000004f9b70  (/usr/lib/ld-linux-x86-64.so.2+0x4f9b70)

Direct leak of 400 byte(s) in 10 object(s) allocated from:
    #0 0x7f8a9cc197cf in malloc ../../../../src/libsanitizer/lsan/lsan_interceptors.cpp:74
    #1 0x7f8a9c1e93f4 in udev_enumerate_new (/usr/lib/libudev.so.1+0x83f4)
    #2 0x000000abc650  (/usr/lib/ld-linux-x86-64.so.2+0xabc650)
    #3 0x000000abcf3c  (/usr/lib/ld-linux-x86-64.so.2+0xabcf3c)
    #4 0x000000acb1d9  (/usr/lib/ld-linux-x86-64.so.2+0xacb1d9)
    #5 0x000000b1f3e2  (/usr/lib/ld-linux-x86-64.so.2+0xb1f3e2)
    #6 0x000000515317  (/usr/lib/ld-linux-x86-64.so.2+0x515317)
    #7 0x000000a17dce  (/usr/lib/ld-linux-x86-64.so.2+0xa17dce)
    #8 0x000000a187ad  (/usr/lib/ld-linux-x86-64.so.2+0xa187ad)
    #9 0x000000b34d98  (/usr/lib/ld-linux-x86-64.so.2+0xb34d98)
    #10 0x000000aa42ed  (/usr/lib/ld-linux-x86-64.so.2+0xaa42ed)
    #11 0x000000a16baa  (/usr/lib/ld-linux-x86-64.so.2+0xa16baa)
    #12 0x000000b25488  (/usr/lib/ld-linux-x86-64.so.2+0xb25488)
    #13 0x0000004d2185  (/usr/lib/ld-linux-x86-64.so.2+0x4d2185)
    #14 0x7f8a9bc77253  (/usr/lib/libc.so.6+0x26253)
    #15 0x7f8a9bc77305 in __libc_start_main (/usr/lib/libc.so.6+0x26305)
    #16 0x0000004f9b70  (/usr/lib/ld-linux-x86-64.so.2+0x4f9b70)

Direct leak of 400 byte(s) in 10 object(s) allocated from:
    #0 0x7f8a9cc197cf in malloc ../../../../src/libsanitizer/lsan/lsan_interceptors.cpp:74
    #1 0x7f8a9c1e93f4 in udev_enumerate_new (/usr/lib/libudev.so.1+0x83f4)
    #2 0x000000abcb9a  (/usr/lib/ld-linux-x86-64.so.2+0xabcb9a)
    #3 0x000000abcf11  (/usr/lib/ld-linux-x86-64.so.2+0xabcf11)
    #4 0x000000acb3b9  (/usr/lib/ld-linux-x86-64.so.2+0xacb3b9)
    #5 0x000000b1f3e2  (/usr/lib/ld-linux-x86-64.so.2+0xb1f3e2)
    #6 0x000000515317  (/usr/lib/ld-linux-x86-64.so.2+0x515317)
    #7 0x000000a17dce  (/usr/lib/ld-linux-x86-64.so.2+0xa17dce)
    #8 0x000000a187ad  (/usr/lib/ld-linux-x86-64.so.2+0xa187ad)
    #9 0x000000b34d98  (/usr/lib/ld-linux-x86-64.so.2+0xb34d98)
    #10 0x000000aa42ed  (/usr/lib/ld-linux-x86-64.so.2+0xaa42ed)
    #11 0x000000a16baa  (/usr/lib/ld-linux-x86-64.so.2+0xa16baa)
    #12 0x000000b25488  (/usr/lib/ld-linux-x86-64.so.2+0xb25488)
    #13 0x0000004d2185  (/usr/lib/ld-linux-x86-64.so.2+0x4d2185)
    #14 0x7f8a9bc77253  (/usr/lib/libc.so.6+0x26253)
    #15 0x7f8a9bc77305 in __libc_start_main (/usr/lib/libc.so.6+0x26305)
    #16 0x0000004f9b70  (/usr/lib/ld-linux-x86-64.so.2+0x4f9b70)

Direct leak of 328 byte(s) in 1 object(s) allocated from:
    #0 0x7f8a9cc197cf in malloc ../../../../src/libsanitizer/lsan/lsan_interceptors.cpp:74
    #1 0x7f8a9d303d76  (/lib64/ld-linux-x86-64.so.2+0xbd76)
    #2 0x7f8a9d304ce5  (/lib64/ld-linux-x86-64.so.2+0xcce5)
    #3 0x7f8a9d2f94bb in _dl_catch_exception (/lib64/ld-linux-x86-64.so.2+0x14bb)
    #4 0x7f8a9d303b51  (/lib64/ld-linux-x86-64.so.2+0xbb51)
    #5 0x7f8a9d2f94bb in _dl_catch_exception (/lib64/ld-linux-x86-64.so.2+0x14bb)
    #6 0x7f8a9d303f60  (/lib64/ld-linux-x86-64.so.2+0xbf60)
    #7 0x7f8a9bceb337  (/usr/lib/libc.so.6+0x9a337)
    #8 0x7f8a9d2f94bb in _dl_catch_exception (/lib64/ld-linux-x86-64.so.2+0x14bb)
    #9 0x7f8a9d2f95ee  (/lib64/ld-linux-x86-64.so.2+0x15ee)
    #10 0x7f8a9bceae83  (/usr/lib/libc.so.6+0x99e83)
    #11 0x7f8a9bceb3d0 in dlopen (/usr/lib/libc.so.6+0x9a3d0)
    #12 0x7f8a9d28b390  (/usr/lib/libfreetype.so.6+0x65390)
    #13 0x7f8a9d2414ce in FT_Add_Module (/usr/lib/libfreetype.so.6+0x1b4ce)
    #14 0x7f8a9d234e6b in FT_Add_Default_Modules (/usr/lib/libfreetype.so.6+0xee6b)
    #15 0x7f8a9d23505d in FT_Init_FreeType (/usr/lib/libfreetype.so.6+0xf05d)
    #16 0x000000c1033e  (/usr/lib/ld-linux-x86-64.so.2+0xc1033e)
    #17 0x000000c15c16  (/usr/lib/ld-linux-x86-64.so.2+0xc15c16)
    #18 0x000000c19854  (/usr/lib/ld-linux-x86-64.so.2+0xc19854)
    #19 0x000000b1f4d1  (/usr/lib/ld-linux-x86-64.so.2+0xb1f4d1)
    #20 0x0000004d117a  (/usr/lib/ld-linux-x86-64.so.2+0x4d117a)
    #21 0x7f8a9bc77253  (/usr/lib/libc.so.6+0x26253)
    #22 0x7f8a9bc77305 in __libc_start_main (/usr/lib/libc.so.6+0x26305)

Direct leak of 168 byte(s) in 1 object(s) allocated from:
    #0 0x7f8a9cc197cf in malloc ../../../../src/libsanitizer/lsan/lsan_interceptors.cpp:74
    #1 0x7f8a9d2fafee  (/lib64/ld-linux-x86-64.so.2+0x2fee)
    #2 0x7f8a9d3046f6  (/lib64/ld-linux-x86-64.so.2+0xc6f6)
    #3 0x7f8a9d2f94bb in _dl_catch_exception (/lib64/ld-linux-x86-64.so.2+0x14bb)
    #4 0x7f8a9d303b51  (/lib64/ld-linux-x86-64.so.2+0xbb51)
    #5 0x7f8a9d2f94bb in _dl_catch_exception (/lib64/ld-linux-x86-64.so.2+0x14bb)
    #6 0x7f8a9d303f60  (/lib64/ld-linux-x86-64.so.2+0xbf60)
    #7 0x7f8a9bceb337  (/usr/lib/libc.so.6+0x9a337)
    #8 0x7f8a9d2f94bb in _dl_catch_exception (/lib64/ld-linux-x86-64.so.2+0x14bb)
    #9 0x7f8a9d2f95ee  (/lib64/ld-linux-x86-64.so.2+0x15ee)
    #10 0x7f8a9bceae83  (/usr/lib/libc.so.6+0x99e83)
    #11 0x7f8a9bceb3d0 in dlopen (/usr/lib/libc.so.6+0x9a3d0)
    #12 0x7f8a9c411252  (/usr/lib/libSDL2-2.0.so.0+0xfc252)
    #13 0x7f8a9c41d823  (/usr/lib/libSDL2-2.0.so.0+0x108823)
    #14 0x7f8a9c346d02  (/usr/lib/libSDL2-2.0.so.0+0x31d02)
    #15 0x7f8a9c342291  (/usr/lib/libSDL2-2.0.so.0+0x2d291)
    #16 0x000000a9111e  (/usr/lib/ld-linux-x86-64.so.2+0xa9111e)
    #17 0x000000a91b74  (/usr/lib/ld-linux-x86-64.so.2+0xa91b74)
    #18 0x0000004d20b7  (/usr/lib/ld-linux-x86-64.so.2+0x4d20b7)
    #19 0x7f8a9bc77253  (/usr/lib/libc.so.6+0x26253)
    #20 0x7f8a9bc77305 in __libc_start_main (/usr/lib/libc.so.6+0x26305)
    #21 0x0000004f9b70  (/usr/lib/ld-linux-x86-64.so.2+0x4f9b70)

Direct leak of 96 byte(s) in 1 object(s) allocated from:
    #0 0x7f8a9cc19336 in calloc ../../../../src/libsanitizer/lsan/lsan_interceptors.cpp:120
    #1 0x7f8a9a59d1b3  (<unknown module>)
    #2 0x7f8a9a59f53d  (<unknown module>)
    #3 0x7f8a9a59fb42  (<unknown module>)
    #4 0x7f8a9c440fe1  (/usr/lib/libSDL2-2.0.so.0+0x12bfe1)
    #5 0x7f8a9c442544  (/usr/lib/libSDL2-2.0.so.0+0x12d544)
    #6 0x7f8a9c3f9a71  (/usr/lib/libSDL2-2.0.so.0+0xe4a71)
    #7 0x7f8a9c3f9bb9  (/usr/lib/libSDL2-2.0.so.0+0xe4bb9)
    #8 0x7f8a9c3fc5bc  (/usr/lib/libSDL2-2.0.so.0+0xe75bc)
    #9 0x000000c0c450  (/usr/lib/ld-linux-x86-64.so.2+0xc0c450)
    #10 0x000000514be3  (/usr/lib/ld-linux-x86-64.so.2+0x514be3)
    #11 0x000000a17dce  (/usr/lib/ld-linux-x86-64.so.2+0xa17dce)
    #12 0x000000a187ad  (/usr/lib/ld-linux-x86-64.so.2+0xa187ad)
    #13 0x000000b34d98  (/usr/lib/ld-linux-x86-64.so.2+0xb34d98)
    #14 0x000000aa42ed  (/usr/lib/ld-linux-x86-64.so.2+0xaa42ed)
    #15 0x000000a16baa  (/usr/lib/ld-linux-x86-64.so.2+0xa16baa)
    #16 0x000000b25488  (/usr/lib/ld-linux-x86-64.so.2+0xb25488)
    #17 0x0000004d2185  (/usr/lib/ld-linux-x86-64.so.2+0x4d2185)
    #18 0x7f8a9bc77253  (/usr/lib/libc.so.6+0x26253)
    #19 0x7f8a9bc77305 in __libc_start_main (/usr/lib/libc.so.6+0x26305)
    #20 0x0000004f9b70  (/usr/lib/ld-linux-x86-64.so.2+0x4f9b70)

Direct leak of 96 byte(s) in 1 object(s) allocated from:
    #0 0x7f8a9cc19336 in calloc ../../../../src/libsanitizer/lsan/lsan_interceptors.cpp:120
    #1 0x7f8a9a7dd1b3  (<unknown module>)
    #2 0x7f8a9a7df53d  (<unknown module>)
    #3 0x7f8a9a7dfb42  (<unknown module>)
    #4 0x7f8a9c440fe1  (/usr/lib/libSDL2-2.0.so.0+0x12bfe1)
    #5 0x7f8a9c442544  (/usr/lib/libSDL2-2.0.so.0+0x12d544)
    #6 0x7f8a9c3f9a71  (/usr/lib/libSDL2-2.0.so.0+0xe4a71)
    #7 0x7f8a9c3f9bb9  (/usr/lib/libSDL2-2.0.so.0+0xe4bb9)
    #8 0x7f8a9c3fc5bc  (/usr/lib/libSDL2-2.0.so.0+0xe75bc)
    #9 0x000000c0c450  (/usr/lib/ld-linux-x86-64.so.2+0xc0c450)
    #10 0x0000004d2346  (/usr/lib/ld-linux-x86-64.so.2+0x4d2346)
    #11 0x7f8a9bc77253  (/usr/lib/libc.so.6+0x26253)
    #12 0x7f8a9bc77305 in __libc_start_main (/usr/lib/libc.so.6+0x26305)
    #13 0x0000004f9b70  (/usr/lib/ld-linux-x86-64.so.2+0x4f9b70)

Direct leak of 88 byte(s) in 1 object(s) allocated from:
    #0 0x7f8a9cc197cf in malloc ../../../../src/libsanitizer/lsan/lsan_interceptors.cpp:74
    #1 0x7f8a9c1d4978 in pa_xmalloc (/usr/lib/libpulse.so.0+0x27978)
    #2 0x7f8a9c1c8a39  (/usr/lib/libpulse.so.0+0x1ba39)
    #3 0x7f8a9c1d058d in pa_context_subscribe (/usr/lib/libpulse.so.0+0x2358d)
    #4 0x000000b177a7  (/usr/lib/ld-linux-x86-64.so.2+0xb177a7)
    #5 0x7f8a9c1bc295  (/usr/lib/libpulse.so.0+0xf295)
    #6 0x7f8a9c1bd60c  (/usr/lib/libpulse.so.0+0x1060c)
    #7 0x7f8a9b33f8b8  (/usr/lib/pulseaudio/libpulsecommon-17.0.so+0x2f8b8)
    #8 0x7f8a9b33f9bf in pa_pdispatch_run (/usr/lib/pulseaudio/libpulsecommon-17.0.so+0x2f9bf)
    #9 0x7f8a9c1bc5ad  (/usr/lib/libpulse.so.0+0xf5ad)
    #10 0x7f8a9b3418ce  (/usr/lib/pulseaudio/libpulsecommon-17.0.so+0x318ce)
    #11 0x7f8a9b342f06  (/usr/lib/pulseaudio/libpulsecommon-17.0.so+0x32f06)
    #12 0x7f8a9c1c8675 in pa_mainloop_dispatch (/usr/lib/libpulse.so.0+0x1b675)
    #13 0x7f8a9c1c8870 in pa_mainloop_iterate (/usr/lib/libpulse.so.0+0x1b870)
    #14 0x7f8a9c1c88cf in pa_mainloop_run (/usr/lib/libpulse.so.0+0x1b8cf)
    #15 0x000000b174ca  (/usr/lib/ld-linux-x86-64.so.2+0xb174ca)
    #16 0x7f8a9c01dca3  (/usr/lib/libstdc++.so.6+0xe6ca3)
    #17 0x7f8a9cc16937 in ThreadStartFunc<false> ../../../../src/libsanitizer/lsan/lsan_interceptors.cpp:465
    #18 0x7f8a9bceef1a  (/usr/lib/libc.so.6+0x9df1a)
    #19 0x7f8a9bd78827  (/usr/lib/libc.so.6+0x127827)

Direct leak of 72 byte(s) in 1 object(s) allocated from:
    #0 0x7f8a9cc197cf in malloc ../../../../src/libsanitizer/lsan/lsan_interceptors.cpp:74
    #1 0x7f8a9d2fafee  (/lib64/ld-linux-x86-64.so.2+0x2fee)
    #2 0x7f8a9d3046f6  (/lib64/ld-linux-x86-64.so.2+0xc6f6)
    #3 0x7f8a9d2f94bb in _dl_catch_exception (/lib64/ld-linux-x86-64.so.2+0x14bb)
    #4 0x7f8a9d303b51  (/lib64/ld-linux-x86-64.so.2+0xbb51)
    #5 0x7f8a9d2f94bb in _dl_catch_exception (/lib64/ld-linux-x86-64.so.2+0x14bb)
    #6 0x7f8a9d303f60  (/lib64/ld-linux-x86-64.so.2+0xbf60)
    #7 0x7f8a9bceb337  (/usr/lib/libc.so.6+0x9a337)
    #8 0x7f8a9d2f94bb in _dl_catch_exception (/lib64/ld-linux-x86-64.so.2+0x14bb)
    #9 0x7f8a9d2f95ee  (/lib64/ld-linux-x86-64.so.2+0x15ee)
    #10 0x7f8a9bceae83  (/usr/lib/libc.so.6+0x99e83)
    #11 0x7f8a9bceb3d0 in dlopen (/usr/lib/libc.so.6+0x9a3d0)
    #12 0x7f8a9c411252  (/usr/lib/libSDL2-2.0.so.0+0xfc252)
    #13 0x7f8a9c3ead68  (/usr/lib/libSDL2-2.0.so.0+0xd5d68)
    #14 0x7f8a9c3eb0a7  (/usr/lib/libSDL2-2.0.so.0+0xd60a7)
    #15 0x7f8a9c4430ac  (/usr/lib/libSDL2-2.0.so.0+0x12e0ac)
    #16 0x7f8a9c3fa5a5  (/usr/lib/libSDL2-2.0.so.0+0xe55a5)
    #17 0x7f8a9c3fcf47  (/usr/lib/libSDL2-2.0.so.0+0xe7f47)
    #18 0x000000c0dbbd  (/usr/lib/ld-linux-x86-64.so.2+0xc0dbbd)
    #19 0x000000c0e9c5  (/usr/lib/ld-linux-x86-64.so.2+0xc0e9c5)
    #20 0x000000b1f288  (/usr/lib/ld-linux-x86-64.so.2+0xb1f288)
    #21 0x0000004d117a  (/usr/lib/ld-linux-x86-64.so.2+0x4d117a)
    #22 0x7f8a9bc77253  (/usr/lib/libc.so.6+0x26253)

Direct leak of 56 byte(s) in 1 object(s) allocated from:
    #0 0x7f8a9cc197cf in malloc ../../../../src/libsanitizer/lsan/lsan_interceptors.cpp:74
    #1 0x7f8a9d2fafee  (/lib64/ld-linux-x86-64.so.2+0x2fee)
    #2 0x7f8a9d3046f6  (/lib64/ld-linux-x86-64.so.2+0xc6f6)
    #3 0x7f8a9d2f94bb in _dl_catch_exception (/lib64/ld-linux-x86-64.so.2+0x14bb)
    #4 0x7f8a9d303b51  (/lib64/ld-linux-x86-64.so.2+0xbb51)
    #5 0x7f8a9d2f94bb in _dl_catch_exception (/lib64/ld-linux-x86-64.so.2+0x14bb)
    #6 0x7f8a9d303f60  (/lib64/ld-linux-x86-64.so.2+0xbf60)
    #7 0x7f8a9bdcb4fc  (/usr/lib/libc.so.6+0x17a4fc)
    #8 0x7f8a9d2f94bb in _dl_catch_exception (/lib64/ld-linux-x86-64.so.2+0x14bb)
    #9 0x7f8a9d2f95ee  (/lib64/ld-linux-x86-64.so.2+0x15ee)
    #10 0x7f8a9bdcba1e  (/usr/lib/libc.so.6+0x17aa1e)
    #11 0x7f8a9bd781c8 in __libc_unwind_link_get (/usr/lib/libc.so.6+0x1271c8)
    #12 0x7f8a9bd839e3 in backtrace (/usr/lib/libc.so.6+0x1329e3)
    #13 0x0000004d0cf4  (/usr/lib/ld-linux-x86-64.so.2+0x4d0cf4)
    #14 0x7f8a9bc77253  (/usr/lib/libc.so.6+0x26253)
    #15 0x7f8a9bc77305 in __libc_start_main (/usr/lib/libc.so.6+0x26305)
    #16 0x0000004f9b70  (/usr/lib/ld-linux-x86-64.so.2+0x4f9b70)

Direct leak of 40 byte(s) in 1 object(s) allocated from:
    #0 0x7f8a9cc197cf in malloc ../../../../src/libsanitizer/lsan/lsan_interceptors.cpp:74
    #1 0x7f8a9c1e93f4 in udev_enumerate_new (/usr/lib/libudev.so.1+0x83f4)
    #2 0x000000acec5f  (/usr/lib/ld-linux-x86-64.so.2+0xacec5f)
    #3 0x000000aced82  (/usr/lib/ld-linux-x86-64.so.2+0xaced82)
    #4 0x000000acb59d  (/usr/lib/ld-linux-x86-64.so.2+0xacb59d)
    #5 0x0000004d1454  (/usr/lib/ld-linux-x86-64.so.2+0x4d1454)
    #6 0x7f8a9bc77253  (/usr/lib/libc.so.6+0x26253)
    #7 0x7f8a9bc77305 in __libc_start_main (/usr/lib/libc.so.6+0x26305)
    #8 0x0000004f9b70  (/usr/lib/ld-linux-x86-64.so.2+0x4f9b70)

Direct leak of 40 byte(s) in 1 object(s) allocated from:
    #0 0x7f8a9cc197cf in malloc ../../../../src/libsanitizer/lsan/lsan_interceptors.cpp:74
    #1 0x7f8a9c1e93f4 in udev_enumerate_new (/usr/lib/libudev.so.1+0x83f4)
    #2 0x000000abcb9a  (/usr/lib/ld-linux-x86-64.so.2+0xabcb9a)
    #3 0x000000abcf11  (/usr/lib/ld-linux-x86-64.so.2+0xabcf11)
    #4 0x000000acb1d9  (/usr/lib/ld-linux-x86-64.so.2+0xacb1d9)
    #5 0x0000004d1454  (/usr/lib/ld-linux-x86-64.so.2+0x4d1454)
    #6 0x7f8a9bc77253  (/usr/lib/libc.so.6+0x26253)
    #7 0x7f8a9bc77305 in __libc_start_main (/usr/lib/libc.so.6+0x26305)
    #8 0x0000004f9b70  (/usr/lib/ld-linux-x86-64.so.2+0x4f9b70)

Direct leak of 40 byte(s) in 1 object(s) allocated from:
    #0 0x7f8a9cc197cf in malloc ../../../../src/libsanitizer/lsan/lsan_interceptors.cpp:74
    #1 0x7f8a9c1e93f4 in udev_enumerate_new (/usr/lib/libudev.so.1+0x83f4)
    #2 0x000000abc650  (/usr/lib/ld-linux-x86-64.so.2+0xabc650)
    #3 0x000000abcf3c  (/usr/lib/ld-linux-x86-64.so.2+0xabcf3c)
    #4 0x000000acb3b9  (/usr/lib/ld-linux-x86-64.so.2+0xacb3b9)
    #5 0x0000004d1454  (/usr/lib/ld-linux-x86-64.so.2+0x4d1454)
    #6 0x7f8a9bc77253  (/usr/lib/libc.so.6+0x26253)
    #7 0x7f8a9bc77305 in __libc_start_main (/usr/lib/libc.so.6+0x26305)
    #8 0x0000004f9b70  (/usr/lib/ld-linux-x86-64.so.2+0x4f9b70)

Direct leak of 40 byte(s) in 1 object(s) allocated from:
    #0 0x7f8a9cc197cf in malloc ../../../../src/libsanitizer/lsan/lsan_interceptors.cpp:74
    #1 0x7f8a9c1e93f4 in udev_enumerate_new (/usr/lib/libudev.so.1+0x83f4)
    #2 0x000000abc650  (/usr/lib/ld-linux-x86-64.so.2+0xabc650)
    #3 0x000000abcf3c  (/usr/lib/ld-linux-x86-64.so.2+0xabcf3c)
    #4 0x000000acb1d9  (/usr/lib/ld-linux-x86-64.so.2+0xacb1d9)
    #5 0x0000004d1454  (/usr/lib/ld-linux-x86-64.so.2+0x4d1454)
    #6 0x7f8a9bc77253  (/usr/lib/libc.so.6+0x26253)
    #7 0x7f8a9bc77305 in __libc_start_main (/usr/lib/libc.so.6+0x26305)
    #8 0x0000004f9b70  (/usr/lib/ld-linux-x86-64.so.2+0x4f9b70)

Direct leak of 40 byte(s) in 1 object(s) allocated from:
    #0 0x7f8a9cc197cf in malloc ../../../../src/libsanitizer/lsan/lsan_interceptors.cpp:74
    #1 0x7f8a9c1e93f4 in udev_enumerate_new (/usr/lib/libudev.so.1+0x83f4)
    #2 0x000000abc650  (/usr/lib/ld-linux-x86-64.so.2+0xabc650)
    #3 0x000000abcf3c  (/usr/lib/ld-linux-x86-64.so.2+0xabcf3c)
    #4 0x000000acb2d8  (/usr/lib/ld-linux-x86-64.so.2+0xacb2d8)
    #5 0x0000004d1454  (/usr/lib/ld-linux-x86-64.so.2+0x4d1454)
    #6 0x7f8a9bc77253  (/usr/lib/libc.so.6+0x26253)
    #7 0x7f8a9bc77305 in __libc_start_main (/usr/lib/libc.so.6+0x26305)
    #8 0x0000004f9b70  (/usr/lib/ld-linux-x86-64.so.2+0x4f9b70)

Direct leak of 40 byte(s) in 1 object(s) allocated from:
    #0 0x7f8a9cc197cf in malloc ../../../../src/libsanitizer/lsan/lsan_interceptors.cpp:74
    #1 0x7f8a9c1e93f4 in udev_enumerate_new (/usr/lib/libudev.so.1+0x83f4)
    #2 0x000000abcb9a  (/usr/lib/ld-linux-x86-64.so.2+0xabcb9a)
    #3 0x000000abcf11  (/usr/lib/ld-linux-x86-64.so.2+0xabcf11)
    #4 0x000000acb2d8  (/usr/lib/ld-linux-x86-64.so.2+0xacb2d8)
    #5 0x0000004d1454  (/usr/lib/ld-linux-x86-64.so.2+0x4d1454)
    #6 0x7f8a9bc77253  (/usr/lib/libc.so.6+0x26253)
    #7 0x7f8a9bc77305 in __libc_start_main (/usr/lib/libc.so.6+0x26305)
    #8 0x0000004f9b70  (/usr/lib/ld-linux-x86-64.so.2+0x4f9b70)

Direct leak of 40 byte(s) in 1 object(s) allocated from:
    #0 0x7f8a9cc197cf in malloc ../../../../src/libsanitizer/lsan/lsan_interceptors.cpp:74
    #1 0x7f8a9c1e93f4 in udev_enumerate_new (/usr/lib/libudev.so.1+0x83f4)
    #2 0x000000abcb9a  (/usr/lib/ld-linux-x86-64.so.2+0xabcb9a)
    #3 0x000000abcf11  (/usr/lib/ld-linux-x86-64.so.2+0xabcf11)
    #4 0x000000acb3b9  (/usr/lib/ld-linux-x86-64.so.2+0xacb3b9)
    #5 0x0000004d1454  (/usr/lib/ld-linux-x86-64.so.2+0x4d1454)
    #6 0x7f8a9bc77253  (/usr/lib/libc.so.6+0x26253)
    #7 0x7f8a9bc77305 in __libc_start_main (/usr/lib/libc.so.6+0x26305)
    #8 0x0000004f9b70  (/usr/lib/ld-linux-x86-64.so.2+0x4f9b70)

Indirect leak of 116480 byte(s) in 280 object(s) allocated from:
    #0 0x7f8a9cc197cf in malloc ../../../../src/libsanitizer/lsan/lsan_interceptors.cpp:74
    #1 0x7f8a9c1f1dba  (/usr/lib/libudev.so.1+0x10dba)
    #2 0x7f8a9c1f2b1b  (/usr/lib/libudev.so.1+0x11b1b)
    #3 0x7f8a9c1f39f2  (/usr/lib/libudev.so.1+0x129f2)
    #4 0x7f8a9c1ece98  (/usr/lib/libudev.so.1+0xbe98)
    #5 0x7f8a9c1ed23b  (/usr/lib/libudev.so.1+0xc23b)
    #6 0x7f8a9c1ed39b  (/usr/lib/libudev.so.1+0xc39b)
    #7 0x7f8a9c1ed724  (/usr/lib/libudev.so.1+0xc724)
    #8 0x000000abc668  (/usr/lib/ld-linux-x86-64.so.2+0xabc668)
    #9 0x000000abcf3c  (/usr/lib/ld-linux-x86-64.so.2+0xabcf3c)
    #10 0x000000acb1d9  (/usr/lib/ld-linux-x86-64.so.2+0xacb1d9)
    #11 0x000000b1f3e2  (/usr/lib/ld-linux-x86-64.so.2+0xb1f3e2)
    #12 0x000000515317  (/usr/lib/ld-linux-x86-64.so.2+0x515317)
    #13 0x000000a17dce  (/usr/lib/ld-linux-x86-64.so.2+0xa17dce)
    #14 0x000000a187ad  (/usr/lib/ld-linux-x86-64.so.2+0xa187ad)
    #15 0x000000b34d98  (/usr/lib/ld-linux-x86-64.so.2+0xb34d98)
    #16 0x000000aa42ed  (/usr/lib/ld-linux-x86-64.so.2+0xaa42ed)
    #17 0x000000a16baa  (/usr/lib/ld-linux-x86-64.so.2+0xa16baa)
    #18 0x000000b25488  (/usr/lib/ld-linux-x86-64.so.2+0xb25488)
    #19 0x0000004d2185  (/usr/lib/ld-linux-x86-64.so.2+0x4d2185)
    #20 0x7f8a9bc77253  (/usr/lib/libc.so.6+0x26253)
    #21 0x7f8a9bc77305 in __libc_start_main (/usr/lib/libc.so.6+0x26305)
    #22 0x0000004f9b70  (/usr/lib/ld-linux-x86-64.so.2+0x4f9b70)

Indirect leak of 116480 byte(s) in 280 object(s) allocated from:
    #0 0x7f8a9cc197cf in malloc ../../../../src/libsanitizer/lsan/lsan_interceptors.cpp:74
    #1 0x7f8a9c1f1dba  (/usr/lib/libudev.so.1+0x10dba)
    #2 0x7f8a9c1f2b1b  (/usr/lib/libudev.so.1+0x11b1b)
    #3 0x7f8a9c1f39f2  (/usr/lib/libudev.so.1+0x129f2)
    #4 0x7f8a9c1ece98  (/usr/lib/libudev.so.1+0xbe98)
    #5 0x7f8a9c1ed23b  (/usr/lib/libudev.so.1+0xc23b)
    #6 0x7f8a9c1ed39b  (/usr/lib/libudev.so.1+0xc39b)
    #7 0x7f8a9c1ed724  (/usr/lib/libudev.so.1+0xc724)
    #8 0x000000abc668  (/usr/lib/ld-linux-x86-64.so.2+0xabc668)
    #9 0x000000abcf3c  (/usr/lib/ld-linux-x86-64.so.2+0xabcf3c)
    #10 0x000000acb2d8  (/usr/lib/ld-linux-x86-64.so.2+0xacb2d8)
    #11 0x000000b1f3e2  (/usr/lib/ld-linux-x86-64.so.2+0xb1f3e2)
    #12 0x000000515317  (/usr/lib/ld-linux-x86-64.so.2+0x515317)
    #13 0x000000a17dce  (/usr/lib/ld-linux-x86-64.so.2+0xa17dce)
    #14 0x000000a187ad  (/usr/lib/ld-linux-x86-64.so.2+0xa187ad)
    #15 0x000000b34d98  (/usr/lib/ld-linux-x86-64.so.2+0xb34d98)
    #16 0x000000aa42ed  (/usr/lib/ld-linux-x86-64.so.2+0xaa42ed)
    #17 0x000000a16baa  (/usr/lib/ld-linux-x86-64.so.2+0xa16baa)
    #18 0x000000b25488  (/usr/lib/ld-linux-x86-64.so.2+0xb25488)
    #19 0x0000004d2185  (/usr/lib/ld-linux-x86-64.so.2+0x4d2185)
    #20 0x7f8a9bc77253  (/usr/lib/libc.so.6+0x26253)
    #21 0x7f8a9bc77305 in __libc_start_main (/usr/lib/libc.so.6+0x26305)
    #22 0x0000004f9b70  (/usr/lib/ld-linux-x86-64.so.2+0x4f9b70)

Indirect leak of 116480 byte(s) in 280 object(s) allocated from:
    #0 0x7f8a9cc197cf in malloc ../../../../src/libsanitizer/lsan/lsan_interceptors.cpp:74
    #1 0x7f8a9c1f1dba  (/usr/lib/libudev.so.1+0x10dba)
    #2 0x7f8a9c1f2b1b  (/usr/lib/libudev.so.1+0x11b1b)
    #3 0x7f8a9c1f39f2  (/usr/lib/libudev.so.1+0x129f2)
    #4 0x7f8a9c1ece98  (/usr/lib/libudev.so.1+0xbe98)
    #5 0x7f8a9c1ed23b  (/usr/lib/libudev.so.1+0xc23b)
    #6 0x7f8a9c1ed39b  (/usr/lib/libudev.so.1+0xc39b)
    #7 0x7f8a9c1ed724  (/usr/lib/libudev.so.1+0xc724)
    #8 0x000000abc668  (/usr/lib/ld-linux-x86-64.so.2+0xabc668)
    #9 0x000000abcf3c  (/usr/lib/ld-linux-x86-64.so.2+0xabcf3c)
    #10 0x000000acb3b9  (/usr/lib/ld-linux-x86-64.so.2+0xacb3b9)
    #11 0x000000b1f3e2  (/usr/lib/ld-linux-x86-64.so.2+0xb1f3e2)
    #12 0x000000515317  (/usr/lib/ld-linux-x86-64.so.2+0x515317)
    #13 0x000000a17dce  (/usr/lib/ld-linux-x86-64.so.2+0xa17dce)
    #14 0x000000a187ad  (/usr/lib/ld-linux-x86-64.so.2+0xa187ad)
    #15 0x000000b34d98  (/usr/lib/ld-linux-x86-64.so.2+0xb34d98)
    #16 0x000000aa42ed  (/usr/lib/ld-linux-x86-64.so.2+0xaa42ed)
    #17 0x000000a16baa  (/usr/lib/ld-linux-x86-64.so.2+0xa16baa)
    #18 0x000000b25488  (/usr/lib/ld-linux-x86-64.so.2+0xb25488)
    #19 0x0000004d2185  (/usr/lib/ld-linux-x86-64.so.2+0x4d2185)
    #20 0x7f8a9bc77253  (/usr/lib/libc.so.6+0x26253)
    #21 0x7f8a9bc77305 in __libc_start_main (/usr/lib/libc.so.6+0x26305)
    #22 0x0000004f9b70  (/usr/lib/ld-linux-x86-64.so.2+0x4f9b70)

Indirect leak of 58240 byte(s) in 140 object(s) allocated from:
    #0 0x7f8a9cc197cf in malloc ../../../../src/libsanitizer/lsan/lsan_interceptors.cpp:74
    #1 0x7f8a9c1f1dba  (/usr/lib/libudev.so.1+0x10dba)
    #2 0x7f8a9c1f2b1b  (/usr/lib/libudev.so.1+0x11b1b)
    #3 0x7f8a9c1ecddb  (/usr/lib/libudev.so.1+0xbddb)
    #4 0x7f8a9c1ed23b  (/usr/lib/libudev.so.1+0xc23b)
    #5 0x7f8a9c1ed39b  (/usr/lib/libudev.so.1+0xc39b)
    #6 0x7f8a9c1ed724  (/usr/lib/libudev.so.1+0xc724)
    #7 0x000000abc668  (/usr/lib/ld-linux-x86-64.so.2+0xabc668)
    #8 0x000000abcf3c  (/usr/lib/ld-linux-x86-64.so.2+0xabcf3c)
    #9 0x000000acb3b9  (/usr/lib/ld-linux-x86-64.so.2+0xacb3b9)
    #10 0x000000b1f3e2  (/usr/lib/ld-linux-x86-64.so.2+0xb1f3e2)
    #11 0x000000515317  (/usr/lib/ld-linux-x86-64.so.2+0x515317)
    #12 0x000000a17dce  (/usr/lib/ld-linux-x86-64.so.2+0xa17dce)
    #13 0x000000a187ad  (/usr/lib/ld-linux-x86-64.so.2+0xa187ad)
    #14 0x000000b34d98  (/usr/lib/ld-linux-x86-64.so.2+0xb34d98)
    #15 0x000000aa42ed  (/usr/lib/ld-linux-x86-64.so.2+0xaa42ed)
    #16 0x000000a16baa  (/usr/lib/ld-linux-x86-64.so.2+0xa16baa)
    #17 0x000000b25488  (/usr/lib/ld-linux-x86-64.so.2+0xb25488)
    #18 0x0000004d2185  (/usr/lib/ld-linux-x86-64.so.2+0x4d2185)
    #19 0x7f8a9bc77253  (/usr/lib/libc.so.6+0x26253)
    #20 0x7f8a9bc77305 in __libc_start_main (/usr/lib/libc.so.6+0x26305)
    #21 0x0000004f9b70  (/usr/lib/ld-linux-x86-64.so.2+0x4f9b70)

Indirect leak of 58240 byte(s) in 140 object(s) allocated from:
    #0 0x7f8a9cc197cf in malloc ../../../../src/libsanitizer/lsan/lsan_interceptors.cpp:74
    #1 0x7f8a9c1f1dba  (/usr/lib/libudev.so.1+0x10dba)
    #2 0x7f8a9c1f2b1b  (/usr/lib/libudev.so.1+0x11b1b)
    #3 0x7f8a9c1ecddb  (/usr/lib/libudev.so.1+0xbddb)
    #4 0x7f8a9c1ed23b  (/usr/lib/libudev.so.1+0xc23b)
    #5 0x7f8a9c1ed39b  (/usr/lib/libudev.so.1+0xc39b)
    #6 0x7f8a9c1ed724  (/usr/lib/libudev.so.1+0xc724)
    #7 0x000000abc668  (/usr/lib/ld-linux-x86-64.so.2+0xabc668)
    #8 0x000000abcf3c  (/usr/lib/ld-linux-x86-64.so.2+0xabcf3c)
    #9 0x000000acb1d9  (/usr/lib/ld-linux-x86-64.so.2+0xacb1d9)
    #10 0x000000b1f3e2  (/usr/lib/ld-linux-x86-64.so.2+0xb1f3e2)
    #11 0x000000515317  (/usr/lib/ld-linux-x86-64.so.2+0x515317)
    #12 0x000000a17dce  (/usr/lib/ld-linux-x86-64.so.2+0xa17dce)
    #13 0x000000a187ad  (/usr/lib/ld-linux-x86-64.so.2+0xa187ad)
    #14 0x000000b34d98  (/usr/lib/ld-linux-x86-64.so.2+0xb34d98)
    #15 0x000000aa42ed  (/usr/lib/ld-linux-x86-64.so.2+0xaa42ed)
    #16 0x000000a16baa  (/usr/lib/ld-linux-x86-64.so.2+0xa16baa)
    #17 0x000000b25488  (/usr/lib/ld-linux-x86-64.so.2+0xb25488)
    #18 0x0000004d2185  (/usr/lib/ld-linux-x86-64.so.2+0x4d2185)
    #19 0x7f8a9bc77253  (/usr/lib/libc.so.6+0x26253)
    #20 0x7f8a9bc77305 in __libc_start_main (/usr/lib/libc.so.6+0x26305)
    #21 0x0000004f9b70  (/usr/lib/ld-linux-x86-64.so.2+0x4f9b70)

Indirect leak of 58240 byte(s) in 140 object(s) allocated from:
    #0 0x7f8a9cc197cf in malloc ../../../../src/libsanitizer/lsan/lsan_interceptors.cpp:74
    #1 0x7f8a9c1f1dba  (/usr/lib/libudev.so.1+0x10dba)
    #2 0x7f8a9c1f2b1b  (/usr/lib/libudev.so.1+0x11b1b)
    #3 0x7f8a9c1ecddb  (/usr/lib/libudev.so.1+0xbddb)
    #4 0x7f8a9c1ed23b  (/usr/lib/libudev.so.1+0xc23b)
    #5 0x7f8a9c1ed39b  (/usr/lib/libudev.so.1+0xc39b)
    #6 0x7f8a9c1ed724  (/usr/lib/libudev.so.1+0xc724)
    #7 0x000000abc668  (/usr/lib/ld-linux-x86-64.so.2+0xabc668)
    #8 0x000000abcf3c  (/usr/lib/ld-linux-x86-64.so.2+0xabcf3c)
    #9 0x000000acb2d8  (/usr/lib/ld-linux-x86-64.so.2+0xacb2d8)
    #10 0x000000b1f3e2  (/usr/lib/ld-linux-x86-64.so.2+0xb1f3e2)
    #11 0x000000515317  (/usr/lib/ld-linux-x86-64.so.2+0x515317)
    #12 0x000000a17dce  (/usr/lib/ld-linux-x86-64.so.2+0xa17dce)
    #13 0x000000a187ad  (/usr/lib/ld-linux-x86-64.so.2+0xa187ad)
    #14 0x000000b34d98  (/usr/lib/ld-linux-x86-64.so.2+0xb34d98)
    #15 0x000000aa42ed  (/usr/lib/ld-linux-x86-64.so.2+0xaa42ed)
    #16 0x000000a16baa  (/usr/lib/ld-linux-x86-64.so.2+0xa16baa)
    #17 0x000000b25488  (/usr/lib/ld-linux-x86-64.so.2+0xb25488)
    #18 0x0000004d2185  (/usr/lib/ld-linux-x86-64.so.2+0x4d2185)
    #19 0x7f8a9bc77253  (/usr/lib/libc.so.6+0x26253)
    #20 0x7f8a9bc77305 in __libc_start_main (/usr/lib/libc.so.6+0x26305)
    #21 0x0000004f9b70  (/usr/lib/ld-linux-x86-64.so.2+0x4f9b70)

Indirect leak of 29440 byte(s) in 230 object(s) allocated from:
    #0 0x7f8a9cc16ad9 in realloc ../../../../src/libsanitizer/lsan/lsan_interceptors.cpp:128
    #1 0x7f8a9c204845  (/usr/lib/libudev.so.1+0x23845)
    #2 0x7f8a9c2050a4  (/usr/lib/libudev.so.1+0x240a4)
    #3 0x7f8a9c205923  (/usr/lib/libudev.so.1+0x24923)
    #4 0x7f8a9c1f20b9  (/usr/lib/libudev.so.1+0x110b9)
    #5 0x7f8a9c1f3b20  (/usr/lib/libudev.so.1+0x12b20)
    #6 0x7f8a9c1f4b70  (/usr/lib/libudev.so.1+0x13b70)
    #7 0x7f8a9c1eb1d0  (/usr/lib/libudev.so.1+0xa1d0)
    #8 0x7f8a9c1eceb4  (/usr/lib/libudev.so.1+0xbeb4)
    #9 0x7f8a9c1ed23b  (/usr/lib/libudev.so.1+0xc23b)
    #10 0x7f8a9c1ed39b  (/usr/lib/libudev.so.1+0xc39b)
    #11 0x7f8a9c1ed724  (/usr/lib/libudev.so.1+0xc724)
    #12 0x000000abc668  (/usr/lib/ld-linux-x86-64.so.2+0xabc668)
    #13 0x000000abcf3c  (/usr/lib/ld-linux-x86-64.so.2+0xabcf3c)
    #14 0x000000acb3b9  (/usr/lib/ld-linux-x86-64.so.2+0xacb3b9)
    #15 0x000000b1f3e2  (/usr/lib/ld-linux-x86-64.so.2+0xb1f3e2)
    #16 0x000000515317  (/usr/lib/ld-linux-x86-64.so.2+0x515317)
    #17 0x000000a17dce  (/usr/lib/ld-linux-x86-64.so.2+0xa17dce)
    #18 0x000000a187ad  (/usr/lib/ld-linux-x86-64.so.2+0xa187ad)
    #19 0x000000b34d98  (/usr/lib/ld-linux-x86-64.so.2+0xb34d98)
    #20 0x000000aa42ed  (/usr/lib/ld-linux-x86-64.so.2+0xaa42ed)
    #21 0x000000a16baa  (/usr/lib/ld-linux-x86-64.so.2+0xa16baa)
    #22 0x000000b25488  (/usr/lib/ld-linux-x86-64.so.2+0xb25488)

Indirect leak of 29440 byte(s) in 230 object(s) allocated from:
    #0 0x7f8a9cc16ad9 in realloc ../../../../src/libsanitizer/lsan/lsan_interceptors.cpp:128
    #1 0x7f8a9c204845  (/usr/lib/libudev.so.1+0x23845)
    #2 0x7f8a9c2050a4  (/usr/lib/libudev.so.1+0x240a4)
    #3 0x7f8a9c205923  (/usr/lib/libudev.so.1+0x24923)
    #4 0x7f8a9c1f20b9  (/usr/lib/libudev.so.1+0x110b9)
    #5 0x7f8a9c1f3b20  (/usr/lib/libudev.so.1+0x12b20)
    #6 0x7f8a9c1f4b70  (/usr/lib/libudev.so.1+0x13b70)
    #7 0x7f8a9c1eb1d0  (/usr/lib/libudev.so.1+0xa1d0)
    #8 0x7f8a9c1eceb4  (/usr/lib/libudev.so.1+0xbeb4)
    #9 0x7f8a9c1ed23b  (/usr/lib/libudev.so.1+0xc23b)
    #10 0x7f8a9c1ed39b  (/usr/lib/libudev.so.1+0xc39b)
    #11 0x7f8a9c1ed724  (/usr/lib/libudev.so.1+0xc724)
    #12 0x000000abc668  (/usr/lib/ld-linux-x86-64.so.2+0xabc668)
    #13 0x000000abcf3c  (/usr/lib/ld-linux-x86-64.so.2+0xabcf3c)
    #14 0x000000acb1d9  (/usr/lib/ld-linux-x86-64.so.2+0xacb1d9)
    #15 0x000000b1f3e2  (/usr/lib/ld-linux-x86-64.so.2+0xb1f3e2)
    #16 0x000000515317  (/usr/lib/ld-linux-x86-64.so.2+0x515317)
    #17 0x000000a17dce  (/usr/lib/ld-linux-x86-64.so.2+0xa17dce)
    #18 0x000000a187ad  (/usr/lib/ld-linux-x86-64.so.2+0xa187ad)
    #19 0x000000b34d98  (/usr/lib/ld-linux-x86-64.so.2+0xb34d98)
    #20 0x000000aa42ed  (/usr/lib/ld-linux-x86-64.so.2+0xaa42ed)
    #21 0x000000a16baa  (/usr/lib/ld-linux-x86-64.so.2+0xa16baa)
    #22 0x000000b25488  (/usr/lib/ld-linux-x86-64.so.2+0xb25488)

Indirect leak of 29440 byte(s) in 230 object(s) allocated from:
    #0 0x7f8a9cc16ad9 in realloc ../../../../src/libsanitizer/lsan/lsan_interceptors.cpp:128
    #1 0x7f8a9c204845  (/usr/lib/libudev.so.1+0x23845)
    #2 0x7f8a9c2050a4  (/usr/lib/libudev.so.1+0x240a4)
    #3 0x7f8a9c205923  (/usr/lib/libudev.so.1+0x24923)
    #4 0x7f8a9c1f20b9  (/usr/lib/libudev.so.1+0x110b9)
    #5 0x7f8a9c1f3b20  (/usr/lib/libudev.so.1+0x12b20)
    #6 0x7f8a9c1f4b70  (/usr/lib/libudev.so.1+0x13b70)
    #7 0x7f8a9c1eb1d0  (/usr/lib/libudev.so.1+0xa1d0)
    #8 0x7f8a9c1eceb4  (/usr/lib/libudev.so.1+0xbeb4)
    #9 0x7f8a9c1ed23b  (/usr/lib/libudev.so.1+0xc23b)
    #10 0x7f8a9c1ed39b  (/usr/lib/libudev.so.1+0xc39b)
    #11 0x7f8a9c1ed724  (/usr/lib/libudev.so.1+0xc724)
    #12 0x000000abc668  (/usr/lib/ld-linux-x86-64.so.2+0xabc668)
    #13 0x000000abcf3c  (/usr/lib/ld-linux-x86-64.so.2+0xabcf3c)
    #14 0x000000acb2d8  (/usr/lib/ld-linux-x86-64.so.2+0xacb2d8)
    #15 0x000000b1f3e2  (/usr/lib/ld-linux-x86-64.so.2+0xb1f3e2)
    #16 0x000000515317  (/usr/lib/ld-linux-x86-64.so.2+0x515317)
    #17 0x000000a17dce  (/usr/lib/ld-linux-x86-64.so.2+0xa17dce)
    #18 0x000000a187ad  (/usr/lib/ld-linux-x86-64.so.2+0xa187ad)
    #19 0x000000b34d98  (/usr/lib/ld-linux-x86-64.so.2+0xb34d98)
    #20 0x000000aa42ed  (/usr/lib/ld-linux-x86-64.so.2+0xaa42ed)
    #21 0x000000a16baa  (/usr/lib/ld-linux-x86-64.so.2+0xa16baa)
    #22 0x000000b25488  (/usr/lib/ld-linux-x86-64.so.2+0xb25488)

Indirect leak of 19520 byte(s) in 280 object(s) allocated from:
    #0 0x7f8a9cc16ad9 in realloc ../../../../src/libsanitizer/lsan/lsan_interceptors.cpp:128
    #1 0x7f8a9c20d0c2  (/usr/lib/libudev.so.1+0x2c0c2)
    #2 0x7f8a9c1fc11f  (/usr/lib/libudev.so.1+0x1b11f)
    #3 0x7f8a9c1fda90  (/usr/lib/libudev.so.1+0x1ca90)
    #4 0x7f8a9c1f2313  (/usr/lib/libudev.so.1+0x11313)
    #5 0x7f8a9c1f2b32  (/usr/lib/libudev.so.1+0x11b32)
    #6 0x7f8a9c1f39f2  (/usr/lib/libudev.so.1+0x129f2)
    #7 0x7f8a9c1ece98  (/usr/lib/libudev.so.1+0xbe98)
    #8 0x7f8a9c1ed23b  (/usr/lib/libudev.so.1+0xc23b)
    #9 0x7f8a9c1ed39b  (/usr/lib/libudev.so.1+0xc39b)
    #10 0x7f8a9c1ed724  (/usr/lib/libudev.so.1+0xc724)
    #11 0x000000abc668  (/usr/lib/ld-linux-x86-64.so.2+0xabc668)
    #12 0x000000abcf3c  (/usr/lib/ld-linux-x86-64.so.2+0xabcf3c)
    #13 0x000000acb1d9  (/usr/lib/ld-linux-x86-64.so.2+0xacb1d9)
    #14 0x000000b1f3e2  (/usr/lib/ld-linux-x86-64.so.2+0xb1f3e2)
    #15 0x000000515317  (/usr/lib/ld-linux-x86-64.so.2+0x515317)
    #16 0x000000a17dce  (/usr/lib/ld-linux-x86-64.so.2+0xa17dce)
    #17 0x000000a187ad  (/usr/lib/ld-linux-x86-64.so.2+0xa187ad)
    #18 0x000000b34d98  (/usr/lib/ld-linux-x86-64.so.2+0xb34d98)
    #19 0x000000aa42ed  (/usr/lib/ld-linux-x86-64.so.2+0xaa42ed)
    #20 0x000000a16baa  (/usr/lib/ld-linux-x86-64.so.2+0xa16baa)
    #21 0x000000b25488  (/usr/lib/ld-linux-x86-64.so.2+0xb25488)
    #22 0x0000004d2185  (/usr/lib/ld-linux-x86-64.so.2+0x4d2185)

Indirect leak of 19488 byte(s) in 279 object(s) allocated from:
    #0 0x7f8a9cc16ad9 in realloc ../../../../src/libsanitizer/lsan/lsan_interceptors.cpp:128
    #1 0x7f8a9c20d0c2  (/usr/lib/libudev.so.1+0x2c0c2)
    #2 0x7f8a9c1fc11f  (/usr/lib/libudev.so.1+0x1b11f)
    #3 0x7f8a9c1fda90  (/usr/lib/libudev.so.1+0x1ca90)
    #4 0x7f8a9c1f2313  (/usr/lib/libudev.so.1+0x11313)
    #5 0x7f8a9c1f2b32  (/usr/lib/libudev.so.1+0x11b32)
    #6 0x7f8a9c1f39f2  (/usr/lib/libudev.so.1+0x129f2)
    #7 0x7f8a9c1ece98  (/usr/lib/libudev.so.1+0xbe98)
    #8 0x7f8a9c1ed23b  (/usr/lib/libudev.so.1+0xc23b)
    #9 0x7f8a9c1ed39b  (/usr/lib/libudev.so.1+0xc39b)
    #10 0x7f8a9c1ed724  (/usr/lib/libudev.so.1+0xc724)
    #11 0x000000abc668  (/usr/lib/ld-linux-x86-64.so.2+0xabc668)
    #12 0x000000abcf3c  (/usr/lib/ld-linux-x86-64.so.2+0xabcf3c)
    #13 0x000000acb3b9  (/usr/lib/ld-linux-x86-64.so.2+0xacb3b9)
    #14 0x000000b1f3e2  (/usr/lib/ld-linux-x86-64.so.2+0xb1f3e2)
    #15 0x000000515317  (/usr/lib/ld-linux-x86-64.so.2+0x515317)
    #16 0x000000a17dce  (/usr/lib/ld-linux-x86-64.so.2+0xa17dce)
    #17 0x000000a187ad  (/usr/lib/ld-linux-x86-64.so.2+0xa187ad)
    #18 0x000000b34d98  (/usr/lib/ld-linux-x86-64.so.2+0xb34d98)
    #19 0x000000aa42ed  (/usr/lib/ld-linux-x86-64.so.2+0xaa42ed)
    #20 0x000000a16baa  (/usr/lib/ld-linux-x86-64.so.2+0xa16baa)
    #21 0x000000b25488  (/usr/lib/ld-linux-x86-64.so.2+0xb25488)
    #22 0x0000004d2185  (/usr/lib/ld-linux-x86-64.so.2+0x4d2185)

Indirect leak of 19456 byte(s) in 278 object(s) allocated from:
    #0 0x7f8a9cc16ad9 in realloc ../../../../src/libsanitizer/lsan/lsan_interceptors.cpp:128
    #1 0x7f8a9c20d0c2  (/usr/lib/libudev.so.1+0x2c0c2)
    #2 0x7f8a9c1fc11f  (/usr/lib/libudev.so.1+0x1b11f)
    #3 0x7f8a9c1fda90  (/usr/lib/libudev.so.1+0x1ca90)
    #4 0x7f8a9c1f2313  (/usr/lib/libudev.so.1+0x11313)
    #5 0x7f8a9c1f2b32  (/usr/lib/libudev.so.1+0x11b32)
    #6 0x7f8a9c1f39f2  (/usr/lib/libudev.so.1+0x129f2)
    #7 0x7f8a9c1ece98  (/usr/lib/libudev.so.1+0xbe98)
    #8 0x7f8a9c1ed23b  (/usr/lib/libudev.so.1+0xc23b)
    #9 0x7f8a9c1ed39b  (/usr/lib/libudev.so.1+0xc39b)
    #10 0x7f8a9c1ed724  (/usr/lib/libudev.so.1+0xc724)
    #11 0x000000abc668  (/usr/lib/ld-linux-x86-64.so.2+0xabc668)
    #12 0x000000abcf3c  (/usr/lib/ld-linux-x86-64.so.2+0xabcf3c)
    #13 0x000000acb2d8  (/usr/lib/ld-linux-x86-64.so.2+0xacb2d8)
    #14 0x000000b1f3e2  (/usr/lib/ld-linux-x86-64.so.2+0xb1f3e2)
    #15 0x000000515317  (/usr/lib/ld-linux-x86-64.so.2+0x515317)
    #16 0x000000a17dce  (/usr/lib/ld-linux-x86-64.so.2+0xa17dce)
    #17 0x000000a187ad  (/usr/lib/ld-linux-x86-64.so.2+0xa187ad)
    #18 0x000000b34d98  (/usr/lib/ld-linux-x86-64.so.2+0xb34d98)
    #19 0x000000aa42ed  (/usr/lib/ld-linux-x86-64.so.2+0xaa42ed)
    #20 0x000000a16baa  (/usr/lib/ld-linux-x86-64.so.2+0xa16baa)
    #21 0x000000b25488  (/usr/lib/ld-linux-x86-64.so.2+0xb25488)
    #22 0x0000004d2185  (/usr/lib/ld-linux-x86-64.so.2+0x4d2185)

Indirect leak of 17920 byte(s) in 280 object(s) allocated from:
    #0 0x7f8a9cc19336 in calloc ../../../../src/libsanitizer/lsan/lsan_interceptors.cpp:120
    #1 0x7f8a9c202f93  (/usr/lib/libudev.so.1+0x21f93)
    #2 0x7f8a9c2053d0  (/usr/lib/libudev.so.1+0x243d0)
    #3 0x7f8a9c1f206b  (/usr/lib/libudev.so.1+0x1106b)
    #4 0x7f8a9c1f24e3  (/usr/lib/libudev.so.1+0x114e3)
    #5 0x7f8a9c1f2b32  (/usr/lib/libudev.so.1+0x11b32)
    #6 0x7f8a9c1f39f2  (/usr/lib/libudev.so.1+0x129f2)
    #7 0x7f8a9c1ece98  (/usr/lib/libudev.so.1+0xbe98)
    #8 0x7f8a9c1ed23b  (/usr/lib/libudev.so.1+0xc23b)
    #9 0x7f8a9c1ed39b  (/usr/lib/libudev.so.1+0xc39b)
    #10 0x7f8a9c1ed724  (/usr/lib/libudev.so.1+0xc724)
    #11 0x000000abc668  (/usr/lib/ld-linux-x86-64.so.2+0xabc668)
    #12 0x000000abcf3c  (/usr/lib/ld-linux-x86-64.so.2+0xabcf3c)
    #13 0x000000acb1d9  (/usr/lib/ld-linux-x86-64.so.2+0xacb1d9)
    #14 0x000000b1f3e2  (/usr/lib/ld-linux-x86-64.so.2+0xb1f3e2)
    #15 0x000000515317  (/usr/lib/ld-linux-x86-64.so.2+0x515317)
    #16 0x000000a17dce  (/usr/lib/ld-linux-x86-64.so.2+0xa17dce)
    #17 0x000000a187ad  (/usr/lib/ld-linux-x86-64.so.2+0xa187ad)
    #18 0x000000b34d98  (/usr/lib/ld-linux-x86-64.so.2+0xb34d98)
    #19 0x000000aa42ed  (/usr/lib/ld-linux-x86-64.so.2+0xaa42ed)
    #20 0x000000a16baa  (/usr/lib/ld-linux-x86-64.so.2+0xa16baa)
    #21 0x000000b25488  (/usr/lib/ld-linux-x86-64.so.2+0xb25488)
    #22 0x0000004d2185  (/usr/lib/ld-linux-x86-64.so.2+0x4d2185)

Indirect leak of 17920 byte(s) in 140 object(s) allocated from:
    #0 0x7f8a9cc16ad9 in realloc ../../../../src/libsanitizer/lsan/lsan_interceptors.cpp:128
    #1 0x7f8a9c204845  (/usr/lib/libudev.so.1+0x23845)
    #2 0x7f8a9c2050a4  (/usr/lib/libudev.so.1+0x240a4)
    #3 0x7f8a9c205923  (/usr/lib/libudev.so.1+0x24923)
    #4 0x7f8a9c1f20b9  (/usr/lib/libudev.so.1+0x110b9)
    #5 0x7f8a9c1f3b20  (/usr/lib/libudev.so.1+0x12b20)
    #6 0x7f8a9c1f4b70  (/usr/lib/libudev.so.1+0x13b70)
    #7 0x7f8a9c1eb1d0  (/usr/lib/libudev.so.1+0xa1d0)
    #8 0x7f8a9c1ece00  (/usr/lib/libudev.so.1+0xbe00)
    #9 0x7f8a9c1ed23b  (/usr/lib/libudev.so.1+0xc23b)
    #10 0x7f8a9c1ed39b  (/usr/lib/libudev.so.1+0xc39b)
    #11 0x7f8a9c1ed724  (/usr/lib/libudev.so.1+0xc724)
    #12 0x000000abc668  (/usr/lib/ld-linux-x86-64.so.2+0xabc668)
    #13 0x000000abcf3c  (/usr/lib/ld-linux-x86-64.so.2+0xabcf3c)
    #14 0x000000acb1d9  (/usr/lib/ld-linux-x86-64.so.2+0xacb1d9)
    #15 0x000000b1f3e2  (/usr/lib/ld-linux-x86-64.so.2+0xb1f3e2)
    #16 0x000000515317  (/usr/lib/ld-linux-x86-64.so.2+0x515317)
    #17 0x000000a17dce  (/usr/lib/ld-linux-x86-64.so.2+0xa17dce)
    #18 0x000000a187ad  (/usr/lib/ld-linux-x86-64.so.2+0xa187ad)
    #19 0x000000b34d98  (/usr/lib/ld-linux-x86-64.so.2+0xb34d98)
    #20 0x000000aa42ed  (/usr/lib/ld-linux-x86-64.so.2+0xaa42ed)
    #21 0x000000a16baa  (/usr/lib/ld-linux-x86-64.so.2+0xa16baa)
    #22 0x000000b25488  (/usr/lib/ld-linux-x86-64.so.2+0xb25488)

Indirect leak of 17920 byte(s) in 280 object(s) allocated from:
    #0 0x7f8a9cc19336 in calloc ../../../../src/libsanitizer/lsan/lsan_interceptors.cpp:120
    #1 0x7f8a9c202f93  (/usr/lib/libudev.so.1+0x21f93)
    #2 0x7f8a9c2053d0  (/usr/lib/libudev.so.1+0x243d0)
    #3 0x7f8a9c1f206b  (/usr/lib/libudev.so.1+0x1106b)
    #4 0x7f8a9c1f24e3  (/usr/lib/libudev.so.1+0x114e3)
    #5 0x7f8a9c1f2b32  (/usr/lib/libudev.so.1+0x11b32)
    #6 0x7f8a9c1f39f2  (/usr/lib/libudev.so.1+0x129f2)
    #7 0x7f8a9c1ece98  (/usr/lib/libudev.so.1+0xbe98)
    #8 0x7f8a9c1ed23b  (/usr/lib/libudev.so.1+0xc23b)
    #9 0x7f8a9c1ed39b  (/usr/lib/libudev.so.1+0xc39b)
    #10 0x7f8a9c1ed724  (/usr/lib/libudev.so.1+0xc724)
    #11 0x000000abc668  (/usr/lib/ld-linux-x86-64.so.2+0xabc668)
    #12 0x000000abcf3c  (/usr/lib/ld-linux-x86-64.so.2+0xabcf3c)
    #13 0x000000acb2d8  (/usr/lib/ld-linux-x86-64.so.2+0xacb2d8)
    #14 0x000000b1f3e2  (/usr/lib/ld-linux-x86-64.so.2+0xb1f3e2)
    #15 0x000000515317  (/usr/lib/ld-linux-x86-64.so.2+0x515317)
    #16 0x000000a17dce  (/usr/lib/ld-linux-x86-64.so.2+0xa17dce)
    #17 0x000000a187ad  (/usr/lib/ld-linux-x86-64.so.2+0xa187ad)
    #18 0x000000b34d98  (/usr/lib/ld-linux-x86-64.so.2+0xb34d98)
    #19 0x000000aa42ed  (/usr/lib/ld-linux-x86-64.so.2+0xaa42ed)
    #20 0x000000a16baa  (/usr/lib/ld-linux-x86-64.so.2+0xa16baa)
    #21 0x000000b25488  (/usr/lib/ld-linux-x86-64.so.2+0xb25488)
    #22 0x0000004d2185  (/usr/lib/ld-linux-x86-64.so.2+0x4d2185)

Indirect leak of 17920 byte(s) in 140 object(s) allocated from:
    #0 0x7f8a9cc16ad9 in realloc ../../../../src/libsanitizer/lsan/lsan_interceptors.cpp:128
    #1 0x7f8a9c204845  (/usr/lib/libudev.so.1+0x23845)
    #2 0x7f8a9c2050a4  (/usr/lib/libudev.so.1+0x240a4)
    #3 0x7f8a9c205923  (/usr/lib/libudev.so.1+0x24923)
    #4 0x7f8a9c1f20b9  (/usr/lib/libudev.so.1+0x110b9)
    #5 0x7f8a9c1f3b20  (/usr/lib/libudev.so.1+0x12b20)
    #6 0x7f8a9c1f4b70  (/usr/lib/libudev.so.1+0x13b70)
    #7 0x7f8a9c1eb1d0  (/usr/lib/libudev.so.1+0xa1d0)
    #8 0x7f8a9c1ece00  (/usr/lib/libudev.so.1+0xbe00)
    #9 0x7f8a9c1ed23b  (/usr/lib/libudev.so.1+0xc23b)
    #10 0x7f8a9c1ed39b  (/usr/lib/libudev.so.1+0xc39b)
    #11 0x7f8a9c1ed724  (/usr/lib/libudev.so.1+0xc724)
    #12 0x000000abc668  (/usr/lib/ld-linux-x86-64.so.2+0xabc668)
    #13 0x000000abcf3c  (/usr/lib/ld-linux-x86-64.so.2+0xabcf3c)
    #14 0x000000acb2d8  (/usr/lib/ld-linux-x86-64.so.2+0xacb2d8)
    #15 0x000000b1f3e2  (/usr/lib/ld-linux-x86-64.so.2+0xb1f3e2)
    #16 0x000000515317  (/usr/lib/ld-linux-x86-64.so.2+0x515317)
    #17 0x000000a17dce  (/usr/lib/ld-linux-x86-64.so.2+0xa17dce)
    #18 0x000000a187ad  (/usr/lib/ld-linux-x86-64.so.2+0xa187ad)
    #19 0x000000b34d98  (/usr/lib/ld-linux-x86-64.so.2+0xb34d98)
    #20 0x000000aa42ed  (/usr/lib/ld-linux-x86-64.so.2+0xaa42ed)
    #21 0x000000a16baa  (/usr/lib/ld-linux-x86-64.so.2+0xa16baa)
    #22 0x000000b25488  (/usr/lib/ld-linux-x86-64.so.2+0xb25488)

Indirect leak of 17920 byte(s) in 280 object(s) allocated from:
    #0 0x7f8a9cc19336 in calloc ../../../../src/libsanitizer/lsan/lsan_interceptors.cpp:120
    #1 0x7f8a9c202f93  (/usr/lib/libudev.so.1+0x21f93)
    #2 0x7f8a9c2053d0  (/usr/lib/libudev.so.1+0x243d0)
    #3 0x7f8a9c1f206b  (/usr/lib/libudev.so.1+0x1106b)
    #4 0x7f8a9c1f24e3  (/usr/lib/libudev.so.1+0x114e3)
    #5 0x7f8a9c1f2b32  (/usr/lib/libudev.so.1+0x11b32)
    #6 0x7f8a9c1f39f2  (/usr/lib/libudev.so.1+0x129f2)
    #7 0x7f8a9c1ece98  (/usr/lib/libudev.so.1+0xbe98)
    #8 0x7f8a9c1ed23b  (/usr/lib/libudev.so.1+0xc23b)
    #9 0x7f8a9c1ed39b  (/usr/lib/libudev.so.1+0xc39b)
    #10 0x7f8a9c1ed724  (/usr/lib/libudev.so.1+0xc724)
    #11 0x000000abc668  (/usr/lib/ld-linux-x86-64.so.2+0xabc668)
    #12 0x000000abcf3c  (/usr/lib/ld-linux-x86-64.so.2+0xabcf3c)
    #13 0x000000acb3b9  (/usr/lib/ld-linux-x86-64.so.2+0xacb3b9)
    #14 0x000000b1f3e2  (/usr/lib/ld-linux-x86-64.so.2+0xb1f3e2)
    #15 0x000000515317  (/usr/lib/ld-linux-x86-64.so.2+0x515317)
    #16 0x000000a17dce  (/usr/lib/ld-linux-x86-64.so.2+0xa17dce)
    #17 0x000000a187ad  (/usr/lib/ld-linux-x86-64.so.2+0xa187ad)
    #18 0x000000b34d98  (/usr/lib/ld-linux-x86-64.so.2+0xb34d98)
    #19 0x000000aa42ed  (/usr/lib/ld-linux-x86-64.so.2+0xaa42ed)
    #20 0x000000a16baa  (/usr/lib/ld-linux-x86-64.so.2+0xa16baa)
    #21 0x000000b25488  (/usr/lib/ld-linux-x86-64.so.2+0xb25488)
    #22 0x0000004d2185  (/usr/lib/ld-linux-x86-64.so.2+0x4d2185)

Indirect leak of 17920 byte(s) in 140 object(s) allocated from:
    #0 0x7f8a9cc16ad9 in realloc ../../../../src/libsanitizer/lsan/lsan_interceptors.cpp:128
    #1 0x7f8a9c204845  (/usr/lib/libudev.so.1+0x23845)
    #2 0x7f8a9c2050a4  (/usr/lib/libudev.so.1+0x240a4)
    #3 0x7f8a9c205923  (/usr/lib/libudev.so.1+0x24923)
    #4 0x7f8a9c1f20b9  (/usr/lib/libudev.so.1+0x110b9)
    #5 0x7f8a9c1f3b20  (/usr/lib/libudev.so.1+0x12b20)
    #6 0x7f8a9c1f4b70  (/usr/lib/libudev.so.1+0x13b70)
    #7 0x7f8a9c1eb1d0  (/usr/lib/libudev.so.1+0xa1d0)
    #8 0x7f8a9c1ece00  (/usr/lib/libudev.so.1+0xbe00)
    #9 0x7f8a9c1ed23b  (/usr/lib/libudev.so.1+0xc23b)
    #10 0x7f8a9c1ed39b  (/usr/lib/libudev.so.1+0xc39b)
    #11 0x7f8a9c1ed724  (/usr/lib/libudev.so.1+0xc724)
    #12 0x000000abc668  (/usr/lib/ld-linux-x86-64.so.2+0xabc668)
    #13 0x000000abcf3c  (/usr/lib/ld-linux-x86-64.so.2+0xabcf3c)
    #14 0x000000acb3b9  (/usr/lib/ld-linux-x86-64.so.2+0xacb3b9)
    #15 0x000000b1f3e2  (/usr/lib/ld-linux-x86-64.so.2+0xb1f3e2)
    #16 0x000000515317  (/usr/lib/ld-linux-x86-64.so.2+0x515317)
    #17 0x000000a17dce  (/usr/lib/ld-linux-x86-64.so.2+0xa17dce)
    #18 0x000000a187ad  (/usr/lib/ld-linux-x86-64.so.2+0xa187ad)
    #19 0x000000b34d98  (/usr/lib/ld-linux-x86-64.so.2+0xb34d98)
    #20 0x000000aa42ed  (/usr/lib/ld-linux-x86-64.so.2+0xaa42ed)
    #21 0x000000a16baa  (/usr/lib/ld-linux-x86-64.so.2+0xa16baa)
    #22 0x000000b25488  (/usr/lib/ld-linux-x86-64.so.2+0xb25488)

Indirect leak of 12480 byte(s) in 140 object(s) allocated from:
    #0 0x7f8a9cc16ad9 in realloc ../../../../src/libsanitizer/lsan/lsan_interceptors.cpp:128
    #1 0x7f8a9c20d0c2  (/usr/lib/libudev.so.1+0x2c0c2)
    #2 0x7f8a9c1fc11f  (/usr/lib/libudev.so.1+0x1b11f)
    #3 0x7f8a9c1fda90  (/usr/lib/libudev.so.1+0x1ca90)
    #4 0x7f8a9c1f2313  (/usr/lib/libudev.so.1+0x11313)
    #5 0x7f8a9c1f2b32  (/usr/lib/libudev.so.1+0x11b32)
    #6 0x7f8a9c1ecddb  (/usr/lib/libudev.so.1+0xbddb)
    #7 0x7f8a9c1ed23b  (/usr/lib/libudev.so.1+0xc23b)
    #8 0x7f8a9c1ed39b  (/usr/lib/libudev.so.1+0xc39b)
    #9 0x7f8a9c1ed724  (/usr/lib/libudev.so.1+0xc724)
    #10 0x000000abc668  (/usr/lib/ld-linux-x86-64.so.2+0xabc668)
    #11 0x000000abcf3c  (/usr/lib/ld-linux-x86-64.so.2+0xabcf3c)
    #12 0x000000acb3b9  (/usr/lib/ld-linux-x86-64.so.2+0xacb3b9)
    #13 0x000000b1f3e2  (/usr/lib/ld-linux-x86-64.so.2+0xb1f3e2)
    #14 0x000000515317  (/usr/lib/ld-linux-x86-64.so.2+0x515317)
    #15 0x000000a17dce  (/usr/lib/ld-linux-x86-64.so.2+0xa17dce)
    #16 0x000000a187ad  (/usr/lib/ld-linux-x86-64.so.2+0xa187ad)
    #17 0x000000b34d98  (/usr/lib/ld-linux-x86-64.so.2+0xb34d98)
    #18 0x000000aa42ed  (/usr/lib/ld-linux-x86-64.so.2+0xaa42ed)
    #19 0x000000a16baa  (/usr/lib/ld-linux-x86-64.so.2+0xa16baa)
    #20 0x000000b25488  (/usr/lib/ld-linux-x86-64.so.2+0xb25488)
    #21 0x0000004d2185  (/usr/lib/ld-linux-x86-64.so.2+0x4d2185)
    #22 0x7f8a9bc77253  (/usr/lib/libc.so.6+0x26253)

Indirect leak of 12480 byte(s) in 140 object(s) allocated from:
    #0 0x7f8a9cc16ad9 in realloc ../../../../src/libsanitizer/lsan/lsan_interceptors.cpp:128
    #1 0x7f8a9c20d0c2  (/usr/lib/libudev.so.1+0x2c0c2)
    #2 0x7f8a9c1fc11f  (/usr/lib/libudev.so.1+0x1b11f)
    #3 0x7f8a9c1fda90  (/usr/lib/libudev.so.1+0x1ca90)
    #4 0x7f8a9c1f2313  (/usr/lib/libudev.so.1+0x11313)
    #5 0x7f8a9c1f2b32  (/usr/lib/libudev.so.1+0x11b32)
    #6 0x7f8a9c1ecddb  (/usr/lib/libudev.so.1+0xbddb)
    #7 0x7f8a9c1ed23b  (/usr/lib/libudev.so.1+0xc23b)
    #8 0x7f8a9c1ed39b  (/usr/lib/libudev.so.1+0xc39b)
    #9 0x7f8a9c1ed724  (/usr/lib/libudev.so.1+0xc724)
    #10 0x000000abc668  (/usr/lib/ld-linux-x86-64.so.2+0xabc668)
    #11 0x000000abcf3c  (/usr/lib/ld-linux-x86-64.so.2+0xabcf3c)
    #12 0x000000acb1d9  (/usr/lib/ld-linux-x86-64.so.2+0xacb1d9)
    #13 0x000000b1f3e2  (/usr/lib/ld-linux-x86-64.so.2+0xb1f3e2)
    #14 0x000000515317  (/usr/lib/ld-linux-x86-64.so.2+0x515317)
    #15 0x000000a17dce  (/usr/lib/ld-linux-x86-64.so.2+0xa17dce)
    #16 0x000000a187ad  (/usr/lib/ld-linux-x86-64.so.2+0xa187ad)
    #17 0x000000b34d98  (/usr/lib/ld-linux-x86-64.so.2+0xb34d98)
    #18 0x000000aa42ed  (/usr/lib/ld-linux-x86-64.so.2+0xaa42ed)
    #19 0x000000a16baa  (/usr/lib/ld-linux-x86-64.so.2+0xa16baa)
    #20 0x000000b25488  (/usr/lib/ld-linux-x86-64.so.2+0xb25488)
    #21 0x0000004d2185  (/usr/lib/ld-linux-x86-64.so.2+0x4d2185)
    #22 0x7f8a9bc77253  (/usr/lib/libc.so.6+0x26253)

Indirect leak of 12480 byte(s) in 140 object(s) allocated from:
    #0 0x7f8a9cc16ad9 in realloc ../../../../src/libsanitizer/lsan/lsan_interceptors.cpp:128
    #1 0x7f8a9c20d0c2  (/usr/lib/libudev.so.1+0x2c0c2)
    #2 0x7f8a9c1fc11f  (/usr/lib/libudev.so.1+0x1b11f)
    #3 0x7f8a9c1fda90  (/usr/lib/libudev.so.1+0x1ca90)
    #4 0x7f8a9c1f2313  (/usr/lib/libudev.so.1+0x11313)
    #5 0x7f8a9c1f2b32  (/usr/lib/libudev.so.1+0x11b32)
    #6 0x7f8a9c1ecddb  (/usr/lib/libudev.so.1+0xbddb)
    #7 0x7f8a9c1ed23b  (/usr/lib/libudev.so.1+0xc23b)
    #8 0x7f8a9c1ed39b  (/usr/lib/libudev.so.1+0xc39b)
    #9 0x7f8a9c1ed724  (/usr/lib/libudev.so.1+0xc724)
    #10 0x000000abc668  (/usr/lib/ld-linux-x86-64.so.2+0xabc668)
    #11 0x000000abcf3c  (/usr/lib/ld-linux-x86-64.so.2+0xabcf3c)
    #12 0x000000acb2d8  (/usr/lib/ld-linux-x86-64.so.2+0xacb2d8)
    #13 0x000000b1f3e2  (/usr/lib/ld-linux-x86-64.so.2+0xb1f3e2)
    #14 0x000000515317  (/usr/lib/ld-linux-x86-64.so.2+0x515317)
    #15 0x000000a17dce  (/usr/lib/ld-linux-x86-64.so.2+0xa17dce)
    #16 0x000000a187ad  (/usr/lib/ld-linux-x86-64.so.2+0xa187ad)
    #17 0x000000b34d98  (/usr/lib/ld-linux-x86-64.so.2+0xb34d98)
    #18 0x000000aa42ed  (/usr/lib/ld-linux-x86-64.so.2+0xaa42ed)
    #19 0x000000a16baa  (/usr/lib/ld-linux-x86-64.so.2+0xa16baa)
    #20 0x000000b25488  (/usr/lib/ld-linux-x86-64.so.2+0xb25488)
    #21 0x0000004d2185  (/usr/lib/ld-linux-x86-64.so.2+0x4d2185)
    #22 0x7f8a9bc77253  (/usr/lib/libc.so.6+0x26253)

Indirect leak of 12070 byte(s) in 280 object(s) allocated from:
    #0 0x7f8a9cc197cf in malloc ../../../../src/libsanitizer/lsan/lsan_interceptors.cpp:74
    #1 0x7f8a9bd06e39 in strdup (/usr/lib/libc.so.6+0xb5e39)
    #2 0x7f8a9c1f208c  (/usr/lib/libudev.so.1+0x1108c)
    #3 0x7f8a9c1f24e3  (/usr/lib/libudev.so.1+0x114e3)
    #4 0x7f8a9c1f2b32  (/usr/lib/libudev.so.1+0x11b32)
    #5 0x7f8a9c1f39f2  (/usr/lib/libudev.so.1+0x129f2)
    #6 0x7f8a9c1ece98  (/usr/lib/libudev.so.1+0xbe98)
    #7 0x7f8a9c1ed23b  (/usr/lib/libudev.so.1+0xc23b)
    #8 0x7f8a9c1ed39b  (/usr/lib/libudev.so.1+0xc39b)
    #9 0x7f8a9c1ed724  (/usr/lib/libudev.so.1+0xc724)
    #10 0x000000abc668  (/usr/lib/ld-linux-x86-64.so.2+0xabc668)
    #11 0x000000abcf3c  (/usr/lib/ld-linux-x86-64.so.2+0xabcf3c)
    #12 0x000000acb1d9  (/usr/lib/ld-linux-x86-64.so.2+0xacb1d9)
    #13 0x000000b1f3e2  (/usr/lib/ld-linux-x86-64.so.2+0xb1f3e2)
    #14 0x000000515317  (/usr/lib/ld-linux-x86-64.so.2+0x515317)
    #15 0x000000a17dce  (/usr/lib/ld-linux-x86-64.so.2+0xa17dce)
    #16 0x000000a187ad  (/usr/lib/ld-linux-x86-64.so.2+0xa187ad)
    #17 0x000000b34d98  (/usr/lib/ld-linux-x86-64.so.2+0xb34d98)
    #18 0x000000aa42ed  (/usr/lib/ld-linux-x86-64.so.2+0xaa42ed)
    #19 0x000000a16baa  (/usr/lib/ld-linux-x86-64.so.2+0xa16baa)
    #20 0x000000b25488  (/usr/lib/ld-linux-x86-64.so.2+0xb25488)
    #21 0x0000004d2185  (/usr/lib/ld-linux-x86-64.so.2+0x4d2185)
    #22 0x7f8a9bc77253  (/usr/lib/libc.so.6+0x26253)

Indirect leak of 12034 byte(s) in 278 object(s) allocated from:
    #0 0x7f8a9cc197cf in malloc ../../../../src/libsanitizer/lsan/lsan_interceptors.cpp:74
    #1 0x7f8a9bd06e39 in strdup (/usr/lib/libc.so.6+0xb5e39)
    #2 0x7f8a9c1f208c  (/usr/lib/libudev.so.1+0x1108c)
    #3 0x7f8a9c1f24e3  (/usr/lib/libudev.so.1+0x114e3)
    #4 0x7f8a9c1f2b32  (/usr/lib/libudev.so.1+0x11b32)
    #5 0x7f8a9c1f39f2  (/usr/lib/libudev.so.1+0x129f2)
    #6 0x7f8a9c1ece98  (/usr/lib/libudev.so.1+0xbe98)
    #7 0x7f8a9c1ed23b  (/usr/lib/libudev.so.1+0xc23b)
    #8 0x7f8a9c1ed39b  (/usr/lib/libudev.so.1+0xc39b)
    #9 0x7f8a9c1ed724  (/usr/lib/libudev.so.1+0xc724)
    #10 0x000000abc668  (/usr/lib/ld-linux-x86-64.so.2+0xabc668)
    #11 0x000000abcf3c  (/usr/lib/ld-linux-x86-64.so.2+0xabcf3c)
    #12 0x000000acb3b9  (/usr/lib/ld-linux-x86-64.so.2+0xacb3b9)
    #13 0x000000b1f3e2  (/usr/lib/ld-linux-x86-64.so.2+0xb1f3e2)
    #14 0x000000515317  (/usr/lib/ld-linux-x86-64.so.2+0x515317)
    #15 0x000000a17dce  (/usr/lib/ld-linux-x86-64.so.2+0xa17dce)
    #16 0x000000a187ad  (/usr/lib/ld-linux-x86-64.so.2+0xa187ad)
    #17 0x000000b34d98  (/usr/lib/ld-linux-x86-64.so.2+0xb34d98)
    #18 0x000000aa42ed  (/usr/lib/ld-linux-x86-64.so.2+0xaa42ed)
    #19 0x000000a16baa  (/usr/lib/ld-linux-x86-64.so.2+0xa16baa)
    #20 0x000000b25488  (/usr/lib/ld-linux-x86-64.so.2+0xb25488)
    #21 0x0000004d2185  (/usr/lib/ld-linux-x86-64.so.2+0x4d2185)
    #22 0x7f8a9bc77253  (/usr/lib/libc.so.6+0x26253)

Indirect leak of 11903 byte(s) in 275 object(s) allocated from:
    #0 0x7f8a9cc197cf in malloc ../../../../src/libsanitizer/lsan/lsan_interceptors.cpp:74
    #1 0x7f8a9bd06e39 in strdup (/usr/lib/libc.so.6+0xb5e39)
    #2 0x7f8a9c1f208c  (/usr/lib/libudev.so.1+0x1108c)
    #3 0x7f8a9c1f24e3  (/usr/lib/libudev.so.1+0x114e3)
    #4 0x7f8a9c1f2b32  (/usr/lib/libudev.so.1+0x11b32)
    #5 0x7f8a9c1f39f2  (/usr/lib/libudev.so.1+0x129f2)
    #6 0x7f8a9c1ece98  (/usr/lib/libudev.so.1+0xbe98)
    #7 0x7f8a9c1ed23b  (/usr/lib/libudev.so.1+0xc23b)
    #8 0x7f8a9c1ed39b  (/usr/lib/libudev.so.1+0xc39b)
    #9 0x7f8a9c1ed724  (/usr/lib/libudev.so.1+0xc724)
    #10 0x000000abc668  (/usr/lib/ld-linux-x86-64.so.2+0xabc668)
    #11 0x000000abcf3c  (/usr/lib/ld-linux-x86-64.so.2+0xabcf3c)
    #12 0x000000acb2d8  (/usr/lib/ld-linux-x86-64.so.2+0xacb2d8)
    #13 0x000000b1f3e2  (/usr/lib/ld-linux-x86-64.so.2+0xb1f3e2)
    #14 0x000000515317  (/usr/lib/ld-linux-x86-64.so.2+0x515317)
    #15 0x000000a17dce  (/usr/lib/ld-linux-x86-64.so.2+0xa17dce)
    #16 0x000000a187ad  (/usr/lib/ld-linux-x86-64.so.2+0xa187ad)
    #17 0x000000b34d98  (/usr/lib/ld-linux-x86-64.so.2+0xb34d98)
    #18 0x000000aa42ed  (/usr/lib/ld-linux-x86-64.so.2+0xaa42ed)
    #19 0x000000a16baa  (/usr/lib/ld-linux-x86-64.so.2+0xa16baa)
    #20 0x000000b25488  (/usr/lib/ld-linux-x86-64.so.2+0xb25488)
    #21 0x0000004d2185  (/usr/lib/ld-linux-x86-64.so.2+0x4d2185)
    #22 0x7f8a9bc77253  (/usr/lib/libc.so.6+0x26253)

Indirect leak of 11648 byte(s) in 28 object(s) allocated from:
    #0 0x7f8a9cc197cf in malloc ../../../../src/libsanitizer/lsan/lsan_interceptors.cpp:74
    #1 0x7f8a9c1f1dba  (/usr/lib/libudev.so.1+0x10dba)
    #2 0x7f8a9c1f2b1b  (/usr/lib/libudev.so.1+0x11b1b)
    #3 0x7f8a9c1f39f2  (/usr/lib/libudev.so.1+0x129f2)
    #4 0x7f8a9c1ece98  (/usr/lib/libudev.so.1+0xbe98)
    #5 0x7f8a9c1ed23b  (/usr/lib/libudev.so.1+0xc23b)
    #6 0x7f8a9c1ed39b  (/usr/lib/libudev.so.1+0xc39b)
    #7 0x7f8a9c1ed724  (/usr/lib/libudev.so.1+0xc724)
    #8 0x000000abc668  (/usr/lib/ld-linux-x86-64.so.2+0xabc668)
    #9 0x000000abcf3c  (/usr/lib/ld-linux-x86-64.so.2+0xabcf3c)
    #10 0x000000acb2d8  (/usr/lib/ld-linux-x86-64.so.2+0xacb2d8)
    #11 0x0000004d1454  (/usr/lib/ld-linux-x86-64.so.2+0x4d1454)
    #12 0x7f8a9bc77253  (/usr/lib/libc.so.6+0x26253)
    #13 0x7f8a9bc77305 in __libc_start_main (/usr/lib/libc.so.6+0x26305)
    #14 0x0000004f9b70  (/usr/lib/ld-linux-x86-64.so.2+0x4f9b70)

Indirect leak of 11648 byte(s) in 28 object(s) allocated from:
    #0 0x7f8a9cc197cf in malloc ../../../../src/libsanitizer/lsan/lsan_interceptors.cpp:74
    #1 0x7f8a9c1f1dba  (/usr/lib/libudev.so.1+0x10dba)
    #2 0x7f8a9c1f2b1b  (/usr/lib/libudev.so.1+0x11b1b)
    #3 0x7f8a9c1f39f2  (/usr/lib/libudev.so.1+0x129f2)
    #4 0x7f8a9c1ece98  (/usr/lib/libudev.so.1+0xbe98)
    #5 0x7f8a9c1ed23b  (/usr/lib/libudev.so.1+0xc23b)
    #6 0x7f8a9c1ed39b  (/usr/lib/libudev.so.1+0xc39b)
    #7 0x7f8a9c1ed724  (/usr/lib/libudev.so.1+0xc724)
    #8 0x000000abc668  (/usr/lib/ld-linux-x86-64.so.2+0xabc668)
    #9 0x000000abcf3c  (/usr/lib/ld-linux-x86-64.so.2+0xabcf3c)
    #10 0x000000acb3b9  (/usr/lib/ld-linux-x86-64.so.2+0xacb3b9)
    #11 0x0000004d1454  (/usr/lib/ld-linux-x86-64.so.2+0x4d1454)
    #12 0x7f8a9bc77253  (/usr/lib/libc.so.6+0x26253)
    #13 0x7f8a9bc77305 in __libc_start_main (/usr/lib/libc.so.6+0x26305)
    #14 0x0000004f9b70  (/usr/lib/ld-linux-x86-64.so.2+0x4f9b70)

Indirect leak of 11648 byte(s) in 28 object(s) allocated from:
    #0 0x7f8a9cc197cf in malloc ../../../../src/libsanitizer/lsan/lsan_interceptors.cpp:74
    #1 0x7f8a9c1f1dba  (/usr/lib/libudev.so.1+0x10dba)
    #2 0x7f8a9c1f2b1b  (/usr/lib/libudev.so.1+0x11b1b)
    #3 0x7f8a9c1f39f2  (/usr/lib/libudev.so.1+0x129f2)
    #4 0x7f8a9c1ece98  (/usr/lib/libudev.so.1+0xbe98)
    #5 0x7f8a9c1ed23b  (/usr/lib/libudev.so.1+0xc23b)
    #6 0x7f8a9c1ed39b  (/usr/lib/libudev.so.1+0xc39b)
    #7 0x7f8a9c1ed724  (/usr/lib/libudev.so.1+0xc724)
    #8 0x000000abc668  (/usr/lib/ld-linux-x86-64.so.2+0xabc668)
    #9 0x000000abcf3c  (/usr/lib/ld-linux-x86-64.so.2+0xabcf3c)
    #10 0x000000acb1d9  (/usr/lib/ld-linux-x86-64.so.2+0xacb1d9)
    #11 0x0000004d1454  (/usr/lib/ld-linux-x86-64.so.2+0x4d1454)
    #12 0x7f8a9bc77253  (/usr/lib/libc.so.6+0x26253)
    #13 0x7f8a9bc77305 in __libc_start_main (/usr/lib/libc.so.6+0x26305)
    #14 0x0000004f9b70  (/usr/lib/ld-linux-x86-64.so.2+0x4f9b70)

Indirect leak of 9410 byte(s) in 140 object(s) allocated from:
    #0 0x7f8a9cc197cf in malloc ../../../../src/libsanitizer/lsan/lsan_interceptors.cpp:74
    #1 0x7f8a9bd06e39 in strdup (/usr/lib/libc.so.6+0xb5e39)
    #2 0x7f8a9c1ea09a  (/usr/lib/libudev.so.1+0x909a)
    #3 0x7f8a9c1e962e in udev_enumerate_get_list_entry (/usr/lib/libudev.so.1+0x862e)
    #4 0x000000abc670  (/usr/lib/ld-linux-x86-64.so.2+0xabc670)
    #5 0x000000abcf3c  (/usr/lib/ld-linux-x86-64.so.2+0xabcf3c)
    #6 0x000000acb1d9  (/usr/lib/ld-linux-x86-64.so.2+0xacb1d9)
    #7 0x000000b1f3e2  (/usr/lib/ld-linux-x86-64.so.2+0xb1f3e2)
    #8 0x000000515317  (/usr/lib/ld-linux-x86-64.so.2+0x515317)
    #9 0x000000a17dce  (/usr/lib/ld-linux-x86-64.so.2+0xa17dce)
    #10 0x000000a187ad  (/usr/lib/ld-linux-x86-64.so.2+0xa187ad)
    #11 0x000000b34d98  (/usr/lib/ld-linux-x86-64.so.2+0xb34d98)
    #12 0x000000aa42ed  (/usr/lib/ld-linux-x86-64.so.2+0xaa42ed)
    #13 0x000000a16baa  (/usr/lib/ld-linux-x86-64.so.2+0xa16baa)
    #14 0x000000b25488  (/usr/lib/ld-linux-x86-64.so.2+0xb25488)
    #15 0x0000004d2185  (/usr/lib/ld-linux-x86-64.so.2+0x4d2185)
    #16 0x7f8a9bc77253  (/usr/lib/libc.so.6+0x26253)
    #17 0x7f8a9bc77305 in __libc_start_main (/usr/lib/libc.so.6+0x26305)
    #18 0x0000004f9b70  (/usr/lib/ld-linux-x86-64.so.2+0x4f9b70)

Indirect leak of 9378 byte(s) in 139 object(s) allocated from:
    #0 0x7f8a9cc197cf in malloc ../../../../src/libsanitizer/lsan/lsan_interceptors.cpp:74
    #1 0x7f8a9bd06e39 in strdup (/usr/lib/libc.so.6+0xb5e39)
    #2 0x7f8a9c1ea09a  (/usr/lib/libudev.so.1+0x909a)
    #3 0x7f8a9c1e962e in udev_enumerate_get_list_entry (/usr/lib/libudev.so.1+0x862e)
    #4 0x000000abc670  (/usr/lib/ld-linux-x86-64.so.2+0xabc670)
    #5 0x000000abcf3c  (/usr/lib/ld-linux-x86-64.so.2+0xabcf3c)
    #6 0x000000acb2d8  (/usr/lib/ld-linux-x86-64.so.2+0xacb2d8)
    #7 0x000000b1f3e2  (/usr/lib/ld-linux-x86-64.so.2+0xb1f3e2)
    #8 0x000000515317  (/usr/lib/ld-linux-x86-64.so.2+0x515317)
    #9 0x000000a17dce  (/usr/lib/ld-linux-x86-64.so.2+0xa17dce)
    #10 0x000000a187ad  (/usr/lib/ld-linux-x86-64.so.2+0xa187ad)
    #11 0x000000b34d98  (/usr/lib/ld-linux-x86-64.so.2+0xb34d98)
    #12 0x000000aa42ed  (/usr/lib/ld-linux-x86-64.so.2+0xaa42ed)
    #13 0x000000a16baa  (/usr/lib/ld-linux-x86-64.so.2+0xa16baa)
    #14 0x000000b25488  (/usr/lib/ld-linux-x86-64.so.2+0xb25488)
    #15 0x0000004d2185  (/usr/lib/ld-linux-x86-64.so.2+0x4d2185)
    #16 0x7f8a9bc77253  (/usr/lib/libc.so.6+0x26253)
    #17 0x7f8a9bc77305 in __libc_start_main (/usr/lib/libc.so.6+0x26305)
    #18 0x0000004f9b70  (/usr/lib/ld-linux-x86-64.so.2+0x4f9b70)

Indirect leak of 9378 byte(s) in 139 object(s) allocated from:
    #0 0x7f8a9cc197cf in malloc ../../../../src/libsanitizer/lsan/lsan_interceptors.cpp:74
    #1 0x7f8a9bd06e39 in strdup (/usr/lib/libc.so.6+0xb5e39)
    #2 0x7f8a9c1ea09a  (/usr/lib/libudev.so.1+0x909a)
    #3 0x7f8a9c1e962e in udev_enumerate_get_list_entry (/usr/lib/libudev.so.1+0x862e)
    #4 0x000000abc670  (/usr/lib/ld-linux-x86-64.so.2+0xabc670)
    #5 0x000000abcf3c  (/usr/lib/ld-linux-x86-64.so.2+0xabcf3c)
    #6 0x000000acb3b9  (/usr/lib/ld-linux-x86-64.so.2+0xacb3b9)
    #7 0x000000b1f3e2  (/usr/lib/ld-linux-x86-64.so.2+0xb1f3e2)
    #8 0x000000515317  (/usr/lib/ld-linux-x86-64.so.2+0x515317)
    #9 0x000000a17dce  (/usr/lib/ld-linux-x86-64.so.2+0xa17dce)
    #10 0x000000a187ad  (/usr/lib/ld-linux-x86-64.so.2+0xa187ad)
    #11 0x000000b34d98  (/usr/lib/ld-linux-x86-64.so.2+0xb34d98)
    #12 0x000000aa42ed  (/usr/lib/ld-linux-x86-64.so.2+0xaa42ed)
    #13 0x000000a16baa  (/usr/lib/ld-linux-x86-64.so.2+0xa16baa)
    #14 0x000000b25488  (/usr/lib/ld-linux-x86-64.so.2+0xb25488)
    #15 0x0000004d2185  (/usr/lib/ld-linux-x86-64.so.2+0x4d2185)
    #16 0x7f8a9bc77253  (/usr/lib/libc.so.6+0x26253)
    #17 0x7f8a9bc77305 in __libc_start_main (/usr/lib/libc.so.6+0x26305)
    #18 0x0000004f9b70  (/usr/lib/ld-linux-x86-64.so.2+0x4f9b70)

Indirect leak of 8960 byte(s) in 140 object(s) allocated from:
    #0 0x7f8a9cc19336 in calloc ../../../../src/libsanitizer/lsan/lsan_interceptors.cpp:120
    #1 0x7f8a9c202f93  (/usr/lib/libudev.so.1+0x21f93)
    #2 0x7f8a9c2053d0  (/usr/lib/libudev.so.1+0x243d0)
    #3 0x7f8a9c1f206b  (/usr/lib/libudev.so.1+0x1106b)
    #4 0x7f8a9c1f24e3  (/usr/lib/libudev.so.1+0x114e3)
    #5 0x7f8a9c1f2b32  (/usr/lib/libudev.so.1+0x11b32)
    #6 0x7f8a9c1ecddb  (/usr/lib/libudev.so.1+0xbddb)
    #7 0x7f8a9c1ed23b  (/usr/lib/libudev.so.1+0xc23b)
    #8 0x7f8a9c1ed39b  (/usr/lib/libudev.so.1+0xc39b)
    #9 0x7f8a9c1ed724  (/usr/lib/libudev.so.1+0xc724)
    #10 0x000000abc668  (/usr/lib/ld-linux-x86-64.so.2+0xabc668)
    #11 0x000000abcf3c  (/usr/lib/ld-linux-x86-64.so.2+0xabcf3c)
    #12 0x000000acb1d9  (/usr/lib/ld-linux-x86-64.so.2+0xacb1d9)
    #13 0x000000b1f3e2  (/usr/lib/ld-linux-x86-64.so.2+0xb1f3e2)
    #14 0x000000515317  (/usr/lib/ld-linux-x86-64.so.2+0x515317)
    #15 0x000000a17dce  (/usr/lib/ld-linux-x86-64.so.2+0xa17dce)
    #16 0x000000a187ad  (/usr/lib/ld-linux-x86-64.so.2+0xa187ad)
    #17 0x000000b34d98  (/usr/lib/ld-linux-x86-64.so.2+0xb34d98)
    #18 0x000000aa42ed  (/usr/lib/ld-linux-x86-64.so.2+0xaa42ed)
    #19 0x000000a16baa  (/usr/lib/ld-linux-x86-64.so.2+0xa16baa)
    #20 0x000000b25488  (/usr/lib/ld-linux-x86-64.so.2+0xb25488)
    #21 0x0000004d2185  (/usr/lib/ld-linux-x86-64.so.2+0x4d2185)
    #22 0x7f8a9bc77253  (/usr/lib/libc.so.6+0x26253)

Indirect leak of 8960 byte(s) in 140 object(s) allocated from:
    #0 0x7f8a9cc19336 in calloc ../../../../src/libsanitizer/lsan/lsan_interceptors.cpp:120
    #1 0x7f8a9c202f93  (/usr/lib/libudev.so.1+0x21f93)
    #2 0x7f8a9c2053d0  (/usr/lib/libudev.so.1+0x243d0)
    #3 0x7f8a9c1f206b  (/usr/lib/libudev.so.1+0x1106b)
    #4 0x7f8a9c1f24e3  (/usr/lib/libudev.so.1+0x114e3)
    #5 0x7f8a9c1f2b32  (/usr/lib/libudev.so.1+0x11b32)
    #6 0x7f8a9c1ecddb  (/usr/lib/libudev.so.1+0xbddb)
    #7 0x7f8a9c1ed23b  (/usr/lib/libudev.so.1+0xc23b)
    #8 0x7f8a9c1ed39b  (/usr/lib/libudev.so.1+0xc39b)
    #9 0x7f8a9c1ed724  (/usr/lib/libudev.so.1+0xc724)
    #10 0x000000abc668  (/usr/lib/ld-linux-x86-64.so.2+0xabc668)
    #11 0x000000abcf3c  (/usr/lib/ld-linux-x86-64.so.2+0xabcf3c)
    #12 0x000000acb3b9  (/usr/lib/ld-linux-x86-64.so.2+0xacb3b9)
    #13 0x000000b1f3e2  (/usr/lib/ld-linux-x86-64.so.2+0xb1f3e2)
    #14 0x000000515317  (/usr/lib/ld-linux-x86-64.so.2+0x515317)
    #15 0x000000a17dce  (/usr/lib/ld-linux-x86-64.so.2+0xa17dce)
    #16 0x000000a187ad  (/usr/lib/ld-linux-x86-64.so.2+0xa187ad)
    #17 0x000000b34d98  (/usr/lib/ld-linux-x86-64.so.2+0xb34d98)
    #18 0x000000aa42ed  (/usr/lib/ld-linux-x86-64.so.2+0xaa42ed)
    #19 0x000000a16baa  (/usr/lib/ld-linux-x86-64.so.2+0xa16baa)
    #20 0x000000b25488  (/usr/lib/ld-linux-x86-64.so.2+0xb25488)
    #21 0x0000004d2185  (/usr/lib/ld-linux-x86-64.so.2+0x4d2185)
    #22 0x7f8a9bc77253  (/usr/lib/libc.so.6+0x26253)

Indirect leak of 8960 byte(s) in 140 object(s) allocated from:
    #0 0x7f8a9cc19336 in calloc ../../../../src/libsanitizer/lsan/lsan_interceptors.cpp:120
    #1 0x7f8a9c202f93  (/usr/lib/libudev.so.1+0x21f93)
    #2 0x7f8a9c2053d0  (/usr/lib/libudev.so.1+0x243d0)
    #3 0x7f8a9c1f206b  (/usr/lib/libudev.so.1+0x1106b)
    #4 0x7f8a9c1f24e3  (/usr/lib/libudev.so.1+0x114e3)
    #5 0x7f8a9c1f2b32  (/usr/lib/libudev.so.1+0x11b32)
    #6 0x7f8a9c1ecddb  (/usr/lib/libudev.so.1+0xbddb)
    #7 0x7f8a9c1ed23b  (/usr/lib/libudev.so.1+0xc23b)
    #8 0x7f8a9c1ed39b  (/usr/lib/libudev.so.1+0xc39b)
    #9 0x7f8a9c1ed724  (/usr/lib/libudev.so.1+0xc724)
    #10 0x000000abc668  (/usr/lib/ld-linux-x86-64.so.2+0xabc668)
    #11 0x000000abcf3c  (/usr/lib/ld-linux-x86-64.so.2+0xabcf3c)
    #12 0x000000acb2d8  (/usr/lib/ld-linux-x86-64.so.2+0xacb2d8)
    #13 0x000000b1f3e2  (/usr/lib/ld-linux-x86-64.so.2+0xb1f3e2)
    #14 0x000000515317  (/usr/lib/ld-linux-x86-64.so.2+0x515317)
    #15 0x000000a17dce  (/usr/lib/ld-linux-x86-64.so.2+0xa17dce)
    #16 0x000000a187ad  (/usr/lib/ld-linux-x86-64.so.2+0xa187ad)
    #17 0x000000b34d98  (/usr/lib/ld-linux-x86-64.so.2+0xb34d98)
    #18 0x000000aa42ed  (/usr/lib/ld-linux-x86-64.so.2+0xaa42ed)
    #19 0x000000a16baa  (/usr/lib/ld-linux-x86-64.so.2+0xa16baa)
    #20 0x000000b25488  (/usr/lib/ld-linux-x86-64.so.2+0xb25488)
    #21 0x0000004d2185  (/usr/lib/ld-linux-x86-64.so.2+0x4d2185)
    #22 0x7f8a9bc77253  (/usr/lib/libc.so.6+0x26253)

Indirect leak of 8850 byte(s) in 140 object(s) allocated from:
    #0 0x7f8a9cc197cf in malloc ../../../../src/libsanitizer/lsan/lsan_interceptors.cpp:74
    #1 0x7f8a9bd06e39 in strdup (/usr/lib/libc.so.6+0xb5e39)
    #2 0x7f8a9c1f208c  (/usr/lib/libudev.so.1+0x1108c)
    #3 0x7f8a9c1f24e3  (/usr/lib/libudev.so.1+0x114e3)
    #4 0x7f8a9c1f2b32  (/usr/lib/libudev.so.1+0x11b32)
    #5 0x7f8a9c1ecddb  (/usr/lib/libudev.so.1+0xbddb)
    #6 0x7f8a9c1ed23b  (/usr/lib/libudev.so.1+0xc23b)
    #7 0x7f8a9c1ed39b  (/usr/lib/libudev.so.1+0xc39b)
    #8 0x7f8a9c1ed724  (/usr/lib/libudev.so.1+0xc724)
    #9 0x000000abc668  (/usr/lib/ld-linux-x86-64.so.2+0xabc668)
    #10 0x000000abcf3c  (/usr/lib/ld-linux-x86-64.so.2+0xabcf3c)
    #11 0x000000acb3b9  (/usr/lib/ld-linux-x86-64.so.2+0xacb3b9)
    #12 0x000000b1f3e2  (/usr/lib/ld-linux-x86-64.so.2+0xb1f3e2)
    #13 0x000000515317  (/usr/lib/ld-linux-x86-64.so.2+0x515317)
    #14 0x000000a17dce  (/usr/lib/ld-linux-x86-64.so.2+0xa17dce)
    #15 0x000000a187ad  (/usr/lib/ld-linux-x86-64.so.2+0xa187ad)
    #16 0x000000b34d98  (/usr/lib/ld-linux-x86-64.so.2+0xb34d98)
    #17 0x000000aa42ed  (/usr/lib/ld-linux-x86-64.so.2+0xaa42ed)
    #18 0x000000a16baa  (/usr/lib/ld-linux-x86-64.so.2+0xa16baa)
    #19 0x000000b25488  (/usr/lib/ld-linux-x86-64.so.2+0xb25488)
    #20 0x0000004d2185  (/usr/lib/ld-linux-x86-64.so.2+0x4d2185)
    #21 0x7f8a9bc77253  (/usr/lib/libc.so.6+0x26253)
    #22 0x7f8a9bc77305 in __libc_start_main (/usr/lib/libc.so.6+0x26305)

Indirect leak of 8850 byte(s) in 140 object(s) allocated from:
    #0 0x7f8a9cc197cf in malloc ../../../../src/libsanitizer/lsan/lsan_interceptors.cpp:74
    #1 0x7f8a9bd06e39 in strdup (/usr/lib/libc.so.6+0xb5e39)
    #2 0x7f8a9c1f208c  (/usr/lib/libudev.so.1+0x1108c)
    #3 0x7f8a9c1f24e3  (/usr/lib/libudev.so.1+0x114e3)
    #4 0x7f8a9c1f2b32  (/usr/lib/libudev.so.1+0x11b32)
    #5 0x7f8a9c1ecddb  (/usr/lib/libudev.so.1+0xbddb)
    #6 0x7f8a9c1ed23b  (/usr/lib/libudev.so.1+0xc23b)
    #7 0x7f8a9c1ed39b  (/usr/lib/libudev.so.1+0xc39b)
    #8 0x7f8a9c1ed724  (/usr/lib/libudev.so.1+0xc724)
    #9 0x000000abc668  (/usr/lib/ld-linux-x86-64.so.2+0xabc668)
    #10 0x000000abcf3c  (/usr/lib/ld-linux-x86-64.so.2+0xabcf3c)
    #11 0x000000acb1d9  (/usr/lib/ld-linux-x86-64.so.2+0xacb1d9)
    #12 0x000000b1f3e2  (/usr/lib/ld-linux-x86-64.so.2+0xb1f3e2)
    #13 0x000000515317  (/usr/lib/ld-linux-x86-64.so.2+0x515317)
    #14 0x000000a17dce  (/usr/lib/ld-linux-x86-64.so.2+0xa17dce)
    #15 0x000000a187ad  (/usr/lib/ld-linux-x86-64.so.2+0xa187ad)
    #16 0x000000b34d98  (/usr/lib/ld-linux-x86-64.so.2+0xb34d98)
    #17 0x000000aa42ed  (/usr/lib/ld-linux-x86-64.so.2+0xaa42ed)
    #18 0x000000a16baa  (/usr/lib/ld-linux-x86-64.so.2+0xa16baa)
    #19 0x000000b25488  (/usr/lib/ld-linux-x86-64.so.2+0xb25488)
    #20 0x0000004d2185  (/usr/lib/ld-linux-x86-64.so.2+0x4d2185)
    #21 0x7f8a9bc77253  (/usr/lib/libc.so.6+0x26253)
    #22 0x7f8a9bc77305 in __libc_start_main (/usr/lib/libc.so.6+0x26305)

Indirect leak of 8850 byte(s) in 140 object(s) allocated from:
    #0 0x7f8a9cc197cf in malloc ../../../../src/libsanitizer/lsan/lsan_interceptors.cpp:74
    #1 0x7f8a9bd06e39 in strdup (/usr/lib/libc.so.6+0xb5e39)
    #2 0x7f8a9c1f208c  (/usr/lib/libudev.so.1+0x1108c)
    #3 0x7f8a9c1f24e3  (/usr/lib/libudev.so.1+0x114e3)
    #4 0x7f8a9c1f2b32  (/usr/lib/libudev.so.1+0x11b32)
    #5 0x7f8a9c1ecddb  (/usr/lib/libudev.so.1+0xbddb)
    #6 0x7f8a9c1ed23b  (/usr/lib/libudev.so.1+0xc23b)
    #7 0x7f8a9c1ed39b  (/usr/lib/libudev.so.1+0xc39b)
    #8 0x7f8a9c1ed724  (/usr/lib/libudev.so.1+0xc724)
    #9 0x000000abc668  (/usr/lib/ld-linux-x86-64.so.2+0xabc668)
    #10 0x000000abcf3c  (/usr/lib/ld-linux-x86-64.so.2+0xabcf3c)
    #11 0x000000acb2d8  (/usr/lib/ld-linux-x86-64.so.2+0xacb2d8)
    #12 0x000000b1f3e2  (/usr/lib/ld-linux-x86-64.so.2+0xb1f3e2)
    #13 0x000000515317  (/usr/lib/ld-linux-x86-64.so.2+0x515317)
    #14 0x000000a17dce  (/usr/lib/ld-linux-x86-64.so.2+0xa17dce)
    #15 0x000000a187ad  (/usr/lib/ld-linux-x86-64.so.2+0xa187ad)
    #16 0x000000b34d98  (/usr/lib/ld-linux-x86-64.so.2+0xb34d98)
    #17 0x000000aa42ed  (/usr/lib/ld-linux-x86-64.so.2+0xaa42ed)
    #18 0x000000a16baa  (/usr/lib/ld-linux-x86-64.so.2+0xa16baa)
    #19 0x000000b25488  (/usr/lib/ld-linux-x86-64.so.2+0xb25488)
    #20 0x0000004d2185  (/usr/lib/ld-linux-x86-64.so.2+0x4d2185)
    #21 0x7f8a9bc77253  (/usr/lib/libc.so.6+0x26253)
    #22 0x7f8a9bc77305 in __libc_start_main (/usr/lib/libc.so.6+0x26305)

Indirect leak of 5824 byte(s) in 14 object(s) allocated from:
    #0 0x7f8a9cc197cf in malloc ../../../../src/libsanitizer/lsan/lsan_interceptors.cpp:74
    #1 0x7f8a9c1f1dba  (/usr/lib/libudev.so.1+0x10dba)
    #2 0x7f8a9c1f2b1b  (/usr/lib/libudev.so.1+0x11b1b)
    #3 0x7f8a9c1ecddb  (/usr/lib/libudev.so.1+0xbddb)
    #4 0x7f8a9c1ed23b  (/usr/lib/libudev.so.1+0xc23b)
    #5 0x7f8a9c1ed39b  (/usr/lib/libudev.so.1+0xc39b)
    #6 0x7f8a9c1ed724  (/usr/lib/libudev.so.1+0xc724)
    #7 0x000000abc668  (/usr/lib/ld-linux-x86-64.so.2+0xabc668)
    #8 0x000000abcf3c  (/usr/lib/ld-linux-x86-64.so.2+0xabcf3c)
    #9 0x000000acb2d8  (/usr/lib/ld-linux-x86-64.so.2+0xacb2d8)
    #10 0x0000004d1454  (/usr/lib/ld-linux-x86-64.so.2+0x4d1454)
    #11 0x7f8a9bc77253  (/usr/lib/libc.so.6+0x26253)
    #12 0x7f8a9bc77305 in __libc_start_main (/usr/lib/libc.so.6+0x26305)
    #13 0x0000004f9b70  (/usr/lib/ld-linux-x86-64.so.2+0x4f9b70)

Indirect leak of 5824 byte(s) in 14 object(s) allocated from:
    #0 0x7f8a9cc197cf in malloc ../../../../src/libsanitizer/lsan/lsan_interceptors.cpp:74
    #1 0x7f8a9c1f1dba  (/usr/lib/libudev.so.1+0x10dba)
    #2 0x7f8a9c1f2b1b  (/usr/lib/libudev.so.1+0x11b1b)
    #3 0x7f8a9c1ecddb  (/usr/lib/libudev.so.1+0xbddb)
    #4 0x7f8a9c1ed23b  (/usr/lib/libudev.so.1+0xc23b)
    #5 0x7f8a9c1ed39b  (/usr/lib/libudev.so.1+0xc39b)
    #6 0x7f8a9c1ed724  (/usr/lib/libudev.so.1+0xc724)
    #7 0x000000abc668  (/usr/lib/ld-linux-x86-64.so.2+0xabc668)
    #8 0x000000abcf3c  (/usr/lib/ld-linux-x86-64.so.2+0xabcf3c)
    #9 0x000000acb3b9  (/usr/lib/ld-linux-x86-64.so.2+0xacb3b9)
    #10 0x0000004d1454  (/usr/lib/ld-linux-x86-64.so.2+0x4d1454)
    #11 0x7f8a9bc77253  (/usr/lib/libc.so.6+0x26253)
    #12 0x7f8a9bc77305 in __libc_start_main (/usr/lib/libc.so.6+0x26305)
    #13 0x0000004f9b70  (/usr/lib/ld-linux-x86-64.so.2+0x4f9b70)

Indirect leak of 5824 byte(s) in 14 object(s) allocated from:
    #0 0x7f8a9cc197cf in malloc ../../../../src/libsanitizer/lsan/lsan_interceptors.cpp:74
    #1 0x7f8a9c1f1dba  (/usr/lib/libudev.so.1+0x10dba)
    #2 0x7f8a9c1f2b1b  (/usr/lib/libudev.so.1+0x11b1b)
    #3 0x7f8a9c1ecddb  (/usr/lib/libudev.so.1+0xbddb)
    #4 0x7f8a9c1ed23b  (/usr/lib/libudev.so.1+0xc23b)
    #5 0x7f8a9c1ed39b  (/usr/lib/libudev.so.1+0xc39b)
    #6 0x7f8a9c1ed724  (/usr/lib/libudev.so.1+0xc724)
    #7 0x000000abc668  (/usr/lib/ld-linux-x86-64.so.2+0xabc668)
    #8 0x000000abcf3c  (/usr/lib/ld-linux-x86-64.so.2+0xabcf3c)
    #9 0x000000acb1d9  (/usr/lib/ld-linux-x86-64.so.2+0xacb1d9)
    #10 0x0000004d1454  (/usr/lib/ld-linux-x86-64.so.2+0x4d1454)
    #11 0x7f8a9bc77253  (/usr/lib/libc.so.6+0x26253)
    #12 0x7f8a9bc77305 in __libc_start_main (/usr/lib/libc.so.6+0x26305)
    #13 0x0000004f9b70  (/usr/lib/ld-linux-x86-64.so.2+0x4f9b70)

Indirect leak of 5600 byte(s) in 140 object(s) allocated from:
    #0 0x7f8a9cc197cf in malloc ../../../../src/libsanitizer/lsan/lsan_interceptors.cpp:74
    #1 0x7f8a9c1ea0c9  (/usr/lib/libudev.so.1+0x90c9)
    #2 0x7f8a9c1e962e in udev_enumerate_get_list_entry (/usr/lib/libudev.so.1+0x862e)
    #3 0x000000abc670  (/usr/lib/ld-linux-x86-64.so.2+0xabc670)
    #4 0x000000abcf3c  (/usr/lib/ld-linux-x86-64.so.2+0xabcf3c)
    #5 0x000000acb1d9  (/usr/lib/ld-linux-x86-64.so.2+0xacb1d9)
    #6 0x000000b1f3e2  (/usr/lib/ld-linux-x86-64.so.2+0xb1f3e2)
    #7 0x000000515317  (/usr/lib/ld-linux-x86-64.so.2+0x515317)
    #8 0x000000a17dce  (/usr/lib/ld-linux-x86-64.so.2+0xa17dce)
    #9 0x000000a187ad  (/usr/lib/ld-linux-x86-64.so.2+0xa187ad)
    #10 0x000000b34d98  (/usr/lib/ld-linux-x86-64.so.2+0xb34d98)
    #11 0x000000aa42ed  (/usr/lib/ld-linux-x86-64.so.2+0xaa42ed)
    #12 0x000000a16baa  (/usr/lib/ld-linux-x86-64.so.2+0xa16baa)
    #13 0x000000b25488  (/usr/lib/ld-linux-x86-64.so.2+0xb25488)
    #14 0x0000004d2185  (/usr/lib/ld-linux-x86-64.so.2+0x4d2185)
    #15 0x7f8a9bc77253  (/usr/lib/libc.so.6+0x26253)
    #16 0x7f8a9bc77305 in __libc_start_main (/usr/lib/libc.so.6+0x26305)
    #17 0x0000004f9b70  (/usr/lib/ld-linux-x86-64.so.2+0x4f9b70)

Indirect leak of 5600 byte(s) in 140 object(s) allocated from:
    #0 0x7f8a9cc197cf in malloc ../../../../src/libsanitizer/lsan/lsan_interceptors.cpp:74
    #1 0x7f8a9c1ea0c9  (/usr/lib/libudev.so.1+0x90c9)
    #2 0x7f8a9c1e962e in udev_enumerate_get_list_entry (/usr/lib/libudev.so.1+0x862e)
    #3 0x000000abc670  (/usr/lib/ld-linux-x86-64.so.2+0xabc670)
    #4 0x000000abcf3c  (/usr/lib/ld-linux-x86-64.so.2+0xabcf3c)
    #5 0x000000acb2d8  (/usr/lib/ld-linux-x86-64.so.2+0xacb2d8)
    #6 0x000000b1f3e2  (/usr/lib/ld-linux-x86-64.so.2+0xb1f3e2)
    #7 0x000000515317  (/usr/lib/ld-linux-x86-64.so.2+0x515317)
    #8 0x000000a17dce  (/usr/lib/ld-linux-x86-64.so.2+0xa17dce)
    #9 0x000000a187ad  (/usr/lib/ld-linux-x86-64.so.2+0xa187ad)
    #10 0x000000b34d98  (/usr/lib/ld-linux-x86-64.so.2+0xb34d98)
    #11 0x000000aa42ed  (/usr/lib/ld-linux-x86-64.so.2+0xaa42ed)
    #12 0x000000a16baa  (/usr/lib/ld-linux-x86-64.so.2+0xa16baa)
    #13 0x000000b25488  (/usr/lib/ld-linux-x86-64.so.2+0xb25488)
    #14 0x0000004d2185  (/usr/lib/ld-linux-x86-64.so.2+0x4d2185)
    #15 0x7f8a9bc77253  (/usr/lib/libc.so.6+0x26253)
    #16 0x7f8a9bc77305 in __libc_start_main (/usr/lib/libc.so.6+0x26305)
    #17 0x0000004f9b70  (/usr/lib/ld-linux-x86-64.so.2+0x4f9b70)

Indirect leak of 5600 byte(s) in 140 object(s) allocated from:
    #0 0x7f8a9cc197cf in malloc ../../../../src/libsanitizer/lsan/lsan_interceptors.cpp:74
    #1 0x7f8a9c1ea0c9  (/usr/lib/libudev.so.1+0x90c9)
    #2 0x7f8a9c1e962e in udev_enumerate_get_list_entry (/usr/lib/libudev.so.1+0x862e)
    #3 0x000000abc670  (/usr/lib/ld-linux-x86-64.so.2+0xabc670)
    #4 0x000000abcf3c  (/usr/lib/ld-linux-x86-64.so.2+0xabcf3c)
    #5 0x000000acb3b9  (/usr/lib/ld-linux-x86-64.so.2+0xacb3b9)
    #6 0x000000b1f3e2  (/usr/lib/ld-linux-x86-64.so.2+0xb1f3e2)
    #7 0x000000515317  (/usr/lib/ld-linux-x86-64.so.2+0x515317)
    #8 0x000000a17dce  (/usr/lib/ld-linux-x86-64.so.2+0xa17dce)
    #9 0x000000a187ad  (/usr/lib/ld-linux-x86-64.so.2+0xa187ad)
    #10 0x000000b34d98  (/usr/lib/ld-linux-x86-64.so.2+0xb34d98)
    #11 0x000000aa42ed  (/usr/lib/ld-linux-x86-64.so.2+0xaa42ed)
    #12 0x000000a16baa  (/usr/lib/ld-linux-x86-64.so.2+0xa16baa)
    #13 0x000000b25488  (/usr/lib/ld-linux-x86-64.so.2+0xb25488)
    #14 0x0000004d2185  (/usr/lib/ld-linux-x86-64.so.2+0x4d2185)
    #15 0x7f8a9bc77253  (/usr/lib/libc.so.6+0x26253)
    #16 0x7f8a9bc77305 in __libc_start_main (/usr/lib/libc.so.6+0x26305)
    #17 0x0000004f9b70  (/usr/lib/ld-linux-x86-64.so.2+0x4f9b70)

Indirect leak of 5120 byte(s) in 10 object(s) allocated from:
    #0 0x7f8a9cc16ad9 in realloc ../../../../src/libsanitizer/lsan/lsan_interceptors.cpp:128
    #1 0x7f8a9c204845  (/usr/lib/libudev.so.1+0x23845)
    #2 0x7f8a9c2050a4  (/usr/lib/libudev.so.1+0x240a4)
    #3 0x7f8a9c2055a3  (/usr/lib/libudev.so.1+0x245a3)
    #4 0x7f8a9c1ec539  (/usr/lib/libudev.so.1+0xb539)
    #5 0x7f8a9c1ece72  (/usr/lib/libudev.so.1+0xbe72)
    #6 0x7f8a9c1ed23b  (/usr/lib/libudev.so.1+0xc23b)
    #7 0x7f8a9c1ed39b  (/usr/lib/libudev.so.1+0xc39b)
    #8 0x7f8a9c1ed724  (/usr/lib/libudev.so.1+0xc724)
    #9 0x000000abc668  (/usr/lib/ld-linux-x86-64.so.2+0xabc668)
    #10 0x000000abcf3c  (/usr/lib/ld-linux-x86-64.so.2+0xabcf3c)
    #11 0x000000acb1d9  (/usr/lib/ld-linux-x86-64.so.2+0xacb1d9)
    #12 0x000000b1f3e2  (/usr/lib/ld-linux-x86-64.so.2+0xb1f3e2)
    #13 0x000000515317  (/usr/lib/ld-linux-x86-64.so.2+0x515317)
    #14 0x000000a17dce  (/usr/lib/ld-linux-x86-64.so.2+0xa17dce)
    #15 0x000000a187ad  (/usr/lib/ld-linux-x86-64.so.2+0xa187ad)
    #16 0x000000b34d98  (/usr/lib/ld-linux-x86-64.so.2+0xb34d98)
    #17 0x000000aa42ed  (/usr/lib/ld-linux-x86-64.so.2+0xaa42ed)
    #18 0x000000a16baa  (/usr/lib/ld-linux-x86-64.so.2+0xa16baa)
    #19 0x000000b25488  (/usr/lib/ld-linux-x86-64.so.2+0xb25488)
    #20 0x0000004d2185  (/usr/lib/ld-linux-x86-64.so.2+0x4d2185)
    #21 0x7f8a9bc77253  (/usr/lib/libc.so.6+0x26253)
    #22 0x7f8a9bc77305 in __libc_start_main (/usr/lib/libc.so.6+0x26305)

Indirect leak of 5120 byte(s) in 10 object(s) allocated from:
    #0 0x7f8a9cc16ad9 in realloc ../../../../src/libsanitizer/lsan/lsan_interceptors.cpp:128
    #1 0x7f8a9c204845  (/usr/lib/libudev.so.1+0x23845)
    #2 0x7f8a9c2050a4  (/usr/lib/libudev.so.1+0x240a4)
    #3 0x7f8a9c2055a3  (/usr/lib/libudev.so.1+0x245a3)
    #4 0x7f8a9c1ec539  (/usr/lib/libudev.so.1+0xb539)
    #5 0x7f8a9c1ece72  (/usr/lib/libudev.so.1+0xbe72)
    #6 0x7f8a9c1ed23b  (/usr/lib/libudev.so.1+0xc23b)
    #7 0x7f8a9c1ed39b  (/usr/lib/libudev.so.1+0xc39b)
    #8 0x7f8a9c1ed724  (/usr/lib/libudev.so.1+0xc724)
    #9 0x000000abc668  (/usr/lib/ld-linux-x86-64.so.2+0xabc668)
    #10 0x000000abcf3c  (/usr/lib/ld-linux-x86-64.so.2+0xabcf3c)
    #11 0x000000acb3b9  (/usr/lib/ld-linux-x86-64.so.2+0xacb3b9)
    #12 0x000000b1f3e2  (/usr/lib/ld-linux-x86-64.so.2+0xb1f3e2)
    #13 0x000000515317  (/usr/lib/ld-linux-x86-64.so.2+0x515317)
    #14 0x000000a17dce  (/usr/lib/ld-linux-x86-64.so.2+0xa17dce)
    #15 0x000000a187ad  (/usr/lib/ld-linux-x86-64.so.2+0xa187ad)
    #16 0x000000b34d98  (/usr/lib/ld-linux-x86-64.so.2+0xb34d98)
    #17 0x000000aa42ed  (/usr/lib/ld-linux-x86-64.so.2+0xaa42ed)
    #18 0x000000a16baa  (/usr/lib/ld-linux-x86-64.so.2+0xa16baa)
    #19 0x000000b25488  (/usr/lib/ld-linux-x86-64.so.2+0xb25488)
    #20 0x0000004d2185  (/usr/lib/ld-linux-x86-64.so.2+0x4d2185)
    #21 0x7f8a9bc77253  (/usr/lib/libc.so.6+0x26253)
    #22 0x7f8a9bc77305 in __libc_start_main (/usr/lib/libc.so.6+0x26305)

Indirect leak of 5120 byte(s) in 10 object(s) allocated from:
    #0 0x7f8a9cc16ad9 in realloc ../../../../src/libsanitizer/lsan/lsan_interceptors.cpp:128
    #1 0x7f8a9c204845  (/usr/lib/libudev.so.1+0x23845)
    #2 0x7f8a9c2050a4  (/usr/lib/libudev.so.1+0x240a4)
    #3 0x7f8a9c2055a3  (/usr/lib/libudev.so.1+0x245a3)
    #4 0x7f8a9c1ec539  (/usr/lib/libudev.so.1+0xb539)
    #5 0x7f8a9c1ece72  (/usr/lib/libudev.so.1+0xbe72)
    #6 0x7f8a9c1ed23b  (/usr/lib/libudev.so.1+0xc23b)
    #7 0x7f8a9c1ed39b  (/usr/lib/libudev.so.1+0xc39b)
    #8 0x7f8a9c1ed724  (/usr/lib/libudev.so.1+0xc724)
    #9 0x000000abc668  (/usr/lib/ld-linux-x86-64.so.2+0xabc668)
    #10 0x000000abcf3c  (/usr/lib/ld-linux-x86-64.so.2+0xabcf3c)
    #11 0x000000acb2d8  (/usr/lib/ld-linux-x86-64.so.2+0xacb2d8)
    #12 0x000000b1f3e2  (/usr/lib/ld-linux-x86-64.so.2+0xb1f3e2)
    #13 0x000000515317  (/usr/lib/ld-linux-x86-64.so.2+0x515317)
    #14 0x000000a17dce  (/usr/lib/ld-linux-x86-64.so.2+0xa17dce)
    #15 0x000000a187ad  (/usr/lib/ld-linux-x86-64.so.2+0xa187ad)
    #16 0x000000b34d98  (/usr/lib/ld-linux-x86-64.so.2+0xb34d98)
    #17 0x000000aa42ed  (/usr/lib/ld-linux-x86-64.so.2+0xaa42ed)
    #18 0x000000a16baa  (/usr/lib/ld-linux-x86-64.so.2+0xa16baa)
    #19 0x000000b25488  (/usr/lib/ld-linux-x86-64.so.2+0xb25488)
    #20 0x0000004d2185  (/usr/lib/ld-linux-x86-64.so.2+0x4d2185)
    #21 0x7f8a9bc77253  (/usr/lib/libc.so.6+0x26253)
    #22 0x7f8a9bc77305 in __libc_start_main (/usr/lib/libc.so.6+0x26305)

Indirect leak of 2944 byte(s) in 23 object(s) allocated from:
    #0 0x7f8a9cc16ad9 in realloc ../../../../src/libsanitizer/lsan/lsan_interceptors.cpp:128
    #1 0x7f8a9c204845  (/usr/lib/libudev.so.1+0x23845)
    #2 0x7f8a9c2050a4  (/usr/lib/libudev.so.1+0x240a4)
    #3 0x7f8a9c205923  (/usr/lib/libudev.so.1+0x24923)
    #4 0x7f8a9c1f20b9  (/usr/lib/libudev.so.1+0x110b9)
    #5 0x7f8a9c1f3b20  (/usr/lib/libudev.so.1+0x12b20)
    #6 0x7f8a9c1f4b70  (/usr/lib/libudev.so.1+0x13b70)
    #7 0x7f8a9c1eb1d0  (/usr/lib/libudev.so.1+0xa1d0)
    #8 0x7f8a9c1eceb4  (/usr/lib/libudev.so.1+0xbeb4)
    #9 0x7f8a9c1ed23b  (/usr/lib/libudev.so.1+0xc23b)
    #10 0x7f8a9c1ed39b  (/usr/lib/libudev.so.1+0xc39b)
    #11 0x7f8a9c1ed724  (/usr/lib/libudev.so.1+0xc724)
    #12 0x000000abc668  (/usr/lib/ld-linux-x86-64.so.2+0xabc668)
    #13 0x000000abcf3c  (/usr/lib/ld-linux-x86-64.so.2+0xabcf3c)
    #14 0x000000acb2d8  (/usr/lib/ld-linux-x86-64.so.2+0xacb2d8)
    #15 0x0000004d1454  (/usr/lib/ld-linux-x86-64.so.2+0x4d1454)
    #16 0x7f8a9bc77253  (/usr/lib/libc.so.6+0x26253)
    #17 0x7f8a9bc77305 in __libc_start_main (/usr/lib/libc.so.6+0x26305)
    #18 0x0000004f9b70  (/usr/lib/ld-linux-x86-64.so.2+0x4f9b70)

Indirect leak of 2944 byte(s) in 23 object(s) allocated from:
    #0 0x7f8a9cc16ad9 in realloc ../../../../src/libsanitizer/lsan/lsan_interceptors.cpp:128
    #1 0x7f8a9c204845  (/usr/lib/libudev.so.1+0x23845)
    #2 0x7f8a9c2050a4  (/usr/lib/libudev.so.1+0x240a4)
    #3 0x7f8a9c205923  (/usr/lib/libudev.so.1+0x24923)
    #4 0x7f8a9c1f20b9  (/usr/lib/libudev.so.1+0x110b9)
    #5 0x7f8a9c1f3b20  (/usr/lib/libudev.so.1+0x12b20)
    #6 0x7f8a9c1f4b70  (/usr/lib/libudev.so.1+0x13b70)
    #7 0x7f8a9c1eb1d0  (/usr/lib/libudev.so.1+0xa1d0)
    #8 0x7f8a9c1eceb4  (/usr/lib/libudev.so.1+0xbeb4)
    #9 0x7f8a9c1ed23b  (/usr/lib/libudev.so.1+0xc23b)
    #10 0x7f8a9c1ed39b  (/usr/lib/libudev.so.1+0xc39b)
    #11 0x7f8a9c1ed724  (/usr/lib/libudev.so.1+0xc724)
    #12 0x000000abc668  (/usr/lib/ld-linux-x86-64.so.2+0xabc668)
    #13 0x000000abcf3c  (/usr/lib/ld-linux-x86-64.so.2+0xabcf3c)
    #14 0x000000acb1d9  (/usr/lib/ld-linux-x86-64.so.2+0xacb1d9)
    #15 0x0000004d1454  (/usr/lib/ld-linux-x86-64.so.2+0x4d1454)
    #16 0x7f8a9bc77253  (/usr/lib/libc.so.6+0x26253)
    #17 0x7f8a9bc77305 in __libc_start_main (/usr/lib/libc.so.6+0x26305)
    #18 0x0000004f9b70  (/usr/lib/ld-linux-x86-64.so.2+0x4f9b70)

Indirect leak of 2944 byte(s) in 23 object(s) allocated from:
    #0 0x7f8a9cc16ad9 in realloc ../../../../src/libsanitizer/lsan/lsan_interceptors.cpp:128
    #1 0x7f8a9c204845  (/usr/lib/libudev.so.1+0x23845)
    #2 0x7f8a9c2050a4  (/usr/lib/libudev.so.1+0x240a4)
    #3 0x7f8a9c205923  (/usr/lib/libudev.so.1+0x24923)
    #4 0x7f8a9c1f20b9  (/usr/lib/libudev.so.1+0x110b9)
    #5 0x7f8a9c1f3b20  (/usr/lib/libudev.so.1+0x12b20)
    #6 0x7f8a9c1f4b70  (/usr/lib/libudev.so.1+0x13b70)
    #7 0x7f8a9c1eb1d0  (/usr/lib/libudev.so.1+0xa1d0)
    #8 0x7f8a9c1eceb4  (/usr/lib/libudev.so.1+0xbeb4)
    #9 0x7f8a9c1ed23b  (/usr/lib/libudev.so.1+0xc23b)
    #10 0x7f8a9c1ed39b  (/usr/lib/libudev.so.1+0xc39b)
    #11 0x7f8a9c1ed724  (/usr/lib/libudev.so.1+0xc724)
    #12 0x000000abc668  (/usr/lib/ld-linux-x86-64.so.2+0xabc668)
    #13 0x000000abcf3c  (/usr/lib/ld-linux-x86-64.so.2+0xabcf3c)
    #14 0x000000acb3b9  (/usr/lib/ld-linux-x86-64.so.2+0xacb3b9)
    #15 0x0000004d1454  (/usr/lib/ld-linux-x86-64.so.2+0x4d1454)
    #16 0x7f8a9bc77253  (/usr/lib/libc.so.6+0x26253)
    #17 0x7f8a9bc77305 in __libc_start_main (/usr/lib/libc.so.6+0x26305)
    #18 0x0000004f9b70  (/usr/lib/ld-linux-x86-64.so.2+0x4f9b70)

Indirect leak of 2430 byte(s) in 280 object(s) allocated from:
    #0 0x7f8a9cc197cf in malloc ../../../../src/libsanitizer/lsan/lsan_interceptors.cpp:74
    #1 0x7f8a9bd079b9 in __strndup (/usr/lib/libc.so.6+0xb69b9)
    #2 0x7f8a9c20dd7e  (/usr/lib/libudev.so.1+0x2cd7e)
    #3 0x7f8a9c1f1bcf  (/usr/lib/libudev.so.1+0x10bcf)
    #4 0x7f8a9c1f3e6c  (/usr/lib/libudev.so.1+0x12e6c)
    #5 0x7f8a9c1eb466  (/usr/lib/libudev.so.1+0xa466)
    #6 0x7f8a9c1eceb4  (/usr/lib/libudev.so.1+0xbeb4)
    #7 0x7f8a9c1ed23b  (/usr/lib/libudev.so.1+0xc23b)
    #8 0x7f8a9c1ed39b  (/usr/lib/libudev.so.1+0xc39b)
    #9 0x7f8a9c1ed724  (/usr/lib/libudev.so.1+0xc724)
    #10 0x000000abc668  (/usr/lib/ld-linux-x86-64.so.2+0xabc668)
    #11 0x000000abcf3c  (/usr/lib/ld-linux-x86-64.so.2+0xabcf3c)
    #12 0x000000acb3b9  (/usr/lib/ld-linux-x86-64.so.2+0xacb3b9)
    #13 0x000000b1f3e2  (/usr/lib/ld-linux-x86-64.so.2+0xb1f3e2)
    #14 0x000000515317  (/usr/lib/ld-linux-x86-64.so.2+0x515317)
    #15 0x000000a17dce  (/usr/lib/ld-linux-x86-64.so.2+0xa17dce)
    #16 0x000000a187ad  (/usr/lib/ld-linux-x86-64.so.2+0xa187ad)
    #17 0x000000b34d98  (/usr/lib/ld-linux-x86-64.so.2+0xb34d98)
    #18 0x000000aa42ed  (/usr/lib/ld-linux-x86-64.so.2+0xaa42ed)
    #19 0x000000a16baa  (/usr/lib/ld-linux-x86-64.so.2+0xa16baa)
    #20 0x000000b25488  (/usr/lib/ld-linux-x86-64.so.2+0xb25488)
    #21 0x0000004d2185  (/usr/lib/ld-linux-x86-64.so.2+0x4d2185)
    #22 0x7f8a9bc77253  (/usr/lib/libc.so.6+0x26253)

Indirect leak of 2430 byte(s) in 280 object(s) allocated from:
    #0 0x7f8a9cc197cf in malloc ../../../../src/libsanitizer/lsan/lsan_interceptors.cpp:74
    #1 0x7f8a9bd079b9 in __strndup (/usr/lib/libc.so.6+0xb69b9)
    #2 0x7f8a9c20dd7e  (/usr/lib/libudev.so.1+0x2cd7e)
    #3 0x7f8a9c1f1bcf  (/usr/lib/libudev.so.1+0x10bcf)
    #4 0x7f8a9c1f3e6c  (/usr/lib/libudev.so.1+0x12e6c)
    #5 0x7f8a9c1eb466  (/usr/lib/libudev.so.1+0xa466)
    #6 0x7f8a9c1eceb4  (/usr/lib/libudev.so.1+0xbeb4)
    #7 0x7f8a9c1ed23b  (/usr/lib/libudev.so.1+0xc23b)
    #8 0x7f8a9c1ed39b  (/usr/lib/libudev.so.1+0xc39b)
    #9 0x7f8a9c1ed724  (/usr/lib/libudev.so.1+0xc724)
    #10 0x000000abc668  (/usr/lib/ld-linux-x86-64.so.2+0xabc668)
    #11 0x000000abcf3c  (/usr/lib/ld-linux-x86-64.so.2+0xabcf3c)
    #12 0x000000acb1d9  (/usr/lib/ld-linux-x86-64.so.2+0xacb1d9)
    #13 0x000000b1f3e2  (/usr/lib/ld-linux-x86-64.so.2+0xb1f3e2)
    #14 0x000000515317  (/usr/lib/ld-linux-x86-64.so.2+0x515317)
    #15 0x000000a17dce  (/usr/lib/ld-linux-x86-64.so.2+0xa17dce)
    #16 0x000000a187ad  (/usr/lib/ld-linux-x86-64.so.2+0xa187ad)
    #17 0x000000b34d98  (/usr/lib/ld-linux-x86-64.so.2+0xb34d98)
    #18 0x000000aa42ed  (/usr/lib/ld-linux-x86-64.so.2+0xaa42ed)
    #19 0x000000a16baa  (/usr/lib/ld-linux-x86-64.so.2+0xa16baa)
    #20 0x000000b25488  (/usr/lib/ld-linux-x86-64.so.2+0xb25488)
    #21 0x0000004d2185  (/usr/lib/ld-linux-x86-64.so.2+0x4d2185)
    #22 0x7f8a9bc77253  (/usr/lib/libc.so.6+0x26253)

Indirect leak of 2426 byte(s) in 279 object(s) allocated from:
    #0 0x7f8a9cc197cf in malloc ../../../../src/libsanitizer/lsan/lsan_interceptors.cpp:74
    #1 0x7f8a9bd079b9 in __strndup (/usr/lib/libc.so.6+0xb69b9)
    #2 0x7f8a9c20dd7e  (/usr/lib/libudev.so.1+0x2cd7e)
    #3 0x7f8a9c1f1bcf  (/usr/lib/libudev.so.1+0x10bcf)
    #4 0x7f8a9c1f3e6c  (/usr/lib/libudev.so.1+0x12e6c)
    #5 0x7f8a9c1eb466  (/usr/lib/libudev.so.1+0xa466)
    #6 0x7f8a9c1eceb4  (/usr/lib/libudev.so.1+0xbeb4)
    #7 0x7f8a9c1ed23b  (/usr/lib/libudev.so.1+0xc23b)
    #8 0x7f8a9c1ed39b  (/usr/lib/libudev.so.1+0xc39b)
    #9 0x7f8a9c1ed724  (/usr/lib/libudev.so.1+0xc724)
    #10 0x000000abc668  (/usr/lib/ld-linux-x86-64.so.2+0xabc668)
    #11 0x000000abcf3c  (/usr/lib/ld-linux-x86-64.so.2+0xabcf3c)
    #12 0x000000acb2d8  (/usr/lib/ld-linux-x86-64.so.2+0xacb2d8)
    #13 0x000000b1f3e2  (/usr/lib/ld-linux-x86-64.so.2+0xb1f3e2)
    #14 0x000000515317  (/usr/lib/ld-linux-x86-64.so.2+0x515317)
    #15 0x000000a17dce  (/usr/lib/ld-linux-x86-64.so.2+0xa17dce)
    #16 0x000000a187ad  (/usr/lib/ld-linux-x86-64.so.2+0xa187ad)
    #17 0x000000b34d98  (/usr/lib/ld-linux-x86-64.so.2+0xb34d98)
    #18 0x000000aa42ed  (/usr/lib/ld-linux-x86-64.so.2+0xaa42ed)
    #19 0x000000a16baa  (/usr/lib/ld-linux-x86-64.so.2+0xa16baa)
    #20 0x000000b25488  (/usr/lib/ld-linux-x86-64.so.2+0xb25488)
    #21 0x0000004d2185  (/usr/lib/ld-linux-x86-64.so.2+0x4d2185)
    #22 0x7f8a9bc77253  (/usr/lib/libc.so.6+0x26253)

Indirect leak of 2290 byte(s) in 229 object(s) allocated from:
    #0 0x7f8a9cc197cf in malloc ../../../../src/libsanitizer/lsan/lsan_interceptors.cpp:74
    #1 0x7f8a9bd06e39 in strdup (/usr/lib/libc.so.6+0xb5e39)
    #2 0x7f8a9c1f2077  (/usr/lib/libudev.so.1+0x11077)
    #3 0x7f8a9c1f3b20  (/usr/lib/libudev.so.1+0x12b20)
    #4 0x7f8a9c1f4b70  (/usr/lib/libudev.so.1+0x13b70)
    #5 0x7f8a9c1eb1d0  (/usr/lib/libudev.so.1+0xa1d0)
    #6 0x7f8a9c1eceb4  (/usr/lib/libudev.so.1+0xbeb4)
    #7 0x7f8a9c1ed23b  (/usr/lib/libudev.so.1+0xc23b)
    #8 0x7f8a9c1ed39b  (/usr/lib/libudev.so.1+0xc39b)
    #9 0x7f8a9c1ed724  (/usr/lib/libudev.so.1+0xc724)
    #10 0x000000abc668  (/usr/lib/ld-linux-x86-64.so.2+0xabc668)
    #11 0x000000abcf3c  (/usr/lib/ld-linux-x86-64.so.2+0xabcf3c)
    #12 0x000000acb3b9  (/usr/lib/ld-linux-x86-64.so.2+0xacb3b9)
    #13 0x000000b1f3e2  (/usr/lib/ld-linux-x86-64.so.2+0xb1f3e2)
    #14 0x000000515317  (/usr/lib/ld-linux-x86-64.so.2+0x515317)
    #15 0x000000a17dce  (/usr/lib/ld-linux-x86-64.so.2+0xa17dce)
    #16 0x000000a187ad  (/usr/lib/ld-linux-x86-64.so.2+0xa187ad)
    #17 0x000000b34d98  (/usr/lib/ld-linux-x86-64.so.2+0xb34d98)
    #18 0x000000aa42ed  (/usr/lib/ld-linux-x86-64.so.2+0xaa42ed)
    #19 0x000000a16baa  (/usr/lib/ld-linux-x86-64.so.2+0xa16baa)
    #20 0x000000b25488  (/usr/lib/ld-linux-x86-64.so.2+0xb25488)
    #21 0x0000004d2185  (/usr/lib/ld-linux-x86-64.so.2+0x4d2185)
    #22 0x7f8a9bc77253  (/usr/lib/libc.so.6+0x26253)

Indirect leak of 2290 byte(s) in 229 object(s) allocated from:
    #0 0x7f8a9cc197cf in malloc ../../../../src/libsanitizer/lsan/lsan_interceptors.cpp:74
    #1 0x7f8a9bd06e39 in strdup (/usr/lib/libc.so.6+0xb5e39)
    #2 0x7f8a9c1f2077  (/usr/lib/libudev.so.1+0x11077)
    #3 0x7f8a9c1f3b20  (/usr/lib/libudev.so.1+0x12b20)
    #4 0x7f8a9c1f4b70  (/usr/lib/libudev.so.1+0x13b70)
    #5 0x7f8a9c1eb1d0  (/usr/lib/libudev.so.1+0xa1d0)
    #6 0x7f8a9c1eceb4  (/usr/lib/libudev.so.1+0xbeb4)
    #7 0x7f8a9c1ed23b  (/usr/lib/libudev.so.1+0xc23b)
    #8 0x7f8a9c1ed39b  (/usr/lib/libudev.so.1+0xc39b)
    #9 0x7f8a9c1ed724  (/usr/lib/libudev.so.1+0xc724)
    #10 0x000000abc668  (/usr/lib/ld-linux-x86-64.so.2+0xabc668)
    #11 0x000000abcf3c  (/usr/lib/ld-linux-x86-64.so.2+0xabcf3c)
    #12 0x000000acb2d8  (/usr/lib/ld-linux-x86-64.so.2+0xacb2d8)
    #13 0x000000b1f3e2  (/usr/lib/ld-linux-x86-64.so.2+0xb1f3e2)
    #14 0x000000515317  (/usr/lib/ld-linux-x86-64.so.2+0x515317)
    #15 0x000000a17dce  (/usr/lib/ld-linux-x86-64.so.2+0xa17dce)
    #16 0x000000a187ad  (/usr/lib/ld-linux-x86-64.so.2+0xa187ad)
    #17 0x000000b34d98  (/usr/lib/ld-linux-x86-64.so.2+0xb34d98)
    #18 0x000000aa42ed  (/usr/lib/ld-linux-x86-64.so.2+0xaa42ed)
    #19 0x000000a16baa  (/usr/lib/ld-linux-x86-64.so.2+0xa16baa)
    #20 0x000000b25488  (/usr/lib/ld-linux-x86-64.so.2+0xb25488)
    #21 0x0000004d2185  (/usr/lib/ld-linux-x86-64.so.2+0x4d2185)
    #22 0x7f8a9bc77253  (/usr/lib/libc.so.6+0x26253)

Indirect leak of 2280 byte(s) in 228 object(s) allocated from:
    #0 0x7f8a9cc197cf in malloc ../../../../src/libsanitizer/lsan/lsan_interceptors.cpp:74
    #1 0x7f8a9bd06e39 in strdup (/usr/lib/libc.so.6+0xb5e39)
    #2 0x7f8a9c1f2077  (/usr/lib/libudev.so.1+0x11077)
    #3 0x7f8a9c1f3b20  (/usr/lib/libudev.so.1+0x12b20)
    #4 0x7f8a9c1f4b70  (/usr/lib/libudev.so.1+0x13b70)
    #5 0x7f8a9c1eb1d0  (/usr/lib/libudev.so.1+0xa1d0)
    #6 0x7f8a9c1eceb4  (/usr/lib/libudev.so.1+0xbeb4)
    #7 0x7f8a9c1ed23b  (/usr/lib/libudev.so.1+0xc23b)
    #8 0x7f8a9c1ed39b  (/usr/lib/libudev.so.1+0xc39b)
    #9 0x7f8a9c1ed724  (/usr/lib/libudev.so.1+0xc724)
    #10 0x000000abc668  (/usr/lib/ld-linux-x86-64.so.2+0xabc668)
    #11 0x000000abcf3c  (/usr/lib/ld-linux-x86-64.so.2+0xabcf3c)
    #12 0x000000acb1d9  (/usr/lib/ld-linux-x86-64.so.2+0xacb1d9)
    #13 0x000000b1f3e2  (/usr/lib/ld-linux-x86-64.so.2+0xb1f3e2)
    #14 0x000000515317  (/usr/lib/ld-linux-x86-64.so.2+0x515317)
    #15 0x000000a17dce  (/usr/lib/ld-linux-x86-64.so.2+0xa17dce)
    #16 0x000000a187ad  (/usr/lib/ld-linux-x86-64.so.2+0xa187ad)
    #17 0x000000b34d98  (/usr/lib/ld-linux-x86-64.so.2+0xb34d98)
    #18 0x000000aa42ed  (/usr/lib/ld-linux-x86-64.so.2+0xaa42ed)
    #19 0x000000a16baa  (/usr/lib/ld-linux-x86-64.so.2+0xa16baa)
    #20 0x000000b25488  (/usr/lib/ld-linux-x86-64.so.2+0xb25488)
    #21 0x0000004d2185  (/usr/lib/ld-linux-x86-64.so.2+0x4d2185)
    #22 0x7f8a9bc77253  (/usr/lib/libc.so.6+0x26253)

Indirect leak of 2240 byte(s) in 280 object(s) allocated from:
    #0 0x7f8a9cc197cf in malloc ../../../../src/libsanitizer/lsan/lsan_interceptors.cpp:74
    #1 0x7f8a9bd06e39 in strdup (/usr/lib/libc.so.6+0xb5e39)
    #2 0x7f8a9c1f2077  (/usr/lib/libudev.so.1+0x11077)
    #3 0x7f8a9c1f24e3  (/usr/lib/libudev.so.1+0x114e3)
    #4 0x7f8a9c1f2b32  (/usr/lib/libudev.so.1+0x11b32)
    #5 0x7f8a9c1f39f2  (/usr/lib/libudev.so.1+0x129f2)
    #6 0x7f8a9c1ece98  (/usr/lib/libudev.so.1+0xbe98)
    #7 0x7f8a9c1ed23b  (/usr/lib/libudev.so.1+0xc23b)
    #8 0x7f8a9c1ed39b  (/usr/lib/libudev.so.1+0xc39b)
    #9 0x7f8a9c1ed724  (/usr/lib/libudev.so.1+0xc724)
    #10 0x000000abc668  (/usr/lib/ld-linux-x86-64.so.2+0xabc668)
    #11 0x000000abcf3c  (/usr/lib/ld-linux-x86-64.so.2+0xabcf3c)
    #12 0x000000acb3b9  (/usr/lib/ld-linux-x86-64.so.2+0xacb3b9)
    #13 0x000000b1f3e2  (/usr/lib/ld-linux-x86-64.so.2+0xb1f3e2)
    #14 0x000000515317  (/usr/lib/ld-linux-x86-64.so.2+0x515317)
    #15 0x000000a17dce  (/usr/lib/ld-linux-x86-64.so.2+0xa17dce)
    #16 0x000000a187ad  (/usr/lib/ld-linux-x86-64.so.2+0xa187ad)
    #17 0x000000b34d98  (/usr/lib/ld-linux-x86-64.so.2+0xb34d98)
    #18 0x000000aa42ed  (/usr/lib/ld-linux-x86-64.so.2+0xaa42ed)
    #19 0x000000a16baa  (/usr/lib/ld-linux-x86-64.so.2+0xa16baa)
    #20 0x000000b25488  (/usr/lib/ld-linux-x86-64.so.2+0xb25488)
    #21 0x0000004d2185  (/usr/lib/ld-linux-x86-64.so.2+0x4d2185)
    #22 0x7f8a9bc77253  (/usr/lib/libc.so.6+0x26253)

Indirect leak of 2232 byte(s) in 279 object(s) allocated from:
    #0 0x7f8a9cc197cf in malloc ../../../../src/libsanitizer/lsan/lsan_interceptors.cpp:74
    #1 0x7f8a9bd06e39 in strdup (/usr/lib/libc.so.6+0xb5e39)
    #2 0x7f8a9c1f2077  (/usr/lib/libudev.so.1+0x11077)
    #3 0x7f8a9c1f24e3  (/usr/lib/libudev.so.1+0x114e3)
    #4 0x7f8a9c1f2b32  (/usr/lib/libudev.so.1+0x11b32)
    #5 0x7f8a9c1f39f2  (/usr/lib/libudev.so.1+0x129f2)
    #6 0x7f8a9c1ece98  (/usr/lib/libudev.so.1+0xbe98)
    #7 0x7f8a9c1ed23b  (/usr/lib/libudev.so.1+0xc23b)
    #8 0x7f8a9c1ed39b  (/usr/lib/libudev.so.1+0xc39b)
    #9 0x7f8a9c1ed724  (/usr/lib/libudev.so.1+0xc724)
    #10 0x000000abc668  (/usr/lib/ld-linux-x86-64.so.2+0xabc668)
    #11 0x000000abcf3c  (/usr/lib/ld-linux-x86-64.so.2+0xabcf3c)
    #12 0x000000acb2d8  (/usr/lib/ld-linux-x86-64.so.2+0xacb2d8)
    #13 0x000000b1f3e2  (/usr/lib/ld-linux-x86-64.so.2+0xb1f3e2)
    #14 0x000000515317  (/usr/lib/ld-linux-x86-64.so.2+0x515317)
    #15 0x000000a17dce  (/usr/lib/ld-linux-x86-64.so.2+0xa17dce)
    #16 0x000000a187ad  (/usr/lib/ld-linux-x86-64.so.2+0xa187ad)
    #17 0x000000b34d98  (/usr/lib/ld-linux-x86-64.so.2+0xb34d98)
    #18 0x000000aa42ed  (/usr/lib/ld-linux-x86-64.so.2+0xaa42ed)
    #19 0x000000a16baa  (/usr/lib/ld-linux-x86-64.so.2+0xa16baa)
    #20 0x000000b25488  (/usr/lib/ld-linux-x86-64.so.2+0xb25488)
    #21 0x0000004d2185  (/usr/lib/ld-linux-x86-64.so.2+0x4d2185)
    #22 0x7f8a9bc77253  (/usr/lib/libc.so.6+0x26253)

Indirect leak of 2224 byte(s) in 278 object(s) allocated from:
    #0 0x7f8a9cc197cf in malloc ../../../../src/libsanitizer/lsan/lsan_interceptors.cpp:74
    #1 0x7f8a9bd06e39 in strdup (/usr/lib/libc.so.6+0xb5e39)
    #2 0x7f8a9c1f2077  (/usr/lib/libudev.so.1+0x11077)
    #3 0x7f8a9c1f24e3  (/usr/lib/libudev.so.1+0x114e3)
    #4 0x7f8a9c1f2b32  (/usr/lib/libudev.so.1+0x11b32)
    #5 0x7f8a9c1f39f2  (/usr/lib/libudev.so.1+0x129f2)
    #6 0x7f8a9c1ece98  (/usr/lib/libudev.so.1+0xbe98)
    #7 0x7f8a9c1ed23b  (/usr/lib/libudev.so.1+0xc23b)
    #8 0x7f8a9c1ed39b  (/usr/lib/libudev.so.1+0xc39b)
    #9 0x7f8a9c1ed724  (/usr/lib/libudev.so.1+0xc724)
    #10 0x000000abc668  (/usr/lib/ld-linux-x86-64.so.2+0xabc668)
    #11 0x000000abcf3c  (/usr/lib/ld-linux-x86-64.so.2+0xabcf3c)
    #12 0x000000acb1d9  (/usr/lib/ld-linux-x86-64.so.2+0xacb1d9)
    #13 0x000000b1f3e2  (/usr/lib/ld-linux-x86-64.so.2+0xb1f3e2)
    #14 0x000000515317  (/usr/lib/ld-linux-x86-64.so.2+0x515317)
    #15 0x000000a17dce  (/usr/lib/ld-linux-x86-64.so.2+0xa17dce)
    #16 0x000000a187ad  (/usr/lib/ld-linux-x86-64.so.2+0xa187ad)
    #17 0x000000b34d98  (/usr/lib/ld-linux-x86-64.so.2+0xb34d98)
    #18 0x000000aa42ed  (/usr/lib/ld-linux-x86-64.so.2+0xaa42ed)
    #19 0x000000a16baa  (/usr/lib/ld-linux-x86-64.so.2+0xa16baa)
    #20 0x000000b25488  (/usr/lib/ld-linux-x86-64.so.2+0xb25488)
    #21 0x0000004d2185  (/usr/lib/ld-linux-x86-64.so.2+0x4d2185)
    #22 0x7f8a9bc77253  (/usr/lib/libc.so.6+0x26253)

Indirect leak of 1952 byte(s) in 28 object(s) allocated from:
    #0 0x7f8a9cc16ad9 in realloc ../../../../src/libsanitizer/lsan/lsan_interceptors.cpp:128
    #1 0x7f8a9c20d0c2  (/usr/lib/libudev.so.1+0x2c0c2)
    #2 0x7f8a9c1fc11f  (/usr/lib/libudev.so.1+0x1b11f)
    #3 0x7f8a9c1fda90  (/usr/lib/libudev.so.1+0x1ca90)
    #4 0x7f8a9c1f2313  (/usr/lib/libudev.so.1+0x11313)
    #5 0x7f8a9c1f2b32  (/usr/lib/libudev.so.1+0x11b32)
    #6 0x7f8a9c1f39f2  (/usr/lib/libudev.so.1+0x129f2)
    #7 0x7f8a9c1ece98  (/usr/lib/libudev.so.1+0xbe98)
    #8 0x7f8a9c1ed23b  (/usr/lib/libudev.so.1+0xc23b)
    #9 0x7f8a9c1ed39b  (/usr/lib/libudev.so.1+0xc39b)
    #10 0x7f8a9c1ed724  (/usr/lib/libudev.so.1+0xc724)
    #11 0x000000abc668  (/usr/lib/ld-linux-x86-64.so.2+0xabc668)
    #12 0x000000abcf3c  (/usr/lib/ld-linux-x86-64.so.2+0xabcf3c)
    #13 0x000000acb1d9  (/usr/lib/ld-linux-x86-64.so.2+0xacb1d9)
    #14 0x0000004d1454  (/usr/lib/ld-linux-x86-64.so.2+0x4d1454)
    #15 0x7f8a9bc77253  (/usr/lib/libc.so.6+0x26253)
    #16 0x7f8a9bc77305 in __libc_start_main (/usr/lib/libc.so.6+0x26305)
    #17 0x0000004f9b70  (/usr/lib/ld-linux-x86-64.so.2+0x4f9b70)

Indirect leak of 1952 byte(s) in 28 object(s) allocated from:
    #0 0x7f8a9cc16ad9 in realloc ../../../../src/libsanitizer/lsan/lsan_interceptors.cpp:128
    #1 0x7f8a9c20d0c2  (/usr/lib/libudev.so.1+0x2c0c2)
    #2 0x7f8a9c1fc11f  (/usr/lib/libudev.so.1+0x1b11f)
    #3 0x7f8a9c1fda90  (/usr/lib/libudev.so.1+0x1ca90)
    #4 0x7f8a9c1f2313  (/usr/lib/libudev.so.1+0x11313)
    #5 0x7f8a9c1f2b32  (/usr/lib/libudev.so.1+0x11b32)
    #6 0x7f8a9c1f39f2  (/usr/lib/libudev.so.1+0x129f2)
    #7 0x7f8a9c1ece98  (/usr/lib/libudev.so.1+0xbe98)
    #8 0x7f8a9c1ed23b  (/usr/lib/libudev.so.1+0xc23b)
    #9 0x7f8a9c1ed39b  (/usr/lib/libudev.so.1+0xc39b)
    #10 0x7f8a9c1ed724  (/usr/lib/libudev.so.1+0xc724)
    #11 0x000000abc668  (/usr/lib/ld-linux-x86-64.so.2+0xabc668)
    #12 0x000000abcf3c  (/usr/lib/ld-linux-x86-64.so.2+0xabcf3c)
    #13 0x000000acb2d8  (/usr/lib/ld-linux-x86-64.so.2+0xacb2d8)
    #14 0x0000004d1454  (/usr/lib/ld-linux-x86-64.so.2+0x4d1454)
    #15 0x7f8a9bc77253  (/usr/lib/libc.so.6+0x26253)
    #16 0x7f8a9bc77305 in __libc_start_main (/usr/lib/libc.so.6+0x26305)
    #17 0x0000004f9b70  (/usr/lib/ld-linux-x86-64.so.2+0x4f9b70)

Indirect leak of 1952 byte(s) in 28 object(s) allocated from:
    #0 0x7f8a9cc16ad9 in realloc ../../../../src/libsanitizer/lsan/lsan_interceptors.cpp:128
    #1 0x7f8a9c20d0c2  (/usr/lib/libudev.so.1+0x2c0c2)
    #2 0x7f8a9c1fc11f  (/usr/lib/libudev.so.1+0x1b11f)
    #3 0x7f8a9c1fda90  (/usr/lib/libudev.so.1+0x1ca90)
    #4 0x7f8a9c1f2313  (/usr/lib/libudev.so.1+0x11313)
    #5 0x7f8a9c1f2b32  (/usr/lib/libudev.so.1+0x11b32)
    #6 0x7f8a9c1f39f2  (/usr/lib/libudev.so.1+0x129f2)
    #7 0x7f8a9c1ece98  (/usr/lib/libudev.so.1+0xbe98)
    #8 0x7f8a9c1ed23b  (/usr/lib/libudev.so.1+0xc23b)
    #9 0x7f8a9c1ed39b  (/usr/lib/libudev.so.1+0xc39b)
    #10 0x7f8a9c1ed724  (/usr/lib/libudev.so.1+0xc724)
    #11 0x000000abc668  (/usr/lib/ld-linux-x86-64.so.2+0xabc668)
    #12 0x000000abcf3c  (/usr/lib/ld-linux-x86-64.so.2+0xabcf3c)
    #13 0x000000acb3b9  (/usr/lib/ld-linux-x86-64.so.2+0xacb3b9)
    #14 0x0000004d1454  (/usr/lib/ld-linux-x86-64.so.2+0x4d1454)
    #15 0x7f8a9bc77253  (/usr/lib/libc.so.6+0x26253)
    #16 0x7f8a9bc77305 in __libc_start_main (/usr/lib/libc.so.6+0x26305)
    #17 0x0000004f9b70  (/usr/lib/ld-linux-x86-64.so.2+0x4f9b70)

Indirect leak of 1792 byte(s) in 14 object(s) allocated from:
    #0 0x7f8a9cc16ad9 in realloc ../../../../src/libsanitizer/lsan/lsan_interceptors.cpp:128
    #1 0x7f8a9c204845  (/usr/lib/libudev.so.1+0x23845)
    #2 0x7f8a9c2050a4  (/usr/lib/libudev.so.1+0x240a4)
    #3 0x7f8a9c205923  (/usr/lib/libudev.so.1+0x24923)
    #4 0x7f8a9c1f20b9  (/usr/lib/libudev.so.1+0x110b9)
    #5 0x7f8a9c1f3b20  (/usr/lib/libudev.so.1+0x12b20)
    #6 0x7f8a9c1f4b70  (/usr/lib/libudev.so.1+0x13b70)
    #7 0x7f8a9c1eb1d0  (/usr/lib/libudev.so.1+0xa1d0)
    #8 0x7f8a9c1ece00  (/usr/lib/libudev.so.1+0xbe00)
    #9 0x7f8a9c1ed23b  (/usr/lib/libudev.so.1+0xc23b)
    #10 0x7f8a9c1ed39b  (/usr/lib/libudev.so.1+0xc39b)
    #11 0x7f8a9c1ed724  (/usr/lib/libudev.so.1+0xc724)
    #12 0x000000abc668  (/usr/lib/ld-linux-x86-64.so.2+0xabc668)
    #13 0x000000abcf3c  (/usr/lib/ld-linux-x86-64.so.2+0xabcf3c)
    #14 0x000000acb2d8  (/usr/lib/ld-linux-x86-64.so.2+0xacb2d8)
    #15 0x0000004d1454  (/usr/lib/ld-linux-x86-64.so.2+0x4d1454)
    #16 0x7f8a9bc77253  (/usr/lib/libc.so.6+0x26253)
    #17 0x7f8a9bc77305 in __libc_start_main (/usr/lib/libc.so.6+0x26305)
    #18 0x0000004f9b70  (/usr/lib/ld-linux-x86-64.so.2+0x4f9b70)

Indirect leak of 1792 byte(s) in 28 object(s) allocated from:
    #0 0x7f8a9cc19336 in calloc ../../../../src/libsanitizer/lsan/lsan_interceptors.cpp:120
    #1 0x7f8a9c202f93  (/usr/lib/libudev.so.1+0x21f93)
    #2 0x7f8a9c2053d0  (/usr/lib/libudev.so.1+0x243d0)
    #3 0x7f8a9c1f206b  (/usr/lib/libudev.so.1+0x1106b)
    #4 0x7f8a9c1f24e3  (/usr/lib/libudev.so.1+0x114e3)
    #5 0x7f8a9c1f2b32  (/usr/lib/libudev.so.1+0x11b32)
    #6 0x7f8a9c1f39f2  (/usr/lib/libudev.so.1+0x129f2)
    #7 0x7f8a9c1ece98  (/usr/lib/libudev.so.1+0xbe98)
    #8 0x7f8a9c1ed23b  (/usr/lib/libudev.so.1+0xc23b)
    #9 0x7f8a9c1ed39b  (/usr/lib/libudev.so.1+0xc39b)
    #10 0x7f8a9c1ed724  (/usr/lib/libudev.so.1+0xc724)
    #11 0x000000abc668  (/usr/lib/ld-linux-x86-64.so.2+0xabc668)
    #12 0x000000abcf3c  (/usr/lib/ld-linux-x86-64.so.2+0xabcf3c)
    #13 0x000000acb3b9  (/usr/lib/ld-linux-x86-64.so.2+0xacb3b9)
    #14 0x0000004d1454  (/usr/lib/ld-linux-x86-64.so.2+0x4d1454)
    #15 0x7f8a9bc77253  (/usr/lib/libc.so.6+0x26253)
    #16 0x7f8a9bc77305 in __libc_start_main (/usr/lib/libc.so.6+0x26305)
    #17 0x0000004f9b70  (/usr/lib/ld-linux-x86-64.so.2+0x4f9b70)

Indirect leak of 1792 byte(s) in 14 object(s) allocated from:
    #0 0x7f8a9cc16ad9 in realloc ../../../../src/libsanitizer/lsan/lsan_interceptors.cpp:128
    #1 0x7f8a9c204845  (/usr/lib/libudev.so.1+0x23845)
    #2 0x7f8a9c2050a4  (/usr/lib/libudev.so.1+0x240a4)
    #3 0x7f8a9c205923  (/usr/lib/libudev.so.1+0x24923)
    #4 0x7f8a9c1f20b9  (/usr/lib/libudev.so.1+0x110b9)
    #5 0x7f8a9c1f3b20  (/usr/lib/libudev.so.1+0x12b20)
    #6 0x7f8a9c1f4b70  (/usr/lib/libudev.so.1+0x13b70)
    #7 0x7f8a9c1eb1d0  (/usr/lib/libudev.so.1+0xa1d0)
    #8 0x7f8a9c1ece00  (/usr/lib/libudev.so.1+0xbe00)
    #9 0x7f8a9c1ed23b  (/usr/lib/libudev.so.1+0xc23b)
    #10 0x7f8a9c1ed39b  (/usr/lib/libudev.so.1+0xc39b)
    #11 0x7f8a9c1ed724  (/usr/lib/libudev.so.1+0xc724)
    #12 0x000000abc668  (/usr/lib/ld-linux-x86-64.so.2+0xabc668)
    #13 0x000000abcf3c  (/usr/lib/ld-linux-x86-64.so.2+0xabcf3c)
    #14 0x000000acb1d9  (/usr/lib/ld-linux-x86-64.so.2+0xacb1d9)
    #15 0x0000004d1454  (/usr/lib/ld-linux-x86-64.so.2+0x4d1454)
    #16 0x7f8a9bc77253  (/usr/lib/libc.so.6+0x26253)
    #17 0x7f8a9bc77305 in __libc_start_main (/usr/lib/libc.so.6+0x26305)
    #18 0x0000004f9b70  (/usr/lib/ld-linux-x86-64.so.2+0x4f9b70)

Indirect leak of 1792 byte(s) in 28 object(s) allocated from:
    #0 0x7f8a9cc19336 in calloc ../../../../src/libsanitizer/lsan/lsan_interceptors.cpp:120
    #1 0x7f8a9c202f93  (/usr/lib/libudev.so.1+0x21f93)
    #2 0x7f8a9c2053d0  (/usr/lib/libudev.so.1+0x243d0)
    #3 0x7f8a9c1f206b  (/usr/lib/libudev.so.1+0x1106b)
    #4 0x7f8a9c1f24e3  (/usr/lib/libudev.so.1+0x114e3)
    #5 0x7f8a9c1f2b32  (/usr/lib/libudev.so.1+0x11b32)
    #6 0x7f8a9c1f39f2  (/usr/lib/libudev.so.1+0x129f2)
    #7 0x7f8a9c1ece98  (/usr/lib/libudev.so.1+0xbe98)
    #8 0x7f8a9c1ed23b  (/usr/lib/libudev.so.1+0xc23b)
    #9 0x7f8a9c1ed39b  (/usr/lib/libudev.so.1+0xc39b)
    #10 0x7f8a9c1ed724  (/usr/lib/libudev.so.1+0xc724)
    #11 0x000000abc668  (/usr/lib/ld-linux-x86-64.so.2+0xabc668)
    #12 0x000000abcf3c  (/usr/lib/ld-linux-x86-64.so.2+0xabcf3c)
    #13 0x000000acb1d9  (/usr/lib/ld-linux-x86-64.so.2+0xacb1d9)
    #14 0x0000004d1454  (/usr/lib/ld-linux-x86-64.so.2+0x4d1454)
    #15 0x7f8a9bc77253  (/usr/lib/libc.so.6+0x26253)
    #16 0x7f8a9bc77305 in __libc_start_main (/usr/lib/libc.so.6+0x26305)
    #17 0x0000004f9b70  (/usr/lib/ld-linux-x86-64.so.2+0x4f9b70)

Indirect leak of 1792 byte(s) in 28 object(s) allocated from:
    #0 0x7f8a9cc19336 in calloc ../../../../src/libsanitizer/lsan/lsan_interceptors.cpp:120
    #1 0x7f8a9c202f93  (/usr/lib/libudev.so.1+0x21f93)
    #2 0x7f8a9c2053d0  (/usr/lib/libudev.so.1+0x243d0)
    #3 0x7f8a9c1f206b  (/usr/lib/libudev.so.1+0x1106b)
    #4 0x7f8a9c1f24e3  (/usr/lib/libudev.so.1+0x114e3)
    #5 0x7f8a9c1f2b32  (/usr/lib/libudev.so.1+0x11b32)
    #6 0x7f8a9c1f39f2  (/usr/lib/libudev.so.1+0x129f2)
    #7 0x7f8a9c1ece98  (/usr/lib/libudev.so.1+0xbe98)
    #8 0x7f8a9c1ed23b  (/usr/lib/libudev.so.1+0xc23b)
    #9 0x7f8a9c1ed39b  (/usr/lib/libudev.so.1+0xc39b)
    #10 0x7f8a9c1ed724  (/usr/lib/libudev.so.1+0xc724)
    #11 0x000000abc668  (/usr/lib/ld-linux-x86-64.so.2+0xabc668)
    #12 0x000000abcf3c  (/usr/lib/ld-linux-x86-64.so.2+0xabcf3c)
    #13 0x000000acb2d8  (/usr/lib/ld-linux-x86-64.so.2+0xacb2d8)
    #14 0x0000004d1454  (/usr/lib/ld-linux-x86-64.so.2+0x4d1454)
    #15 0x7f8a9bc77253  (/usr/lib/libc.so.6+0x26253)
    #16 0x7f8a9bc77305 in __libc_start_main (/usr/lib/libc.so.6+0x26305)
    #17 0x0000004f9b70  (/usr/lib/ld-linux-x86-64.so.2+0x4f9b70)

Indirect leak of 1792 byte(s) in 14 object(s) allocated from:
    #0 0x7f8a9cc16ad9 in realloc ../../../../src/libsanitizer/lsan/lsan_interceptors.cpp:128
    #1 0x7f8a9c204845  (/usr/lib/libudev.so.1+0x23845)
    #2 0x7f8a9c2050a4  (/usr/lib/libudev.so.1+0x240a4)
    #3 0x7f8a9c205923  (/usr/lib/libudev.so.1+0x24923)
    #4 0x7f8a9c1f20b9  (/usr/lib/libudev.so.1+0x110b9)
    #5 0x7f8a9c1f3b20  (/usr/lib/libudev.so.1+0x12b20)
    #6 0x7f8a9c1f4b70  (/usr/lib/libudev.so.1+0x13b70)
    #7 0x7f8a9c1eb1d0  (/usr/lib/libudev.so.1+0xa1d0)
    #8 0x7f8a9c1ece00  (/usr/lib/libudev.so.1+0xbe00)
    #9 0x7f8a9c1ed23b  (/usr/lib/libudev.so.1+0xc23b)
    #10 0x7f8a9c1ed39b  (/usr/lib/libudev.so.1+0xc39b)
    #11 0x7f8a9c1ed724  (/usr/lib/libudev.so.1+0xc724)
    #12 0x000000abc668  (/usr/lib/ld-linux-x86-64.so.2+0xabc668)
    #13 0x000000abcf3c  (/usr/lib/ld-linux-x86-64.so.2+0xabcf3c)
    #14 0x000000acb3b9  (/usr/lib/ld-linux-x86-64.so.2+0xacb3b9)
    #15 0x0000004d1454  (/usr/lib/ld-linux-x86-64.so.2+0x4d1454)
    #16 0x7f8a9bc77253  (/usr/lib/libc.so.6+0x26253)
    #17 0x7f8a9bc77305 in __libc_start_main (/usr/lib/libc.so.6+0x26305)
    #18 0x0000004f9b70  (/usr/lib/ld-linux-x86-64.so.2+0x4f9b70)

Indirect leak of 1440 byte(s) in 10 object(s) allocated from:
    #0 0x7f8a9cc197cf in malloc ../../../../src/libsanitizer/lsan/lsan_interceptors.cpp:74
    #1 0x7f8a9c1ebe0a  (/usr/lib/libudev.so.1+0xae0a)
    #2 0x7f8a9c1e93c9 in udev_enumerate_new (/usr/lib/libudev.so.1+0x83c9)
    #3 0x000000abcb9a  (/usr/lib/ld-linux-x86-64.so.2+0xabcb9a)
    #4 0x000000abcf11  (/usr/lib/ld-linux-x86-64.so.2+0xabcf11)
    #5 0x000000acb3b9  (/usr/lib/ld-linux-x86-64.so.2+0xacb3b9)
    #6 0x000000b1f3e2  (/usr/lib/ld-linux-x86-64.so.2+0xb1f3e2)
    #7 0x000000515317  (/usr/lib/ld-linux-x86-64.so.2+0x515317)
    #8 0x000000a17dce  (/usr/lib/ld-linux-x86-64.so.2+0xa17dce)
    #9 0x000000a187ad  (/usr/lib/ld-linux-x86-64.so.2+0xa187ad)
    #10 0x000000b34d98  (/usr/lib/ld-linux-x86-64.so.2+0xb34d98)
    #11 0x000000aa42ed  (/usr/lib/ld-linux-x86-64.so.2+0xaa42ed)
    #12 0x000000a16baa  (/usr/lib/ld-linux-x86-64.so.2+0xa16baa)
    #13 0x000000b25488  (/usr/lib/ld-linux-x86-64.so.2+0xb25488)
    #14 0x0000004d2185  (/usr/lib/ld-linux-x86-64.so.2+0x4d2185)
    #15 0x7f8a9bc77253  (/usr/lib/libc.so.6+0x26253)
    #16 0x7f8a9bc77305 in __libc_start_main (/usr/lib/libc.so.6+0x26305)
    #17 0x0000004f9b70  (/usr/lib/ld-linux-x86-64.so.2+0x4f9b70)

Indirect leak of 1440 byte(s) in 10 object(s) allocated from:
    #0 0x7f8a9cc197cf in malloc ../../../../src/libsanitizer/lsan/lsan_interceptors.cpp:74
    #1 0x7f8a9c1ebe0a  (/usr/lib/libudev.so.1+0xae0a)
    #2 0x7f8a9c1e93c9 in udev_enumerate_new (/usr/lib/libudev.so.1+0x83c9)
    #3 0x000000abcb9a  (/usr/lib/ld-linux-x86-64.so.2+0xabcb9a)
    #4 0x000000abcf11  (/usr/lib/ld-linux-x86-64.so.2+0xabcf11)
    #5 0x000000acb1d9  (/usr/lib/ld-linux-x86-64.so.2+0xacb1d9)
    #6 0x000000b1f3e2  (/usr/lib/ld-linux-x86-64.so.2+0xb1f3e2)
    #7 0x000000515317  (/usr/lib/ld-linux-x86-64.so.2+0x515317)
    #8 0x000000a17dce  (/usr/lib/ld-linux-x86-64.so.2+0xa17dce)
    #9 0x000000a187ad  (/usr/lib/ld-linux-x86-64.so.2+0xa187ad)
    #10 0x000000b34d98  (/usr/lib/ld-linux-x86-64.so.2+0xb34d98)
    #11 0x000000aa42ed  (/usr/lib/ld-linux-x86-64.so.2+0xaa42ed)
    #12 0x000000a16baa  (/usr/lib/ld-linux-x86-64.so.2+0xa16baa)
    #13 0x000000b25488  (/usr/lib/ld-linux-x86-64.so.2+0xb25488)
    #14 0x0000004d2185  (/usr/lib/ld-linux-x86-64.so.2+0x4d2185)
    #15 0x7f8a9bc77253  (/usr/lib/libc.so.6+0x26253)
    #16 0x7f8a9bc77305 in __libc_start_main (/usr/lib/libc.so.6+0x26305)
    #17 0x0000004f9b70  (/usr/lib/ld-linux-x86-64.so.2+0x4f9b70)

Indirect leak of 1440 byte(s) in 10 object(s) allocated from:
    #0 0x7f8a9cc197cf in malloc ../../../../src/libsanitizer/lsan/lsan_interceptors.cpp:74
    #1 0x7f8a9c1ebe0a  (/usr/lib/libudev.so.1+0xae0a)
    #2 0x7f8a9c1e93c9 in udev_enumerate_new (/usr/lib/libudev.so.1+0x83c9)
    #3 0x000000abc650  (/usr/lib/ld-linux-x86-64.so.2+0xabc650)
    #4 0x000000abcf3c  (/usr/lib/ld-linux-x86-64.so.2+0xabcf3c)
    #5 0x000000acb2d8  (/usr/lib/ld-linux-x86-64.so.2+0xacb2d8)
    #6 0x000000b1f3e2  (/usr/lib/ld-linux-x86-64.so.2+0xb1f3e2)
    #7 0x000000515317  (/usr/lib/ld-linux-x86-64.so.2+0x515317)
    #8 0x000000a17dce  (/usr/lib/ld-linux-x86-64.so.2+0xa17dce)
    #9 0x000000a187ad  (/usr/lib/ld-linux-x86-64.so.2+0xa187ad)
    #10 0x000000b34d98  (/usr/lib/ld-linux-x86-64.so.2+0xb34d98)
    #11 0x000000aa42ed  (/usr/lib/ld-linux-x86-64.so.2+0xaa42ed)
    #12 0x000000a16baa  (/usr/lib/ld-linux-x86-64.so.2+0xa16baa)
    #13 0x000000b25488  (/usr/lib/ld-linux-x86-64.so.2+0xb25488)
    #14 0x0000004d2185  (/usr/lib/ld-linux-x86-64.so.2+0x4d2185)
    #15 0x7f8a9bc77253  (/usr/lib/libc.so.6+0x26253)
    #16 0x7f8a9bc77305 in __libc_start_main (/usr/lib/libc.so.6+0x26305)
    #17 0x0000004f9b70  (/usr/lib/ld-linux-x86-64.so.2+0x4f9b70)

Indirect leak of 1440 byte(s) in 10 object(s) allocated from:
    #0 0x7f8a9cc197cf in malloc ../../../../src/libsanitizer/lsan/lsan_interceptors.cpp:74
    #1 0x7f8a9c1ebe0a  (/usr/lib/libudev.so.1+0xae0a)
    #2 0x7f8a9c1e93c9 in udev_enumerate_new (/usr/lib/libudev.so.1+0x83c9)
    #3 0x000000abc650  (/usr/lib/ld-linux-x86-64.so.2+0xabc650)
    #4 0x000000abcf3c  (/usr/lib/ld-linux-x86-64.so.2+0xabcf3c)
    #5 0x000000acb1d9  (/usr/lib/ld-linux-x86-64.so.2+0xacb1d9)
    #6 0x000000b1f3e2  (/usr/lib/ld-linux-x86-64.so.2+0xb1f3e2)
    #7 0x000000515317  (/usr/lib/ld-linux-x86-64.so.2+0x515317)
    #8 0x000000a17dce  (/usr/lib/ld-linux-x86-64.so.2+0xa17dce)
    #9 0x000000a187ad  (/usr/lib/ld-linux-x86-64.so.2+0xa187ad)
    #10 0x000000b34d98  (/usr/lib/ld-linux-x86-64.so.2+0xb34d98)
    #11 0x000000aa42ed  (/usr/lib/ld-linux-x86-64.so.2+0xaa42ed)
    #12 0x000000a16baa  (/usr/lib/ld-linux-x86-64.so.2+0xa16baa)
    #13 0x000000b25488  (/usr/lib/ld-linux-x86-64.so.2+0xb25488)
    #14 0x0000004d2185  (/usr/lib/ld-linux-x86-64.so.2+0x4d2185)
    #15 0x7f8a9bc77253  (/usr/lib/libc.so.6+0x26253)
    #16 0x7f8a9bc77305 in __libc_start_main (/usr/lib/libc.so.6+0x26305)
    #17 0x0000004f9b70  (/usr/lib/ld-linux-x86-64.so.2+0x4f9b70)

Indirect leak of 1440 byte(s) in 10 object(s) allocated from:
    #0 0x7f8a9cc197cf in malloc ../../../../src/libsanitizer/lsan/lsan_interceptors.cpp:74
    #1 0x7f8a9c1ebe0a  (/usr/lib/libudev.so.1+0xae0a)
    #2 0x7f8a9c1e93c9 in udev_enumerate_new (/usr/lib/libudev.so.1+0x83c9)
    #3 0x000000acec5f  (/usr/lib/ld-linux-x86-64.so.2+0xacec5f)
    #4 0x000000aced82  (/usr/lib/ld-linux-x86-64.so.2+0xaced82)
    #5 0x000000acb59d  (/usr/lib/ld-linux-x86-64.so.2+0xacb59d)
    #6 0x000000b1f3e2  (/usr/lib/ld-linux-x86-64.so.2+0xb1f3e2)
    #7 0x000000515317  (/usr/lib/ld-linux-x86-64.so.2+0x515317)
    #8 0x000000a17dce  (/usr/lib/ld-linux-x86-64.so.2+0xa17dce)
    #9 0x000000a187ad  (/usr/lib/ld-linux-x86-64.so.2+0xa187ad)
    #10 0x000000b34d98  (/usr/lib/ld-linux-x86-64.so.2+0xb34d98)
    #11 0x000000aa42ed  (/usr/lib/ld-linux-x86-64.so.2+0xaa42ed)
    #12 0x000000a16baa  (/usr/lib/ld-linux-x86-64.so.2+0xa16baa)
    #13 0x000000b25488  (/usr/lib/ld-linux-x86-64.so.2+0xb25488)
    #14 0x0000004d2185  (/usr/lib/ld-linux-x86-64.so.2+0x4d2185)
    #15 0x7f8a9bc77253  (/usr/lib/libc.so.6+0x26253)
    #16 0x7f8a9bc77305 in __libc_start_main (/usr/lib/libc.so.6+0x26305)
    #17 0x0000004f9b70  (/usr/lib/ld-linux-x86-64.so.2+0x4f9b70)

Indirect leak of 1440 byte(s) in 10 object(s) allocated from:
    #0 0x7f8a9cc197cf in malloc ../../../../src/libsanitizer/lsan/lsan_interceptors.cpp:74
    #1 0x7f8a9c1ebe0a  (/usr/lib/libudev.so.1+0xae0a)
    #2 0x7f8a9c1e93c9 in udev_enumerate_new (/usr/lib/libudev.so.1+0x83c9)
    #3 0x000000abc650  (/usr/lib/ld-linux-x86-64.so.2+0xabc650)
    #4 0x000000abcf3c  (/usr/lib/ld-linux-x86-64.so.2+0xabcf3c)
    #5 0x000000acb3b9  (/usr/lib/ld-linux-x86-64.so.2+0xacb3b9)
    #6 0x000000b1f3e2  (/usr/lib/ld-linux-x86-64.so.2+0xb1f3e2)
    #7 0x000000515317  (/usr/lib/ld-linux-x86-64.so.2+0x515317)
    #8 0x000000a17dce  (/usr/lib/ld-linux-x86-64.so.2+0xa17dce)
    #9 0x000000a187ad  (/usr/lib/ld-linux-x86-64.so.2+0xa187ad)
    #10 0x000000b34d98  (/usr/lib/ld-linux-x86-64.so.2+0xb34d98)
    #11 0x000000aa42ed  (/usr/lib/ld-linux-x86-64.so.2+0xaa42ed)
    #12 0x000000a16baa  (/usr/lib/ld-linux-x86-64.so.2+0xa16baa)
    #13 0x000000b25488  (/usr/lib/ld-linux-x86-64.so.2+0xb25488)
    #14 0x0000004d2185  (/usr/lib/ld-linux-x86-64.so.2+0x4d2185)
    #15 0x7f8a9bc77253  (/usr/lib/libc.so.6+0x26253)
    #16 0x7f8a9bc77305 in __libc_start_main (/usr/lib/libc.so.6+0x26305)
    #17 0x0000004f9b70  (/usr/lib/ld-linux-x86-64.so.2+0x4f9b70)

Indirect leak of 1440 byte(s) in 10 object(s) allocated from:
    #0 0x7f8a9cc197cf in malloc ../../../../src/libsanitizer/lsan/lsan_interceptors.cpp:74
    #1 0x7f8a9c1ebe0a  (/usr/lib/libudev.so.1+0xae0a)
    #2 0x7f8a9c1e93c9 in udev_enumerate_new (/usr/lib/libudev.so.1+0x83c9)
    #3 0x000000abcb9a  (/usr/lib/ld-linux-x86-64.so.2+0xabcb9a)
    #4 0x000000abcf11  (/usr/lib/ld-linux-x86-64.so.2+0xabcf11)
    #5 0x000000acb2d8  (/usr/lib/ld-linux-x86-64.so.2+0xacb2d8)
    #6 0x000000b1f3e2  (/usr/lib/ld-linux-x86-64.so.2+0xb1f3e2)
    #7 0x000000515317  (/usr/lib/ld-linux-x86-64.so.2+0x515317)
    #8 0x000000a17dce  (/usr/lib/ld-linux-x86-64.so.2+0xa17dce)
    #9 0x000000a187ad  (/usr/lib/ld-linux-x86-64.so.2+0xa187ad)
    #10 0x000000b34d98  (/usr/lib/ld-linux-x86-64.so.2+0xb34d98)
    #11 0x000000aa42ed  (/usr/lib/ld-linux-x86-64.so.2+0xaa42ed)
    #12 0x000000a16baa  (/usr/lib/ld-linux-x86-64.so.2+0xa16baa)
    #13 0x000000b25488  (/usr/lib/ld-linux-x86-64.so.2+0xb25488)
    #14 0x0000004d2185  (/usr/lib/ld-linux-x86-64.so.2+0x4d2185)
    #15 0x7f8a9bc77253  (/usr/lib/libc.so.6+0x26253)
    #16 0x7f8a9bc77305 in __libc_start_main (/usr/lib/libc.so.6+0x26305)
    #17 0x0000004f9b70  (/usr/lib/ld-linux-x86-64.so.2+0x4f9b70)

Indirect leak of 1400 byte(s) in 140 object(s) allocated from:
    #0 0x7f8a9cc197cf in malloc ../../../../src/libsanitizer/lsan/lsan_interceptors.cpp:74
    #1 0x7f8a9bd06e39 in strdup (/usr/lib/libc.so.6+0xb5e39)
    #2 0x7f8a9c1f2077  (/usr/lib/libudev.so.1+0x11077)
    #3 0x7f8a9c1f3b20  (/usr/lib/libudev.so.1+0x12b20)
    #4 0x7f8a9c1f4b70  (/usr/lib/libudev.so.1+0x13b70)
    #5 0x7f8a9c1eb1d0  (/usr/lib/libudev.so.1+0xa1d0)
    #6 0x7f8a9c1ece00  (/usr/lib/libudev.so.1+0xbe00)
    #7 0x7f8a9c1ed23b  (/usr/lib/libudev.so.1+0xc23b)
    #8 0x7f8a9c1ed39b  (/usr/lib/libudev.so.1+0xc39b)
    #9 0x7f8a9c1ed724  (/usr/lib/libudev.so.1+0xc724)
    #10 0x000000abc668  (/usr/lib/ld-linux-x86-64.so.2+0xabc668)
    #11 0x000000abcf3c  (/usr/lib/ld-linux-x86-64.so.2+0xabcf3c)
    #12 0x000000acb3b9  (/usr/lib/ld-linux-x86-64.so.2+0xacb3b9)
    #13 0x000000b1f3e2  (/usr/lib/ld-linux-x86-64.so.2+0xb1f3e2)
    #14 0x000000515317  (/usr/lib/ld-linux-x86-64.so.2+0x515317)
    #15 0x000000a17dce  (/usr/lib/ld-linux-x86-64.so.2+0xa17dce)
    #16 0x000000a187ad  (/usr/lib/ld-linux-x86-64.so.2+0xa187ad)
    #17 0x000000b34d98  (/usr/lib/ld-linux-x86-64.so.2+0xb34d98)
    #18 0x000000aa42ed  (/usr/lib/ld-linux-x86-64.so.2+0xaa42ed)
    #19 0x000000a16baa  (/usr/lib/ld-linux-x86-64.so.2+0xa16baa)
    #20 0x000000b25488  (/usr/lib/ld-linux-x86-64.so.2+0xb25488)
    #21 0x0000004d2185  (/usr/lib/ld-linux-x86-64.so.2+0x4d2185)
    #22 0x7f8a9bc77253  (/usr/lib/libc.so.6+0x26253)

Indirect leak of 1400 byte(s) in 140 object(s) allocated from:
    #0 0x7f8a9cc197cf in malloc ../../../../src/libsanitizer/lsan/lsan_interceptors.cpp:74
    #1 0x7f8a9bd06e39 in strdup (/usr/lib/libc.so.6+0xb5e39)
    #2 0x7f8a9c1f2077  (/usr/lib/libudev.so.1+0x11077)
    #3 0x7f8a9c1f3b20  (/usr/lib/libudev.so.1+0x12b20)
    #4 0x7f8a9c1f4b70  (/usr/lib/libudev.so.1+0x13b70)
    #5 0x7f8a9c1eb1d0  (/usr/lib/libudev.so.1+0xa1d0)
    #6 0x7f8a9c1ece00  (/usr/lib/libudev.so.1+0xbe00)
    #7 0x7f8a9c1ed23b  (/usr/lib/libudev.so.1+0xc23b)
    #8 0x7f8a9c1ed39b  (/usr/lib/libudev.so.1+0xc39b)
    #9 0x7f8a9c1ed724  (/usr/lib/libudev.so.1+0xc724)
    #10 0x000000abc668  (/usr/lib/ld-linux-x86-64.so.2+0xabc668)
    #11 0x000000abcf3c  (/usr/lib/ld-linux-x86-64.so.2+0xabcf3c)
    #12 0x000000acb2d8  (/usr/lib/ld-linux-x86-64.so.2+0xacb2d8)
    #13 0x000000b1f3e2  (/usr/lib/ld-linux-x86-64.so.2+0xb1f3e2)
    #14 0x000000515317  (/usr/lib/ld-linux-x86-64.so.2+0x515317)
    #15 0x000000a17dce  (/usr/lib/ld-linux-x86-64.so.2+0xa17dce)
    #16 0x000000a187ad  (/usr/lib/ld-linux-x86-64.so.2+0xa187ad)
    #17 0x000000b34d98  (/usr/lib/ld-linux-x86-64.so.2+0xb34d98)
    #18 0x000000aa42ed  (/usr/lib/ld-linux-x86-64.so.2+0xaa42ed)
    #19 0x000000a16baa  (/usr/lib/ld-linux-x86-64.so.2+0xa16baa)
    #20 0x000000b25488  (/usr/lib/ld-linux-x86-64.so.2+0xb25488)
    #21 0x0000004d2185  (/usr/lib/ld-linux-x86-64.so.2+0x4d2185)
    #22 0x7f8a9bc77253  (/usr/lib/libc.so.6+0x26253)

Indirect leak of 1390 byte(s) in 139 object(s) allocated from:
    #0 0x7f8a9cc197cf in malloc ../../../../src/libsanitizer/lsan/lsan_interceptors.cpp:74
    #1 0x7f8a9bd06e39 in strdup (/usr/lib/libc.so.6+0xb5e39)
    #2 0x7f8a9c1f2077  (/usr/lib/libudev.so.1+0x11077)
    #3 0x7f8a9c1f3b20  (/usr/lib/libudev.so.1+0x12b20)
    #4 0x7f8a9c1f4b70  (/usr/lib/libudev.so.1+0x13b70)
    #5 0x7f8a9c1eb1d0  (/usr/lib/libudev.so.1+0xa1d0)
    #6 0x7f8a9c1ece00  (/usr/lib/libudev.so.1+0xbe00)
    #7 0x7f8a9c1ed23b  (/usr/lib/libudev.so.1+0xc23b)
    #8 0x7f8a9c1ed39b  (/usr/lib/libudev.so.1+0xc39b)
    #9 0x7f8a9c1ed724  (/usr/lib/libudev.so.1+0xc724)
    #10 0x000000abc668  (/usr/lib/ld-linux-x86-64.so.2+0xabc668)
    #11 0x000000abcf3c  (/usr/lib/ld-linux-x86-64.so.2+0xabcf3c)
    #12 0x000000acb1d9  (/usr/lib/ld-linux-x86-64.so.2+0xacb1d9)
    #13 0x000000b1f3e2  (/usr/lib/ld-linux-x86-64.so.2+0xb1f3e2)
    #14 0x000000515317  (/usr/lib/ld-linux-x86-64.so.2+0x515317)
    #15 0x000000a17dce  (/usr/lib/ld-linux-x86-64.so.2+0xa17dce)
    #16 0x000000a187ad  (/usr/lib/ld-linux-x86-64.so.2+0xa187ad)
    #17 0x000000b34d98  (/usr/lib/ld-linux-x86-64.so.2+0xb34d98)
    #18 0x000000aa42ed  (/usr/lib/ld-linux-x86-64.so.2+0xaa42ed)
    #19 0x000000a16baa  (/usr/lib/ld-linux-x86-64.so.2+0xa16baa)
    #20 0x000000b25488  (/usr/lib/ld-linux-x86-64.so.2+0xb25488)
    #21 0x0000004d2185  (/usr/lib/ld-linux-x86-64.so.2+0x4d2185)
    #22 0x7f8a9bc77253  (/usr/lib/libc.so.6+0x26253)

Indirect leak of 1270 byte(s) in 230 object(s) allocated from:
    #0 0x7f8a9cc197cf in malloc ../../../../src/libsanitizer/lsan/lsan_interceptors.cpp:74
    #1 0x7f8a9bd06e39 in strdup (/usr/lib/libc.so.6+0xb5e39)
    #2 0x7f8a9c1f208c  (/usr/lib/libudev.so.1+0x1108c)
    #3 0x7f8a9c1f3b20  (/usr/lib/libudev.so.1+0x12b20)
    #4 0x7f8a9c1f4b70  (/usr/lib/libudev.so.1+0x13b70)
    #5 0x7f8a9c1eb1d0  (/usr/lib/libudev.so.1+0xa1d0)
    #6 0x7f8a9c1eceb4  (/usr/lib/libudev.so.1+0xbeb4)
    #7 0x7f8a9c1ed23b  (/usr/lib/libudev.so.1+0xc23b)
    #8 0x7f8a9c1ed39b  (/usr/lib/libudev.so.1+0xc39b)
    #9 0x7f8a9c1ed724  (/usr/lib/libudev.so.1+0xc724)
    #10 0x000000abc668  (/usr/lib/ld-linux-x86-64.so.2+0xabc668)
    #11 0x000000abcf3c  (/usr/lib/ld-linux-x86-64.so.2+0xabcf3c)
    #12 0x000000acb2d8  (/usr/lib/ld-linux-x86-64.so.2+0xacb2d8)
    #13 0x000000b1f3e2  (/usr/lib/ld-linux-x86-64.so.2+0xb1f3e2)
    #14 0x000000515317  (/usr/lib/ld-linux-x86-64.so.2+0x515317)
    #15 0x000000a17dce  (/usr/lib/ld-linux-x86-64.so.2+0xa17dce)
    #16 0x000000a187ad  (/usr/lib/ld-linux-x86-64.so.2+0xa187ad)
    #17 0x000000b34d98  (/usr/lib/ld-linux-x86-64.so.2+0xb34d98)
    #18 0x000000aa42ed  (/usr/lib/ld-linux-x86-64.so.2+0xaa42ed)
    #19 0x000000a16baa  (/usr/lib/ld-linux-x86-64.so.2+0xa16baa)
    #20 0x000000b25488  (/usr/lib/ld-linux-x86-64.so.2+0xb25488)
    #21 0x0000004d2185  (/usr/lib/ld-linux-x86-64.so.2+0x4d2185)
    #22 0x7f8a9bc77253  (/usr/lib/libc.so.6+0x26253)

Indirect leak of 1270 byte(s) in 230 object(s) allocated from:
    #0 0x7f8a9cc197cf in malloc ../../../../src/libsanitizer/lsan/lsan_interceptors.cpp:74
    #1 0x7f8a9bd06e39 in strdup (/usr/lib/libc.so.6+0xb5e39)
    #2 0x7f8a9c1f208c  (/usr/lib/libudev.so.1+0x1108c)
    #3 0x7f8a9c1f3b20  (/usr/lib/libudev.so.1+0x12b20)
    #4 0x7f8a9c1f4b70  (/usr/lib/libudev.so.1+0x13b70)
    #5 0x7f8a9c1eb1d0  (/usr/lib/libudev.so.1+0xa1d0)
    #6 0x7f8a9c1eceb4  (/usr/lib/libudev.so.1+0xbeb4)
    #7 0x7f8a9c1ed23b  (/usr/lib/libudev.so.1+0xc23b)
    #8 0x7f8a9c1ed39b  (/usr/lib/libudev.so.1+0xc39b)
    #9 0x7f8a9c1ed724  (/usr/lib/libudev.so.1+0xc724)
    #10 0x000000abc668  (/usr/lib/ld-linux-x86-64.so.2+0xabc668)
    #11 0x000000abcf3c  (/usr/lib/ld-linux-x86-64.so.2+0xabcf3c)
    #12 0x000000acb3b9  (/usr/lib/ld-linux-x86-64.so.2+0xacb3b9)
    #13 0x000000b1f3e2  (/usr/lib/ld-linux-x86-64.so.2+0xb1f3e2)
    #14 0x000000515317  (/usr/lib/ld-linux-x86-64.so.2+0x515317)
    #15 0x000000a17dce  (/usr/lib/ld-linux-x86-64.so.2+0xa17dce)
    #16 0x000000a187ad  (/usr/lib/ld-linux-x86-64.so.2+0xa187ad)
    #17 0x000000b34d98  (/usr/lib/ld-linux-x86-64.so.2+0xb34d98)
    #18 0x000000aa42ed  (/usr/lib/ld-linux-x86-64.so.2+0xaa42ed)
    #19 0x000000a16baa  (/usr/lib/ld-linux-x86-64.so.2+0xa16baa)
    #20 0x000000b25488  (/usr/lib/ld-linux-x86-64.so.2+0xb25488)
    #21 0x0000004d2185  (/usr/lib/ld-linux-x86-64.so.2+0x4d2185)
    #22 0x7f8a9bc77253  (/usr/lib/libc.so.6+0x26253)

Indirect leak of 1270 byte(s) in 230 object(s) allocated from:
    #0 0x7f8a9cc197cf in malloc ../../../../src/libsanitizer/lsan/lsan_interceptors.cpp:74
    #1 0x7f8a9bd06e39 in strdup (/usr/lib/libc.so.6+0xb5e39)
    #2 0x7f8a9c1f3b04  (/usr/lib/libudev.so.1+0x12b04)
    #3 0x7f8a9c1f4b70  (/usr/lib/libudev.so.1+0x13b70)
    #4 0x7f8a9c1eb1d0  (/usr/lib/libudev.so.1+0xa1d0)
    #5 0x7f8a9c1eceb4  (/usr/lib/libudev.so.1+0xbeb4)
    #6 0x7f8a9c1ed23b  (/usr/lib/libudev.so.1+0xc23b)
    #7 0x7f8a9c1ed39b  (/usr/lib/libudev.so.1+0xc39b)
    #8 0x7f8a9c1ed724  (/usr/lib/libudev.so.1+0xc724)
    #9 0x000000abc668  (/usr/lib/ld-linux-x86-64.so.2+0xabc668)
    #10 0x000000abcf3c  (/usr/lib/ld-linux-x86-64.so.2+0xabcf3c)
    #11 0x000000acb3b9  (/usr/lib/ld-linux-x86-64.so.2+0xacb3b9)
    #12 0x000000b1f3e2  (/usr/lib/ld-linux-x86-64.so.2+0xb1f3e2)
    #13 0x000000515317  (/usr/lib/ld-linux-x86-64.so.2+0x515317)
    #14 0x000000a17dce  (/usr/lib/ld-linux-x86-64.so.2+0xa17dce)
    #15 0x000000a187ad  (/usr/lib/ld-linux-x86-64.so.2+0xa187ad)
    #16 0x000000b34d98  (/usr/lib/ld-linux-x86-64.so.2+0xb34d98)
    #17 0x000000aa42ed  (/usr/lib/ld-linux-x86-64.so.2+0xaa42ed)
    #18 0x000000a16baa  (/usr/lib/ld-linux-x86-64.so.2+0xa16baa)
    #19 0x000000b25488  (/usr/lib/ld-linux-x86-64.so.2+0xb25488)
    #20 0x0000004d2185  (/usr/lib/ld-linux-x86-64.so.2+0x4d2185)
    #21 0x7f8a9bc77253  (/usr/lib/libc.so.6+0x26253)
    #22 0x7f8a9bc77305 in __libc_start_main (/usr/lib/libc.so.6+0x26305)

Indirect leak of 1266 byte(s) in 229 object(s) allocated from:
    #0 0x7f8a9cc197cf in malloc ../../../../src/libsanitizer/lsan/lsan_interceptors.cpp:74
    #1 0x7f8a9bd06e39 in strdup (/usr/lib/libc.so.6+0xb5e39)
    #2 0x7f8a9c1f208c  (/usr/lib/libudev.so.1+0x1108c)
    #3 0x7f8a9c1f3b20  (/usr/lib/libudev.so.1+0x12b20)
    #4 0x7f8a9c1f4b70  (/usr/lib/libudev.so.1+0x13b70)
    #5 0x7f8a9c1eb1d0  (/usr/lib/libudev.so.1+0xa1d0)
    #6 0x7f8a9c1eceb4  (/usr/lib/libudev.so.1+0xbeb4)
    #7 0x7f8a9c1ed23b  (/usr/lib/libudev.so.1+0xc23b)
    #8 0x7f8a9c1ed39b  (/usr/lib/libudev.so.1+0xc39b)
    #9 0x7f8a9c1ed724  (/usr/lib/libudev.so.1+0xc724)
    #10 0x000000abc668  (/usr/lib/ld-linux-x86-64.so.2+0xabc668)
    #11 0x000000abcf3c  (/usr/lib/ld-linux-x86-64.so.2+0xabcf3c)
    #12 0x000000acb1d9  (/usr/lib/ld-linux-x86-64.so.2+0xacb1d9)
    #13 0x000000b1f3e2  (/usr/lib/ld-linux-x86-64.so.2+0xb1f3e2)
    #14 0x000000515317  (/usr/lib/ld-linux-x86-64.so.2+0x515317)
    #15 0x000000a17dce  (/usr/lib/ld-linux-x86-64.so.2+0xa17dce)
    #16 0x000000a187ad  (/usr/lib/ld-linux-x86-64.so.2+0xa187ad)
    #17 0x000000b34d98  (/usr/lib/ld-linux-x86-64.so.2+0xb34d98)
    #18 0x000000aa42ed  (/usr/lib/ld-linux-x86-64.so.2+0xaa42ed)
    #19 0x000000a16baa  (/usr/lib/ld-linux-x86-64.so.2+0xa16baa)
    #20 0x000000b25488  (/usr/lib/ld-linux-x86-64.so.2+0xb25488)
    #21 0x0000004d2185  (/usr/lib/ld-linux-x86-64.so.2+0x4d2185)
    #22 0x7f8a9bc77253  (/usr/lib/libc.so.6+0x26253)

Indirect leak of 1264 byte(s) in 229 object(s) allocated from:
    #0 0x7f8a9cc197cf in malloc ../../../../src/libsanitizer/lsan/lsan_interceptors.cpp:74
    #1 0x7f8a9bd06e39 in strdup (/usr/lib/libc.so.6+0xb5e39)
    #2 0x7f8a9c1f3b04  (/usr/lib/libudev.so.1+0x12b04)
    #3 0x7f8a9c1f4b70  (/usr/lib/libudev.so.1+0x13b70)
    #4 0x7f8a9c1eb1d0  (/usr/lib/libudev.so.1+0xa1d0)
    #5 0x7f8a9c1eceb4  (/usr/lib/libudev.so.1+0xbeb4)
    #6 0x7f8a9c1ed23b  (/usr/lib/libudev.so.1+0xc23b)
    #7 0x7f8a9c1ed39b  (/usr/lib/libudev.so.1+0xc39b)
    #8 0x7f8a9c1ed724  (/usr/lib/libudev.so.1+0xc724)
    #9 0x000000abc668  (/usr/lib/ld-linux-x86-64.so.2+0xabc668)
    #10 0x000000abcf3c  (/usr/lib/ld-linux-x86-64.so.2+0xabcf3c)
    #11 0x000000acb1d9  (/usr/lib/ld-linux-x86-64.so.2+0xacb1d9)
    #12 0x000000b1f3e2  (/usr/lib/ld-linux-x86-64.so.2+0xb1f3e2)
    #13 0x000000515317  (/usr/lib/ld-linux-x86-64.so.2+0x515317)
    #14 0x000000a17dce  (/usr/lib/ld-linux-x86-64.so.2+0xa17dce)
    #15 0x000000a187ad  (/usr/lib/ld-linux-x86-64.so.2+0xa187ad)
    #16 0x000000b34d98  (/usr/lib/ld-linux-x86-64.so.2+0xb34d98)
    #17 0x000000aa42ed  (/usr/lib/ld-linux-x86-64.so.2+0xaa42ed)
    #18 0x000000a16baa  (/usr/lib/ld-linux-x86-64.so.2+0xa16baa)
    #19 0x000000b25488  (/usr/lib/ld-linux-x86-64.so.2+0xb25488)
    #20 0x0000004d2185  (/usr/lib/ld-linux-x86-64.so.2+0x4d2185)
    #21 0x7f8a9bc77253  (/usr/lib/libc.so.6+0x26253)
    #22 0x7f8a9bc77305 in __libc_start_main (/usr/lib/libc.so.6+0x26305)

Indirect leak of 1252 byte(s) in 226 object(s) allocated from:
    #0 0x7f8a9cc197cf in malloc ../../../../src/libsanitizer/lsan/lsan_interceptors.cpp:74
    #1 0x7f8a9bd06e39 in strdup (/usr/lib/libc.so.6+0xb5e39)
    #2 0x7f8a9c1f3b04  (/usr/lib/libudev.so.1+0x12b04)
    #3 0x7f8a9c1f4b70  (/usr/lib/libudev.so.1+0x13b70)
    #4 0x7f8a9c1eb1d0  (/usr/lib/libudev.so.1+0xa1d0)
    #5 0x7f8a9c1eceb4  (/usr/lib/libudev.so.1+0xbeb4)
    #6 0x7f8a9c1ed23b  (/usr/lib/libudev.so.1+0xc23b)
    #7 0x7f8a9c1ed39b  (/usr/lib/libudev.so.1+0xc39b)
    #8 0x7f8a9c1ed724  (/usr/lib/libudev.so.1+0xc724)
    #9 0x000000abc668  (/usr/lib/ld-linux-x86-64.so.2+0xabc668)
    #10 0x000000abcf3c  (/usr/lib/ld-linux-x86-64.so.2+0xabcf3c)
    #11 0x000000acb2d8  (/usr/lib/ld-linux-x86-64.so.2+0xacb2d8)
    #12 0x000000b1f3e2  (/usr/lib/ld-linux-x86-64.so.2+0xb1f3e2)
    #13 0x000000515317  (/usr/lib/ld-linux-x86-64.so.2+0x515317)
    #14 0x000000a17dce  (/usr/lib/ld-linux-x86-64.so.2+0xa17dce)
    #15 0x000000a187ad  (/usr/lib/ld-linux-x86-64.so.2+0xa187ad)
    #16 0x000000b34d98  (/usr/lib/ld-linux-x86-64.so.2+0xb34d98)
    #17 0x000000aa42ed  (/usr/lib/ld-linux-x86-64.so.2+0xaa42ed)
    #18 0x000000a16baa  (/usr/lib/ld-linux-x86-64.so.2+0xa16baa)
    #19 0x000000b25488  (/usr/lib/ld-linux-x86-64.so.2+0xb25488)
    #20 0x0000004d2185  (/usr/lib/ld-linux-x86-64.so.2+0x4d2185)
    #21 0x7f8a9bc77253  (/usr/lib/libc.so.6+0x26253)
    #22 0x7f8a9bc77305 in __libc_start_main (/usr/lib/libc.so.6+0x26305)

Indirect leak of 1248 byte(s) in 14 object(s) allocated from:
    #0 0x7f8a9cc16ad9 in realloc ../../../../src/libsanitizer/lsan/lsan_interceptors.cpp:128
    #1 0x7f8a9c20d0c2  (/usr/lib/libudev.so.1+0x2c0c2)
    #2 0x7f8a9c1fc11f  (/usr/lib/libudev.so.1+0x1b11f)
    #3 0x7f8a9c1fda90  (/usr/lib/libudev.so.1+0x1ca90)
    #4 0x7f8a9c1f2313  (/usr/lib/libudev.so.1+0x11313)
    #5 0x7f8a9c1f2b32  (/usr/lib/libudev.so.1+0x11b32)
    #6 0x7f8a9c1ecddb  (/usr/lib/libudev.so.1+0xbddb)
    #7 0x7f8a9c1ed23b  (/usr/lib/libudev.so.1+0xc23b)
    #8 0x7f8a9c1ed39b  (/usr/lib/libudev.so.1+0xc39b)
    #9 0x7f8a9c1ed724  (/usr/lib/libudev.so.1+0xc724)
    #10 0x000000abc668  (/usr/lib/ld-linux-x86-64.so.2+0xabc668)
    #11 0x000000abcf3c  (/usr/lib/ld-linux-x86-64.so.2+0xabcf3c)
    #12 0x000000acb1d9  (/usr/lib/ld-linux-x86-64.so.2+0xacb1d9)
    #13 0x0000004d1454  (/usr/lib/ld-linux-x86-64.so.2+0x4d1454)
    #14 0x7f8a9bc77253  (/usr/lib/libc.so.6+0x26253)
    #15 0x7f8a9bc77305 in __libc_start_main (/usr/lib/libc.so.6+0x26305)
    #16 0x0000004f9b70  (/usr/lib/ld-linux-x86-64.so.2+0x4f9b70)

Indirect leak of 1248 byte(s) in 14 object(s) allocated from:
    #0 0x7f8a9cc16ad9 in realloc ../../../../src/libsanitizer/lsan/lsan_interceptors.cpp:128
    #1 0x7f8a9c20d0c2  (/usr/lib/libudev.so.1+0x2c0c2)
    #2 0x7f8a9c1fc11f  (/usr/lib/libudev.so.1+0x1b11f)
    #3 0x7f8a9c1fda90  (/usr/lib/libudev.so.1+0x1ca90)
    #4 0x7f8a9c1f2313  (/usr/lib/libudev.so.1+0x11313)
    #5 0x7f8a9c1f2b32  (/usr/lib/libudev.so.1+0x11b32)
    #6 0x7f8a9c1ecddb  (/usr/lib/libudev.so.1+0xbddb)
    #7 0x7f8a9c1ed23b  (/usr/lib/libudev.so.1+0xc23b)
    #8 0x7f8a9c1ed39b  (/usr/lib/libudev.so.1+0xc39b)
    #9 0x7f8a9c1ed724  (/usr/lib/libudev.so.1+0xc724)
    #10 0x000000abc668  (/usr/lib/ld-linux-x86-64.so.2+0xabc668)
    #11 0x000000abcf3c  (/usr/lib/ld-linux-x86-64.so.2+0xabcf3c)
    #12 0x000000acb3b9  (/usr/lib/ld-linux-x86-64.so.2+0xacb3b9)
    #13 0x0000004d1454  (/usr/lib/ld-linux-x86-64.so.2+0x4d1454)
    #14 0x7f8a9bc77253  (/usr/lib/libc.so.6+0x26253)
    #15 0x7f8a9bc77305 in __libc_start_main (/usr/lib/libc.so.6+0x26305)
    #16 0x0000004f9b70  (/usr/lib/ld-linux-x86-64.so.2+0x4f9b70)

Indirect leak of 1248 byte(s) in 14 object(s) allocated from:
    #0 0x7f8a9cc16ad9 in realloc ../../../../src/libsanitizer/lsan/lsan_interceptors.cpp:128
    #1 0x7f8a9c20d0c2  (/usr/lib/libudev.so.1+0x2c0c2)
    #2 0x7f8a9c1fc11f  (/usr/lib/libudev.so.1+0x1b11f)
    #3 0x7f8a9c1fda90  (/usr/lib/libudev.so.1+0x1ca90)
    #4 0x7f8a9c1f2313  (/usr/lib/libudev.so.1+0x11313)
    #5 0x7f8a9c1f2b32  (/usr/lib/libudev.so.1+0x11b32)
    #6 0x7f8a9c1ecddb  (/usr/lib/libudev.so.1+0xbddb)
    #7 0x7f8a9c1ed23b  (/usr/lib/libudev.so.1+0xc23b)
    #8 0x7f8a9c1ed39b  (/usr/lib/libudev.so.1+0xc39b)
    #9 0x7f8a9c1ed724  (/usr/lib/libudev.so.1+0xc724)
    #10 0x000000abc668  (/usr/lib/ld-linux-x86-64.so.2+0xabc668)
    #11 0x000000abcf3c  (/usr/lib/ld-linux-x86-64.so.2+0xabcf3c)
    #12 0x000000acb2d8  (/usr/lib/ld-linux-x86-64.so.2+0xacb2d8)
    #13 0x0000004d1454  (/usr/lib/ld-linux-x86-64.so.2+0x4d1454)
    #14 0x7f8a9bc77253  (/usr/lib/libc.so.6+0x26253)
    #15 0x7f8a9bc77305 in __libc_start_main (/usr/lib/libc.so.6+0x26305)
    #16 0x0000004f9b70  (/usr/lib/ld-linux-x86-64.so.2+0x4f9b70)

Indirect leak of 1207 byte(s) in 28 object(s) allocated from:
    #0 0x7f8a9cc197cf in malloc ../../../../src/libsanitizer/lsan/lsan_interceptors.cpp:74
    #1 0x7f8a9bd06e39 in strdup (/usr/lib/libc.so.6+0xb5e39)
    #2 0x7f8a9c1f208c  (/usr/lib/libudev.so.1+0x1108c)
    #3 0x7f8a9c1f24e3  (/usr/lib/libudev.so.1+0x114e3)
    #4 0x7f8a9c1f2b32  (/usr/lib/libudev.so.1+0x11b32)
    #5 0x7f8a9c1f39f2  (/usr/lib/libudev.so.1+0x129f2)
    #6 0x7f8a9c1ece98  (/usr/lib/libudev.so.1+0xbe98)
    #7 0x7f8a9c1ed23b  (/usr/lib/libudev.so.1+0xc23b)
    #8 0x7f8a9c1ed39b  (/usr/lib/libudev.so.1+0xc39b)
    #9 0x7f8a9c1ed724  (/usr/lib/libudev.so.1+0xc724)
    #10 0x000000abc668  (/usr/lib/ld-linux-x86-64.so.2+0xabc668)
    #11 0x000000abcf3c  (/usr/lib/ld-linux-x86-64.so.2+0xabcf3c)
    #12 0x000000acb1d9  (/usr/lib/ld-linux-x86-64.so.2+0xacb1d9)
    #13 0x0000004d1454  (/usr/lib/ld-linux-x86-64.so.2+0x4d1454)
    #14 0x7f8a9bc77253  (/usr/lib/libc.so.6+0x26253)
    #15 0x7f8a9bc77305 in __libc_start_main (/usr/lib/libc.so.6+0x26305)
    #16 0x0000004f9b70  (/usr/lib/ld-linux-x86-64.so.2+0x4f9b70)

Indirect leak of 1207 byte(s) in 28 object(s) allocated from:
    #0 0x7f8a9cc197cf in malloc ../../../../src/libsanitizer/lsan/lsan_interceptors.cpp:74
    #1 0x7f8a9bd06e39 in strdup (/usr/lib/libc.so.6+0xb5e39)
    #2 0x7f8a9c1f208c  (/usr/lib/libudev.so.1+0x1108c)
    #3 0x7f8a9c1f24e3  (/usr/lib/libudev.so.1+0x114e3)
    #4 0x7f8a9c1f2b32  (/usr/lib/libudev.so.1+0x11b32)
    #5 0x7f8a9c1f39f2  (/usr/lib/libudev.so.1+0x129f2)
    #6 0x7f8a9c1ece98  (/usr/lib/libudev.so.1+0xbe98)
    #7 0x7f8a9c1ed23b  (/usr/lib/libudev.so.1+0xc23b)
    #8 0x7f8a9c1ed39b  (/usr/lib/libudev.so.1+0xc39b)
    #9 0x7f8a9c1ed724  (/usr/lib/libudev.so.1+0xc724)
    #10 0x000000abc668  (/usr/lib/ld-linux-x86-64.so.2+0xabc668)
    #11 0x000000abcf3c  (/usr/lib/ld-linux-x86-64.so.2+0xabcf3c)
    #12 0x000000acb3b9  (/usr/lib/ld-linux-x86-64.so.2+0xacb3b9)
    #13 0x0000004d1454  (/usr/lib/ld-linux-x86-64.so.2+0x4d1454)
    #14 0x7f8a9bc77253  (/usr/lib/libc.so.6+0x26253)
    #15 0x7f8a9bc77305 in __libc_start_main (/usr/lib/libc.so.6+0x26305)
    #16 0x0000004f9b70  (/usr/lib/ld-linux-x86-64.so.2+0x4f9b70)

Indirect leak of 1207 byte(s) in 28 object(s) allocated from:
    #0 0x7f8a9cc197cf in malloc ../../../../src/libsanitizer/lsan/lsan_interceptors.cpp:74
    #1 0x7f8a9bd06e39 in strdup (/usr/lib/libc.so.6+0xb5e39)
    #2 0x7f8a9c1f208c  (/usr/lib/libudev.so.1+0x1108c)
    #3 0x7f8a9c1f24e3  (/usr/lib/libudev.so.1+0x114e3)
    #4 0x7f8a9c1f2b32  (/usr/lib/libudev.so.1+0x11b32)
    #5 0x7f8a9c1f39f2  (/usr/lib/libudev.so.1+0x129f2)
    #6 0x7f8a9c1ece98  (/usr/lib/libudev.so.1+0xbe98)
    #7 0x7f8a9c1ed23b  (/usr/lib/libudev.so.1+0xc23b)
    #8 0x7f8a9c1ed39b  (/usr/lib/libudev.so.1+0xc39b)
    #9 0x7f8a9c1ed724  (/usr/lib/libudev.so.1+0xc724)
    #10 0x000000abc668  (/usr/lib/ld-linux-x86-64.so.2+0xabc668)
    #11 0x000000abcf3c  (/usr/lib/ld-linux-x86-64.so.2+0xabcf3c)
    #12 0x000000acb2d8  (/usr/lib/ld-linux-x86-64.so.2+0xacb2d8)
    #13 0x0000004d1454  (/usr/lib/ld-linux-x86-64.so.2+0x4d1454)
    #14 0x7f8a9bc77253  (/usr/lib/libc.so.6+0x26253)
    #15 0x7f8a9bc77305 in __libc_start_main (/usr/lib/libc.so.6+0x26305)
    #16 0x0000004f9b70  (/usr/lib/ld-linux-x86-64.so.2+0x4f9b70)

Indirect leak of 1120 byte(s) in 140 object(s) allocated from:
    #0 0x7f8a9cc197cf in malloc ../../../../src/libsanitizer/lsan/lsan_interceptors.cpp:74
    #1 0x7f8a9bd06e39 in strdup (/usr/lib/libc.so.6+0xb5e39)
    #2 0x7f8a9c1f2077  (/usr/lib/libudev.so.1+0x11077)
    #3 0x7f8a9c1f24e3  (/usr/lib/libudev.so.1+0x114e3)
    #4 0x7f8a9c1f2b32  (/usr/lib/libudev.so.1+0x11b32)
    #5 0x7f8a9c1ecddb  (/usr/lib/libudev.so.1+0xbddb)
    #6 0x7f8a9c1ed23b  (/usr/lib/libudev.so.1+0xc23b)
    #7 0x7f8a9c1ed39b  (/usr/lib/libudev.so.1+0xc39b)
    #8 0x7f8a9c1ed724  (/usr/lib/libudev.so.1+0xc724)
    #9 0x000000abc668  (/usr/lib/ld-linux-x86-64.so.2+0xabc668)
    #10 0x000000abcf3c  (/usr/lib/ld-linux-x86-64.so.2+0xabcf3c)
    #11 0x000000acb2d8  (/usr/lib/ld-linux-x86-64.so.2+0xacb2d8)
    #12 0x000000b1f3e2  (/usr/lib/ld-linux-x86-64.so.2+0xb1f3e2)
    #13 0x000000515317  (/usr/lib/ld-linux-x86-64.so.2+0x515317)
    #14 0x000000a17dce  (/usr/lib/ld-linux-x86-64.so.2+0xa17dce)
    #15 0x000000a187ad  (/usr/lib/ld-linux-x86-64.so.2+0xa187ad)
    #16 0x000000b34d98  (/usr/lib/ld-linux-x86-64.so.2+0xb34d98)
    #17 0x000000aa42ed  (/usr/lib/ld-linux-x86-64.so.2+0xaa42ed)
    #18 0x000000a16baa  (/usr/lib/ld-linux-x86-64.so.2+0xa16baa)
    #19 0x000000b25488  (/usr/lib/ld-linux-x86-64.so.2+0xb25488)
    #20 0x0000004d2185  (/usr/lib/ld-linux-x86-64.so.2+0x4d2185)
    #21 0x7f8a9bc77253  (/usr/lib/libc.so.6+0x26253)
    #22 0x7f8a9bc77305 in __libc_start_main (/usr/lib/libc.so.6+0x26305)

Indirect leak of 1120 byte(s) in 10 object(s) allocated from:
    #0 0x7f8a9cc197cf in malloc ../../../../src/libsanitizer/lsan/lsan_interceptors.cpp:74
    #1 0x7f8a9c1eb978  (/usr/lib/libudev.so.1+0xa978)
    #2 0x7f8a9c1ed9bb  (/usr/lib/libudev.so.1+0xc9bb)
    #3 0x7f8a9c1e960d in udev_enumerate_get_list_entry (/usr/lib/libudev.so.1+0x860d)
    #4 0x000000abc670  (/usr/lib/ld-linux-x86-64.so.2+0xabc670)
    #5 0x000000abcf3c  (/usr/lib/ld-linux-x86-64.so.2+0xabcf3c)
    #6 0x000000acb3b9  (/usr/lib/ld-linux-x86-64.so.2+0xacb3b9)
    #7 0x000000b1f3e2  (/usr/lib/ld-linux-x86-64.so.2+0xb1f3e2)
    #8 0x000000515317  (/usr/lib/ld-linux-x86-64.so.2+0x515317)
    #9 0x000000a17dce  (/usr/lib/ld-linux-x86-64.so.2+0xa17dce)
    #10 0x000000a187ad  (/usr/lib/ld-linux-x86-64.so.2+0xa187ad)
    #11 0x000000b34d98  (/usr/lib/ld-linux-x86-64.so.2+0xb34d98)
    #12 0x000000aa42ed  (/usr/lib/ld-linux-x86-64.so.2+0xaa42ed)
    #13 0x000000a16baa  (/usr/lib/ld-linux-x86-64.so.2+0xa16baa)
    #14 0x000000b25488  (/usr/lib/ld-linux-x86-64.so.2+0xb25488)
    #15 0x0000004d2185  (/usr/lib/ld-linux-x86-64.so.2+0x4d2185)
    #16 0x7f8a9bc77253  (/usr/lib/libc.so.6+0x26253)
    #17 0x7f8a9bc77305 in __libc_start_main (/usr/lib/libc.so.6+0x26305)
    #18 0x0000004f9b70  (/usr/lib/ld-linux-x86-64.so.2+0x4f9b70)

Indirect leak of 1120 byte(s) in 10 object(s) allocated from:
    #0 0x7f8a9cc197cf in malloc ../../../../src/libsanitizer/lsan/lsan_interceptors.cpp:74
    #1 0x7f8a9c1eb978  (/usr/lib/libudev.so.1+0xa978)
    #2 0x7f8a9c1ed9bb  (/usr/lib/libudev.so.1+0xc9bb)
    #3 0x7f8a9c1e960d in udev_enumerate_get_list_entry (/usr/lib/libudev.so.1+0x860d)
    #4 0x000000abc670  (/usr/lib/ld-linux-x86-64.so.2+0xabc670)
    #5 0x000000abcf3c  (/usr/lib/ld-linux-x86-64.so.2+0xabcf3c)
    #6 0x000000acb2d8  (/usr/lib/ld-linux-x86-64.so.2+0xacb2d8)
    #7 0x000000b1f3e2  (/usr/lib/ld-linux-x86-64.so.2+0xb1f3e2)
    #8 0x000000515317  (/usr/lib/ld-linux-x86-64.so.2+0x515317)
    #9 0x000000a17dce  (/usr/lib/ld-linux-x86-64.so.2+0xa17dce)
    #10 0x000000a187ad  (/usr/lib/ld-linux-x86-64.so.2+0xa187ad)
    #11 0x000000b34d98  (/usr/lib/ld-linux-x86-64.so.2+0xb34d98)
    #12 0x000000aa42ed  (/usr/lib/ld-linux-x86-64.so.2+0xaa42ed)
    #13 0x000000a16baa  (/usr/lib/ld-linux-x86-64.so.2+0xa16baa)
    #14 0x000000b25488  (/usr/lib/ld-linux-x86-64.so.2+0xb25488)
    #15 0x0000004d2185  (/usr/lib/ld-linux-x86-64.so.2+0x4d2185)
    #16 0x7f8a9bc77253  (/usr/lib/libc.so.6+0x26253)
    #17 0x7f8a9bc77305 in __libc_start_main (/usr/lib/libc.so.6+0x26305)
    #18 0x0000004f9b70  (/usr/lib/ld-linux-x86-64.so.2+0x4f9b70)

Indirect leak of 1120 byte(s) in 10 object(s) allocated from:
    #0 0x7f8a9cc197cf in malloc ../../../../src/libsanitizer/lsan/lsan_interceptors.cpp:74
    #1 0x7f8a9c1eb978  (/usr/lib/libudev.so.1+0xa978)
    #2 0x7f8a9c1ed9bb  (/usr/lib/libudev.so.1+0xc9bb)
    #3 0x7f8a9c1e960d in udev_enumerate_get_list_entry (/usr/lib/libudev.so.1+0x860d)
    #4 0x000000abc670  (/usr/lib/ld-linux-x86-64.so.2+0xabc670)
    #5 0x000000abcf3c  (/usr/lib/ld-linux-x86-64.so.2+0xabcf3c)
    #6 0x000000acb1d9  (/usr/lib/ld-linux-x86-64.so.2+0xacb1d9)
    #7 0x000000b1f3e2  (/usr/lib/ld-linux-x86-64.so.2+0xb1f3e2)
    #8 0x000000515317  (/usr/lib/ld-linux-x86-64.so.2+0x515317)
    #9 0x000000a17dce  (/usr/lib/ld-linux-x86-64.so.2+0xa17dce)
    #10 0x000000a187ad  (/usr/lib/ld-linux-x86-64.so.2+0xa187ad)
    #11 0x000000b34d98  (/usr/lib/ld-linux-x86-64.so.2+0xb34d98)
    #12 0x000000aa42ed  (/usr/lib/ld-linux-x86-64.so.2+0xaa42ed)
    #13 0x000000a16baa  (/usr/lib/ld-linux-x86-64.so.2+0xa16baa)
    #14 0x000000b25488  (/usr/lib/ld-linux-x86-64.so.2+0xb25488)
    #15 0x0000004d2185  (/usr/lib/ld-linux-x86-64.so.2+0x4d2185)
    #16 0x7f8a9bc77253  (/usr/lib/libc.so.6+0x26253)
    #17 0x7f8a9bc77305 in __libc_start_main (/usr/lib/libc.so.6+0x26305)
    #18 0x0000004f9b70  (/usr/lib/ld-linux-x86-64.so.2+0x4f9b70)

Indirect leak of 1120 byte(s) in 140 object(s) allocated from:
    #0 0x7f8a9cc197cf in malloc ../../../../src/libsanitizer/lsan/lsan_interceptors.cpp:74
    #1 0x7f8a9bd06e39 in strdup (/usr/lib/libc.so.6+0xb5e39)
    #2 0x7f8a9c1f2077  (/usr/lib/libudev.so.1+0x11077)
    #3 0x7f8a9c1f24e3  (/usr/lib/libudev.so.1+0x114e3)
    #4 0x7f8a9c1f2b32  (/usr/lib/libudev.so.1+0x11b32)
    #5 0x7f8a9c1ecddb  (/usr/lib/libudev.so.1+0xbddb)
    #6 0x7f8a9c1ed23b  (/usr/lib/libudev.so.1+0xc23b)
    #7 0x7f8a9c1ed39b  (/usr/lib/libudev.so.1+0xc39b)
    #8 0x7f8a9c1ed724  (/usr/lib/libudev.so.1+0xc724)
    #9 0x000000abc668  (/usr/lib/ld-linux-x86-64.so.2+0xabc668)
    #10 0x000000abcf3c  (/usr/lib/ld-linux-x86-64.so.2+0xabcf3c)
    #11 0x000000acb1d9  (/usr/lib/ld-linux-x86-64.so.2+0xacb1d9)
    #12 0x000000b1f3e2  (/usr/lib/ld-linux-x86-64.so.2+0xb1f3e2)
    #13 0x000000515317  (/usr/lib/ld-linux-x86-64.so.2+0x515317)
    #14 0x000000a17dce  (/usr/lib/ld-linux-x86-64.so.2+0xa17dce)
    #15 0x000000a187ad  (/usr/lib/ld-linux-x86-64.so.2+0xa187ad)
    #16 0x000000b34d98  (/usr/lib/ld-linux-x86-64.so.2+0xb34d98)
    #17 0x000000aa42ed  (/usr/lib/ld-linux-x86-64.so.2+0xaa42ed)
    #18 0x000000a16baa  (/usr/lib/ld-linux-x86-64.so.2+0xa16baa)
    #19 0x000000b25488  (/usr/lib/ld-linux-x86-64.so.2+0xb25488)
    #20 0x0000004d2185  (/usr/lib/ld-linux-x86-64.so.2+0x4d2185)
    #21 0x7f8a9bc77253  (/usr/lib/libc.so.6+0x26253)
    #22 0x7f8a9bc77305 in __libc_start_main (/usr/lib/libc.so.6+0x26305)

Indirect leak of 1112 byte(s) in 139 object(s) allocated from:
    #0 0x7f8a9cc197cf in malloc ../../../../src/libsanitizer/lsan/lsan_interceptors.cpp:74
    #1 0x7f8a9bd06e39 in strdup (/usr/lib/libc.so.6+0xb5e39)
    #2 0x7f8a9c1f2077  (/usr/lib/libudev.so.1+0x11077)
    #3 0x7f8a9c1f24e3  (/usr/lib/libudev.so.1+0x114e3)
    #4 0x7f8a9c1f2b32  (/usr/lib/libudev.so.1+0x11b32)
    #5 0x7f8a9c1ecddb  (/usr/lib/libudev.so.1+0xbddb)
    #6 0x7f8a9c1ed23b  (/usr/lib/libudev.so.1+0xc23b)
    #7 0x7f8a9c1ed39b  (/usr/lib/libudev.so.1+0xc39b)
    #8 0x7f8a9c1ed724  (/usr/lib/libudev.so.1+0xc724)
    #9 0x000000abc668  (/usr/lib/ld-linux-x86-64.so.2+0xabc668)
    #10 0x000000abcf3c  (/usr/lib/ld-linux-x86-64.so.2+0xabcf3c)
    #11 0x000000acb3b9  (/usr/lib/ld-linux-x86-64.so.2+0xacb3b9)
    #12 0x000000b1f3e2  (/usr/lib/ld-linux-x86-64.so.2+0xb1f3e2)
    #13 0x000000515317  (/usr/lib/ld-linux-x86-64.so.2+0x515317)
    #14 0x000000a17dce  (/usr/lib/ld-linux-x86-64.so.2+0xa17dce)
    #15 0x000000a187ad  (/usr/lib/ld-linux-x86-64.so.2+0xa187ad)
    #16 0x000000b34d98  (/usr/lib/ld-linux-x86-64.so.2+0xb34d98)
    #17 0x000000aa42ed  (/usr/lib/ld-linux-x86-64.so.2+0xaa42ed)
    #18 0x000000a16baa  (/usr/lib/ld-linux-x86-64.so.2+0xa16baa)
    #19 0x000000b25488  (/usr/lib/ld-linux-x86-64.so.2+0xb25488)
    #20 0x0000004d2185  (/usr/lib/ld-linux-x86-64.so.2+0x4d2185)
    #21 0x7f8a9bc77253  (/usr/lib/libc.so.6+0x26253)
    #22 0x7f8a9bc77305 in __libc_start_main (/usr/lib/libc.so.6+0x26305)

Indirect leak of 941 byte(s) in 14 object(s) allocated from:
    #0 0x7f8a9cc197cf in malloc ../../../../src/libsanitizer/lsan/lsan_interceptors.cpp:74
    #1 0x7f8a9bd06e39 in strdup (/usr/lib/libc.so.6+0xb5e39)
    #2 0x7f8a9c1ea09a  (/usr/lib/libudev.so.1+0x909a)
    #3 0x7f8a9c1e962e in udev_enumerate_get_list_entry (/usr/lib/libudev.so.1+0x862e)
    #4 0x000000abc670  (/usr/lib/ld-linux-x86-64.so.2+0xabc670)
    #5 0x000000abcf3c  (/usr/lib/ld-linux-x86-64.so.2+0xabcf3c)
    #6 0x000000acb3b9  (/usr/lib/ld-linux-x86-64.so.2+0xacb3b9)
    #7 0x0000004d1454  (/usr/lib/ld-linux-x86-64.so.2+0x4d1454)
    #8 0x7f8a9bc77253  (/usr/lib/libc.so.6+0x26253)
    #9 0x7f8a9bc77305 in __libc_start_main (/usr/lib/libc.so.6+0x26305)
    #10 0x0000004f9b70  (/usr/lib/ld-linux-x86-64.so.2+0x4f9b70)

Indirect leak of 941 byte(s) in 14 object(s) allocated from:
    #0 0x7f8a9cc197cf in malloc ../../../../src/libsanitizer/lsan/lsan_interceptors.cpp:74
    #1 0x7f8a9bd06e39 in strdup (/usr/lib/libc.so.6+0xb5e39)
    #2 0x7f8a9c1ea09a  (/usr/lib/libudev.so.1+0x909a)
    #3 0x7f8a9c1e962e in udev_enumerate_get_list_entry (/usr/lib/libudev.so.1+0x862e)
    #4 0x000000abc670  (/usr/lib/ld-linux-x86-64.so.2+0xabc670)
    #5 0x000000abcf3c  (/usr/lib/ld-linux-x86-64.so.2+0xabcf3c)
    #6 0x000000acb2d8  (/usr/lib/ld-linux-x86-64.so.2+0xacb2d8)
    #7 0x0000004d1454  (/usr/lib/ld-linux-x86-64.so.2+0x4d1454)
    #8 0x7f8a9bc77253  (/usr/lib/libc.so.6+0x26253)
    #9 0x7f8a9bc77305 in __libc_start_main (/usr/lib/libc.so.6+0x26305)
    #10 0x0000004f9b70  (/usr/lib/ld-linux-x86-64.so.2+0x4f9b70)

Indirect leak of 896 byte(s) in 14 object(s) allocated from:
    #0 0x7f8a9cc19336 in calloc ../../../../src/libsanitizer/lsan/lsan_interceptors.cpp:120
    #1 0x7f8a9c202f93  (/usr/lib/libudev.so.1+0x21f93)
    #2 0x7f8a9c2053d0  (/usr/lib/libudev.so.1+0x243d0)
    #3 0x7f8a9c1f206b  (/usr/lib/libudev.so.1+0x1106b)
    #4 0x7f8a9c1f24e3  (/usr/lib/libudev.so.1+0x114e3)
    #5 0x7f8a9c1f2b32  (/usr/lib/libudev.so.1+0x11b32)
    #6 0x7f8a9c1ecddb  (/usr/lib/libudev.so.1+0xbddb)
    #7 0x7f8a9c1ed23b  (/usr/lib/libudev.so.1+0xc23b)
    #8 0x7f8a9c1ed39b  (/usr/lib/libudev.so.1+0xc39b)
    #9 0x7f8a9c1ed724  (/usr/lib/libudev.so.1+0xc724)
    #10 0x000000abc668  (/usr/lib/ld-linux-x86-64.so.2+0xabc668)
    #11 0x000000abcf3c  (/usr/lib/ld-linux-x86-64.so.2+0xabcf3c)
    #12 0x000000acb3b9  (/usr/lib/ld-linux-x86-64.so.2+0xacb3b9)
    #13 0x0000004d1454  (/usr/lib/ld-linux-x86-64.so.2+0x4d1454)
    #14 0x7f8a9bc77253  (/usr/lib/libc.so.6+0x26253)
    #15 0x7f8a9bc77305 in __libc_start_main (/usr/lib/libc.so.6+0x26305)
    #16 0x0000004f9b70  (/usr/lib/ld-linux-x86-64.so.2+0x4f9b70)

Indirect leak of 896 byte(s) in 14 object(s) allocated from:
    #0 0x7f8a9cc19336 in calloc ../../../../src/libsanitizer/lsan/lsan_interceptors.cpp:120
    #1 0x7f8a9c202f93  (/usr/lib/libudev.so.1+0x21f93)
    #2 0x7f8a9c2053d0  (/usr/lib/libudev.so.1+0x243d0)
    #3 0x7f8a9c1f206b  (/usr/lib/libudev.so.1+0x1106b)
    #4 0x7f8a9c1f24e3  (/usr/lib/libudev.so.1+0x114e3)
    #5 0x7f8a9c1f2b32  (/usr/lib/libudev.so.1+0x11b32)
    #6 0x7f8a9c1ecddb  (/usr/lib/libudev.so.1+0xbddb)
    #7 0x7f8a9c1ed23b  (/usr/lib/libudev.so.1+0xc23b)
    #8 0x7f8a9c1ed39b  (/usr/lib/libudev.so.1+0xc39b)
    #9 0x7f8a9c1ed724  (/usr/lib/libudev.so.1+0xc724)
    #10 0x000000abc668  (/usr/lib/ld-linux-x86-64.so.2+0xabc668)
    #11 0x000000abcf3c  (/usr/lib/ld-linux-x86-64.so.2+0xabcf3c)
    #12 0x000000acb2d8  (/usr/lib/ld-linux-x86-64.so.2+0xacb2d8)
    #13 0x0000004d1454  (/usr/lib/ld-linux-x86-64.so.2+0x4d1454)
    #14 0x7f8a9bc77253  (/usr/lib/libc.so.6+0x26253)
    #15 0x7f8a9bc77305 in __libc_start_main (/usr/lib/libc.so.6+0x26305)
    #16 0x0000004f9b70  (/usr/lib/ld-linux-x86-64.so.2+0x4f9b70)

Indirect leak of 896 byte(s) in 14 object(s) allocated from:
    #0 0x7f8a9cc19336 in calloc ../../../../src/libsanitizer/lsan/lsan_interceptors.cpp:120
    #1 0x7f8a9c202f93  (/usr/lib/libudev.so.1+0x21f93)
    #2 0x7f8a9c2053d0  (/usr/lib/libudev.so.1+0x243d0)
    #3 0x7f8a9c1f206b  (/usr/lib/libudev.so.1+0x1106b)
    #4 0x7f8a9c1f24e3  (/usr/lib/libudev.so.1+0x114e3)
    #5 0x7f8a9c1f2b32  (/usr/lib/libudev.so.1+0x11b32)
    #6 0x7f8a9c1ecddb  (/usr/lib/libudev.so.1+0xbddb)
    #7 0x7f8a9c1ed23b  (/usr/lib/libudev.so.1+0xc23b)
    #8 0x7f8a9c1ed39b  (/usr/lib/libudev.so.1+0xc39b)
    #9 0x7f8a9c1ed724  (/usr/lib/libudev.so.1+0xc724)
    #10 0x000000abc668  (/usr/lib/ld-linux-x86-64.so.2+0xabc668)
    #11 0x000000abcf3c  (/usr/lib/ld-linux-x86-64.so.2+0xabcf3c)
    #12 0x000000acb1d9  (/usr/lib/ld-linux-x86-64.so.2+0xacb1d9)
    #13 0x0000004d1454  (/usr/lib/ld-linux-x86-64.so.2+0x4d1454)
    #14 0x7f8a9bc77253  (/usr/lib/libc.so.6+0x26253)
    #15 0x7f8a9bc77305 in __libc_start_main (/usr/lib/libc.so.6+0x26305)
    #16 0x0000004f9b70  (/usr/lib/ld-linux-x86-64.so.2+0x4f9b70)

Indirect leak of 885 byte(s) in 14 object(s) allocated from:
    #0 0x7f8a9cc197cf in malloc ../../../../src/libsanitizer/lsan/lsan_interceptors.cpp:74
    #1 0x7f8a9bd06e39 in strdup (/usr/lib/libc.so.6+0xb5e39)
    #2 0x7f8a9c1f208c  (/usr/lib/libudev.so.1+0x1108c)
    #3 0x7f8a9c1f24e3  (/usr/lib/libudev.so.1+0x114e3)
    #4 0x7f8a9c1f2b32  (/usr/lib/libudev.so.1+0x11b32)
    #5 0x7f8a9c1ecddb  (/usr/lib/libudev.so.1+0xbddb)
    #6 0x7f8a9c1ed23b  (/usr/lib/libudev.so.1+0xc23b)
    #7 0x7f8a9c1ed39b  (/usr/lib/libudev.so.1+0xc39b)
    #8 0x7f8a9c1ed724  (/usr/lib/libudev.so.1+0xc724)
    #9 0x000000abc668  (/usr/lib/ld-linux-x86-64.so.2+0xabc668)
    #10 0x000000abcf3c  (/usr/lib/ld-linux-x86-64.so.2+0xabcf3c)
    #11 0x000000acb1d9  (/usr/lib/ld-linux-x86-64.so.2+0xacb1d9)
    #12 0x0000004d1454  (/usr/lib/ld-linux-x86-64.so.2+0x4d1454)
    #13 0x7f8a9bc77253  (/usr/lib/libc.so.6+0x26253)
    #14 0x7f8a9bc77305 in __libc_start_main (/usr/lib/libc.so.6+0x26305)
    #15 0x0000004f9b70  (/usr/lib/ld-linux-x86-64.so.2+0x4f9b70)

Indirect leak of 885 byte(s) in 14 object(s) allocated from:
    #0 0x7f8a9cc197cf in malloc ../../../../src/libsanitizer/lsan/lsan_interceptors.cpp:74
    #1 0x7f8a9bd06e39 in strdup (/usr/lib/libc.so.6+0xb5e39)
    #2 0x7f8a9c1f208c  (/usr/lib/libudev.so.1+0x1108c)
    #3 0x7f8a9c1f24e3  (/usr/lib/libudev.so.1+0x114e3)
    #4 0x7f8a9c1f2b32  (/usr/lib/libudev.so.1+0x11b32)
    #5 0x7f8a9c1ecddb  (/usr/lib/libudev.so.1+0xbddb)
    #6 0x7f8a9c1ed23b  (/usr/lib/libudev.so.1+0xc23b)
    #7 0x7f8a9c1ed39b  (/usr/lib/libudev.so.1+0xc39b)
    #8 0x7f8a9c1ed724  (/usr/lib/libudev.so.1+0xc724)
    #9 0x000000abc668  (/usr/lib/ld-linux-x86-64.so.2+0xabc668)
    #10 0x000000abcf3c  (/usr/lib/ld-linux-x86-64.so.2+0xabcf3c)
    #11 0x000000acb2d8  (/usr/lib/ld-linux-x86-64.so.2+0xacb2d8)
    #12 0x0000004d1454  (/usr/lib/ld-linux-x86-64.so.2+0x4d1454)
    #13 0x7f8a9bc77253  (/usr/lib/libc.so.6+0x26253)
    #14 0x7f8a9bc77305 in __libc_start_main (/usr/lib/libc.so.6+0x26305)
    #15 0x0000004f9b70  (/usr/lib/ld-linux-x86-64.so.2+0x4f9b70)

Indirect leak of 885 byte(s) in 14 object(s) allocated from:
    #0 0x7f8a9cc197cf in malloc ../../../../src/libsanitizer/lsan/lsan_interceptors.cpp:74
    #1 0x7f8a9bd06e39 in strdup (/usr/lib/libc.so.6+0xb5e39)
    #2 0x7f8a9c1f208c  (/usr/lib/libudev.so.1+0x1108c)
    #3 0x7f8a9c1f24e3  (/usr/lib/libudev.so.1+0x114e3)
    #4 0x7f8a9c1f2b32  (/usr/lib/libudev.so.1+0x11b32)
    #5 0x7f8a9c1ecddb  (/usr/lib/libudev.so.1+0xbddb)
    #6 0x7f8a9c1ed23b  (/usr/lib/libudev.so.1+0xc23b)
    #7 0x7f8a9c1ed39b  (/usr/lib/libudev.so.1+0xc39b)
    #8 0x7f8a9c1ed724  (/usr/lib/libudev.so.1+0xc724)
    #9 0x000000abc668  (/usr/lib/ld-linux-x86-64.so.2+0xabc668)
    #10 0x000000abcf3c  (/usr/lib/ld-linux-x86-64.so.2+0xabcf3c)
    #11 0x000000acb3b9  (/usr/lib/ld-linux-x86-64.so.2+0xacb3b9)
    #12 0x0000004d1454  (/usr/lib/ld-linux-x86-64.so.2+0x4d1454)
    #13 0x7f8a9bc77253  (/usr/lib/libc.so.6+0x26253)
    #14 0x7f8a9bc77305 in __libc_start_main (/usr/lib/libc.so.6+0x26305)
    #15 0x0000004f9b70  (/usr/lib/ld-linux-x86-64.so.2+0x4f9b70)

Indirect leak of 847 byte(s) in 13 object(s) allocated from:
    #0 0x7f8a9cc197cf in malloc ../../../../src/libsanitizer/lsan/lsan_interceptors.cpp:74
    #1 0x7f8a9bd06e39 in strdup (/usr/lib/libc.so.6+0xb5e39)
    #2 0x7f8a9c1ea09a  (/usr/lib/libudev.so.1+0x909a)
    #3 0x7f8a9c1e962e in udev_enumerate_get_list_entry (/usr/lib/libudev.so.1+0x862e)
    #4 0x000000abc670  (/usr/lib/ld-linux-x86-64.so.2+0xabc670)
    #5 0x000000abcf3c  (/usr/lib/ld-linux-x86-64.so.2+0xabcf3c)
    #6 0x000000acb1d9  (/usr/lib/ld-linux-x86-64.so.2+0xacb1d9)
    #7 0x0000004d1454  (/usr/lib/ld-linux-x86-64.so.2+0x4d1454)
    #8 0x7f8a9bc77253  (/usr/lib/libc.so.6+0x26253)
    #9 0x7f8a9bc77305 in __libc_start_main (/usr/lib/libc.so.6+0x26305)
    #10 0x0000004f9b70  (/usr/lib/ld-linux-x86-64.so.2+0x4f9b70)

Indirect leak of 840 byte(s) in 140 object(s) allocated from:
    #0 0x7f8a9cc197cf in malloc ../../../../src/libsanitizer/lsan/lsan_interceptors.cpp:74
    #1 0x7f8a9bd06e39 in strdup (/usr/lib/libc.so.6+0xb5e39)
    #2 0x7f8a9c1f3b04  (/usr/lib/libudev.so.1+0x12b04)
    #3 0x7f8a9c1f4b70  (/usr/lib/libudev.so.1+0x13b70)
    #4 0x7f8a9c1eb1d0  (/usr/lib/libudev.so.1+0xa1d0)
    #5 0x7f8a9c1ece00  (/usr/lib/libudev.so.1+0xbe00)
    #6 0x7f8a9c1ed23b  (/usr/lib/libudev.so.1+0xc23b)
    #7 0x7f8a9c1ed39b  (/usr/lib/libudev.so.1+0xc39b)
    #8 0x7f8a9c1ed724  (/usr/lib/libudev.so.1+0xc724)
    #9 0x000000abc668  (/usr/lib/ld-linux-x86-64.so.2+0xabc668)
    #10 0x000000abcf3c  (/usr/lib/ld-linux-x86-64.so.2+0xabcf3c)
    #11 0x000000acb3b9  (/usr/lib/ld-linux-x86-64.so.2+0xacb3b9)
    #12 0x000000b1f3e2  (/usr/lib/ld-linux-x86-64.so.2+0xb1f3e2)
    #13 0x000000515317  (/usr/lib/ld-linux-x86-64.so.2+0x515317)
    #14 0x000000a17dce  (/usr/lib/ld-linux-x86-64.so.2+0xa17dce)
    #15 0x000000a187ad  (/usr/lib/ld-linux-x86-64.so.2+0xa187ad)
    #16 0x000000b34d98  (/usr/lib/ld-linux-x86-64.so.2+0xb34d98)
    #17 0x000000aa42ed  (/usr/lib/ld-linux-x86-64.so.2+0xaa42ed)
    #18 0x000000a16baa  (/usr/lib/ld-linux-x86-64.so.2+0xa16baa)
    #19 0x000000b25488  (/usr/lib/ld-linux-x86-64.so.2+0xb25488)
    #20 0x0000004d2185  (/usr/lib/ld-linux-x86-64.so.2+0x4d2185)
    #21 0x7f8a9bc77253  (/usr/lib/libc.so.6+0x26253)
    #22 0x7f8a9bc77305 in __libc_start_main (/usr/lib/libc.so.6+0x26305)

Indirect leak of 840 byte(s) in 140 object(s) allocated from:
    #0 0x7f8a9cc197cf in malloc ../../../../src/libsanitizer/lsan/lsan_interceptors.cpp:74
    #1 0x7f8a9bd06e39 in strdup (/usr/lib/libc.so.6+0xb5e39)
    #2 0x7f8a9c1f208c  (/usr/lib/libudev.so.1+0x1108c)
    #3 0x7f8a9c1f3b20  (/usr/lib/libudev.so.1+0x12b20)
    #4 0x7f8a9c1f4b70  (/usr/lib/libudev.so.1+0x13b70)
    #5 0x7f8a9c1eb1d0  (/usr/lib/libudev.so.1+0xa1d0)
    #6 0x7f8a9c1ece00  (/usr/lib/libudev.so.1+0xbe00)
    #7 0x7f8a9c1ed23b  (/usr/lib/libudev.so.1+0xc23b)
    #8 0x7f8a9c1ed39b  (/usr/lib/libudev.so.1+0xc39b)
    #9 0x7f8a9c1ed724  (/usr/lib/libudev.so.1+0xc724)
    #10 0x000000abc668  (/usr/lib/ld-linux-x86-64.so.2+0xabc668)
    #11 0x000000abcf3c  (/usr/lib/ld-linux-x86-64.so.2+0xabcf3c)
    #12 0x000000acb3b9  (/usr/lib/ld-linux-x86-64.so.2+0xacb3b9)
    #13 0x000000b1f3e2  (/usr/lib/ld-linux-x86-64.so.2+0xb1f3e2)
    #14 0x000000515317  (/usr/lib/ld-linux-x86-64.so.2+0x515317)
    #15 0x000000a17dce  (/usr/lib/ld-linux-x86-64.so.2+0xa17dce)
    #16 0x000000a187ad  (/usr/lib/ld-linux-x86-64.so.2+0xa187ad)
    #17 0x000000b34d98  (/usr/lib/ld-linux-x86-64.so.2+0xb34d98)
    #18 0x000000aa42ed  (/usr/lib/ld-linux-x86-64.so.2+0xaa42ed)
    #19 0x000000a16baa  (/usr/lib/ld-linux-x86-64.so.2+0xa16baa)
    #20 0x000000b25488  (/usr/lib/ld-linux-x86-64.so.2+0xb25488)
    #21 0x0000004d2185  (/usr/lib/ld-linux-x86-64.so.2+0x4d2185)
    #22 0x7f8a9bc77253  (/usr/lib/libc.so.6+0x26253)

Indirect leak of 840 byte(s) in 140 object(s) allocated from:
    #0 0x7f8a9cc197cf in malloc ../../../../src/libsanitizer/lsan/lsan_interceptors.cpp:74
    #1 0x7f8a9bd06e39 in strdup (/usr/lib/libc.so.6+0xb5e39)
    #2 0x7f8a9c1f208c  (/usr/lib/libudev.so.1+0x1108c)
    #3 0x7f8a9c1f3b20  (/usr/lib/libudev.so.1+0x12b20)
    #4 0x7f8a9c1f4b70  (/usr/lib/libudev.so.1+0x13b70)
    #5 0x7f8a9c1eb1d0  (/usr/lib/libudev.so.1+0xa1d0)
    #6 0x7f8a9c1ece00  (/usr/lib/libudev.so.1+0xbe00)
    #7 0x7f8a9c1ed23b  (/usr/lib/libudev.so.1+0xc23b)
    #8 0x7f8a9c1ed39b  (/usr/lib/libudev.so.1+0xc39b)
    #9 0x7f8a9c1ed724  (/usr/lib/libudev.so.1+0xc724)
    #10 0x000000abc668  (/usr/lib/ld-linux-x86-64.so.2+0xabc668)
    #11 0x000000abcf3c  (/usr/lib/ld-linux-x86-64.so.2+0xabcf3c)
    #12 0x000000acb1d9  (/usr/lib/ld-linux-x86-64.so.2+0xacb1d9)
    #13 0x000000b1f3e2  (/usr/lib/ld-linux-x86-64.so.2+0xb1f3e2)
    #14 0x000000515317  (/usr/lib/ld-linux-x86-64.so.2+0x515317)
    #15 0x000000a17dce  (/usr/lib/ld-linux-x86-64.so.2+0xa17dce)
    #16 0x000000a187ad  (/usr/lib/ld-linux-x86-64.so.2+0xa187ad)
    #17 0x000000b34d98  (/usr/lib/ld-linux-x86-64.so.2+0xb34d98)
    #18 0x000000aa42ed  (/usr/lib/ld-linux-x86-64.so.2+0xaa42ed)
    #19 0x000000a16baa  (/usr/lib/ld-linux-x86-64.so.2+0xa16baa)
    #20 0x000000b25488  (/usr/lib/ld-linux-x86-64.so.2+0xb25488)
    #21 0x0000004d2185  (/usr/lib/ld-linux-x86-64.so.2+0x4d2185)
    #22 0x7f8a9bc77253  (/usr/lib/libc.so.6+0x26253)

Indirect leak of 834 byte(s) in 139 object(s) allocated from:
    #0 0x7f8a9cc197cf in malloc ../../../../src/libsanitizer/lsan/lsan_interceptors.cpp:74
    #1 0x7f8a9bd06e39 in strdup (/usr/lib/libc.so.6+0xb5e39)
    #2 0x7f8a9c1f3b04  (/usr/lib/libudev.so.1+0x12b04)
    #3 0x7f8a9c1f4b70  (/usr/lib/libudev.so.1+0x13b70)
    #4 0x7f8a9c1eb1d0  (/usr/lib/libudev.so.1+0xa1d0)
    #5 0x7f8a9c1ece00  (/usr/lib/libudev.so.1+0xbe00)
    #6 0x7f8a9c1ed23b  (/usr/lib/libudev.so.1+0xc23b)
    #7 0x7f8a9c1ed39b  (/usr/lib/libudev.so.1+0xc39b)
    #8 0x7f8a9c1ed724  (/usr/lib/libudev.so.1+0xc724)
    #9 0x000000abc668  (/usr/lib/ld-linux-x86-64.so.2+0xabc668)
    #10 0x000000abcf3c  (/usr/lib/ld-linux-x86-64.so.2+0xabcf3c)
    #11 0x000000acb2d8  (/usr/lib/ld-linux-x86-64.so.2+0xacb2d8)
    #12 0x000000b1f3e2  (/usr/lib/ld-linux-x86-64.so.2+0xb1f3e2)
    #13 0x000000515317  (/usr/lib/ld-linux-x86-64.so.2+0x515317)
    #14 0x000000a17dce  (/usr/lib/ld-linux-x86-64.so.2+0xa17dce)
    #15 0x000000a187ad  (/usr/lib/ld-linux-x86-64.so.2+0xa187ad)
    #16 0x000000b34d98  (/usr/lib/ld-linux-x86-64.so.2+0xb34d98)
    #17 0x000000aa42ed  (/usr/lib/ld-linux-x86-64.so.2+0xaa42ed)
    #18 0x000000a16baa  (/usr/lib/ld-linux-x86-64.so.2+0xa16baa)
    #19 0x000000b25488  (/usr/lib/ld-linux-x86-64.so.2+0xb25488)
    #20 0x0000004d2185  (/usr/lib/ld-linux-x86-64.so.2+0x4d2185)
    #21 0x7f8a9bc77253  (/usr/lib/libc.so.6+0x26253)
    #22 0x7f8a9bc77305 in __libc_start_main (/usr/lib/libc.so.6+0x26305)

Indirect leak of 834 byte(s) in 139 object(s) allocated from:
    #0 0x7f8a9cc197cf in malloc ../../../../src/libsanitizer/lsan/lsan_interceptors.cpp:74
    #1 0x7f8a9bd06e39 in strdup (/usr/lib/libc.so.6+0xb5e39)
    #2 0x7f8a9c1f3b04  (/usr/lib/libudev.so.1+0x12b04)
    #3 0x7f8a9c1f4b70  (/usr/lib/libudev.so.1+0x13b70)
    #4 0x7f8a9c1eb1d0  (/usr/lib/libudev.so.1+0xa1d0)
    #5 0x7f8a9c1ece00  (/usr/lib/libudev.so.1+0xbe00)
    #6 0x7f8a9c1ed23b  (/usr/lib/libudev.so.1+0xc23b)
    #7 0x7f8a9c1ed39b  (/usr/lib/libudev.so.1+0xc39b)
    #8 0x7f8a9c1ed724  (/usr/lib/libudev.so.1+0xc724)
    #9 0x000000abc668  (/usr/lib/ld-linux-x86-64.so.2+0xabc668)
    #10 0x000000abcf3c  (/usr/lib/ld-linux-x86-64.so.2+0xabcf3c)
    #11 0x000000acb1d9  (/usr/lib/ld-linux-x86-64.so.2+0xacb1d9)
    #12 0x000000b1f3e2  (/usr/lib/ld-linux-x86-64.so.2+0xb1f3e2)
    #13 0x000000515317  (/usr/lib/ld-linux-x86-64.so.2+0x515317)
    #14 0x000000a17dce  (/usr/lib/ld-linux-x86-64.so.2+0xa17dce)
    #15 0x000000a187ad  (/usr/lib/ld-linux-x86-64.so.2+0xa187ad)
    #16 0x000000b34d98  (/usr/lib/ld-linux-x86-64.so.2+0xb34d98)
    #17 0x000000aa42ed  (/usr/lib/ld-linux-x86-64.so.2+0xaa42ed)
    #18 0x000000a16baa  (/usr/lib/ld-linux-x86-64.so.2+0xa16baa)
    #19 0x000000b25488  (/usr/lib/ld-linux-x86-64.so.2+0xb25488)
    #20 0x0000004d2185  (/usr/lib/ld-linux-x86-64.so.2+0x4d2185)
    #21 0x7f8a9bc77253  (/usr/lib/libc.so.6+0x26253)
    #22 0x7f8a9bc77305 in __libc_start_main (/usr/lib/libc.so.6+0x26305)

Indirect leak of 828 byte(s) in 138 object(s) allocated from:
    #0 0x7f8a9cc197cf in malloc ../../../../src/libsanitizer/lsan/lsan_interceptors.cpp:74
    #1 0x7f8a9bd06e39 in strdup (/usr/lib/libc.so.6+0xb5e39)
    #2 0x7f8a9c1f208c  (/usr/lib/libudev.so.1+0x1108c)
    #3 0x7f8a9c1f3b20  (/usr/lib/libudev.so.1+0x12b20)
    #4 0x7f8a9c1f4b70  (/usr/lib/libudev.so.1+0x13b70)
    #5 0x7f8a9c1eb1d0  (/usr/lib/libudev.so.1+0xa1d0)
    #6 0x7f8a9c1ece00  (/usr/lib/libudev.so.1+0xbe00)
    #7 0x7f8a9c1ed23b  (/usr/lib/libudev.so.1+0xc23b)
    #8 0x7f8a9c1ed39b  (/usr/lib/libudev.so.1+0xc39b)
    #9 0x7f8a9c1ed724  (/usr/lib/libudev.so.1+0xc724)
    #10 0x000000abc668  (/usr/lib/ld-linux-x86-64.so.2+0xabc668)
    #11 0x000000abcf3c  (/usr/lib/ld-linux-x86-64.so.2+0xabcf3c)
    #12 0x000000acb2d8  (/usr/lib/ld-linux-x86-64.so.2+0xacb2d8)
    #13 0x000000b1f3e2  (/usr/lib/ld-linux-x86-64.so.2+0xb1f3e2)
    #14 0x000000515317  (/usr/lib/ld-linux-x86-64.so.2+0x515317)
    #15 0x000000a17dce  (/usr/lib/ld-linux-x86-64.so.2+0xa17dce)
    #16 0x000000a187ad  (/usr/lib/ld-linux-x86-64.so.2+0xa187ad)
    #17 0x000000b34d98  (/usr/lib/ld-linux-x86-64.so.2+0xb34d98)
    #18 0x000000aa42ed  (/usr/lib/ld-linux-x86-64.so.2+0xaa42ed)
    #19 0x000000a16baa  (/usr/lib/ld-linux-x86-64.so.2+0xa16baa)
    #20 0x000000b25488  (/usr/lib/ld-linux-x86-64.so.2+0xb25488)
    #21 0x0000004d2185  (/usr/lib/ld-linux-x86-64.so.2+0x4d2185)
    #22 0x7f8a9bc77253  (/usr/lib/libc.so.6+0x26253)

Indirect leak of 560 byte(s) in 10 object(s) allocated from:
    #0 0x7f8a9cc19336 in calloc ../../../../src/libsanitizer/lsan/lsan_interceptors.cpp:120
    #1 0x7f8a9c202f93  (/usr/lib/libudev.so.1+0x21f93)
    #2 0x7f8a9c205440  (/usr/lib/libudev.so.1+0x24440)
    #3 0x7f8a9c2068f8  (/usr/lib/libudev.so.1+0x258f8)
    #4 0x7f8a9c1ebfb9  (/usr/lib/libudev.so.1+0xafb9)
    #5 0x7f8a9c1e9723 in udev_enumerate_add_match_subsystem (/usr/lib/libudev.so.1+0x8723)
    #6 0x000000acec81  (/usr/lib/ld-linux-x86-64.so.2+0xacec81)
    #7 0x000000aced82  (/usr/lib/ld-linux-x86-64.so.2+0xaced82)
    #8 0x000000acb59d  (/usr/lib/ld-linux-x86-64.so.2+0xacb59d)
    #9 0x000000b1f3e2  (/usr/lib/ld-linux-x86-64.so.2+0xb1f3e2)
    #10 0x000000515317  (/usr/lib/ld-linux-x86-64.so.2+0x515317)
    #11 0x000000a17dce  (/usr/lib/ld-linux-x86-64.so.2+0xa17dce)
    #12 0x000000a187ad  (/usr/lib/ld-linux-x86-64.so.2+0xa187ad)
    #13 0x000000b34d98  (/usr/lib/ld-linux-x86-64.so.2+0xb34d98)
    #14 0x000000aa42ed  (/usr/lib/ld-linux-x86-64.so.2+0xaa42ed)
    #15 0x000000a16baa  (/usr/lib/ld-linux-x86-64.so.2+0xa16baa)
    #16 0x000000b25488  (/usr/lib/ld-linux-x86-64.so.2+0xb25488)
    #17 0x0000004d2185  (/usr/lib/ld-linux-x86-64.so.2+0x4d2185)
    #18 0x7f8a9bc77253  (/usr/lib/libc.so.6+0x26253)
    #19 0x7f8a9bc77305 in __libc_start_main (/usr/lib/libc.so.6+0x26305)
    #20 0x0000004f9b70  (/usr/lib/ld-linux-x86-64.so.2+0x4f9b70)

Indirect leak of 560 byte(s) in 10 object(s) allocated from:
    #0 0x7f8a9cc19336 in calloc ../../../../src/libsanitizer/lsan/lsan_interceptors.cpp:120
    #1 0x7f8a9c202f93  (/usr/lib/libudev.so.1+0x21f93)
    #2 0x7f8a9c20535d  (/usr/lib/libudev.so.1+0x2435d)
    #3 0x7f8a9c20561a  (/usr/lib/libudev.so.1+0x2461a)
    #4 0x7f8a9c1ec539  (/usr/lib/libudev.so.1+0xb539)
    #5 0x7f8a9c1ece72  (/usr/lib/libudev.so.1+0xbe72)
    #6 0x7f8a9c1ed23b  (/usr/lib/libudev.so.1+0xc23b)
    #7 0x7f8a9c1ed39b  (/usr/lib/libudev.so.1+0xc39b)
    #8 0x7f8a9c1ed724  (/usr/lib/libudev.so.1+0xc724)
    #9 0x000000abc668  (/usr/lib/ld-linux-x86-64.so.2+0xabc668)
    #10 0x000000abcf3c  (/usr/lib/ld-linux-x86-64.so.2+0xabcf3c)
    #11 0x000000acb2d8  (/usr/lib/ld-linux-x86-64.so.2+0xacb2d8)
    #12 0x000000b1f3e2  (/usr/lib/ld-linux-x86-64.so.2+0xb1f3e2)
    #13 0x000000515317  (/usr/lib/ld-linux-x86-64.so.2+0x515317)
    #14 0x000000a17dce  (/usr/lib/ld-linux-x86-64.so.2+0xa17dce)
    #15 0x000000a187ad  (/usr/lib/ld-linux-x86-64.so.2+0xa187ad)
    #16 0x000000b34d98  (/usr/lib/ld-linux-x86-64.so.2+0xb34d98)
    #17 0x000000aa42ed  (/usr/lib/ld-linux-x86-64.so.2+0xaa42ed)
    #18 0x000000a16baa  (/usr/lib/ld-linux-x86-64.so.2+0xa16baa)
    #19 0x000000b25488  (/usr/lib/ld-linux-x86-64.so.2+0xb25488)
    #20 0x0000004d2185  (/usr/lib/ld-linux-x86-64.so.2+0x4d2185)
    #21 0x7f8a9bc77253  (/usr/lib/libc.so.6+0x26253)
    #22 0x7f8a9bc77305 in __libc_start_main (/usr/lib/libc.so.6+0x26305)

Indirect leak of 560 byte(s) in 10 object(s) allocated from:
    #0 0x7f8a9cc19336 in calloc ../../../../src/libsanitizer/lsan/lsan_interceptors.cpp:120
    #1 0x7f8a9c202f93  (/usr/lib/libudev.so.1+0x21f93)
    #2 0x7f8a9c20535d  (/usr/lib/libudev.so.1+0x2435d)
    #3 0x7f8a9c20561a  (/usr/lib/libudev.so.1+0x2461a)
    #4 0x7f8a9c1edba0  (/usr/lib/libudev.so.1+0xcba0)
    #5 0x7f8a9c1ec0f0  (/usr/lib/libudev.so.1+0xb0f0)
    #6 0x7f8a9c1e98de in udev_enumerate_add_match_property (/usr/lib/libudev.so.1+0x88de)
    #7 0x000000abcbaf  (/usr/lib/ld-linux-x86-64.so.2+0xabcbaf)
    #8 0x000000abcf11  (/usr/lib/ld-linux-x86-64.so.2+0xabcf11)
    #9 0x000000acb3b9  (/usr/lib/ld-linux-x86-64.so.2+0xacb3b9)
    #10 0x000000b1f3e2  (/usr/lib/ld-linux-x86-64.so.2+0xb1f3e2)
    #11 0x000000515317  (/usr/lib/ld-linux-x86-64.so.2+0x515317)
    #12 0x000000a17dce  (/usr/lib/ld-linux-x86-64.so.2+0xa17dce)
    #13 0x000000a187ad  (/usr/lib/ld-linux-x86-64.so.2+0xa187ad)
    #14 0x000000b34d98  (/usr/lib/ld-linux-x86-64.so.2+0xb34d98)
    #15 0x000000aa42ed  (/usr/lib/ld-linux-x86-64.so.2+0xaa42ed)
    #16 0x000000a16baa  (/usr/lib/ld-linux-x86-64.so.2+0xa16baa)
    #17 0x000000b25488  (/usr/lib/ld-linux-x86-64.so.2+0xb25488)
    #18 0x0000004d2185  (/usr/lib/ld-linux-x86-64.so.2+0x4d2185)
    #19 0x7f8a9bc77253  (/usr/lib/libc.so.6+0x26253)
    #20 0x7f8a9bc77305 in __libc_start_main (/usr/lib/libc.so.6+0x26305)
    #21 0x0000004f9b70  (/usr/lib/ld-linux-x86-64.so.2+0x4f9b70)

Indirect leak of 560 byte(s) in 10 object(s) allocated from:
    #0 0x7f8a9cc19336 in calloc ../../../../src/libsanitizer/lsan/lsan_interceptors.cpp:120
    #1 0x7f8a9c202f93  (/usr/lib/libudev.so.1+0x21f93)
    #2 0x7f8a9c20535d  (/usr/lib/libudev.so.1+0x2435d)
    #3 0x7f8a9c20561a  (/usr/lib/libudev.so.1+0x2461a)
    #4 0x7f8a9c1edba0  (/usr/lib/libudev.so.1+0xcba0)
    #5 0x7f8a9c1ec0f0  (/usr/lib/libudev.so.1+0xb0f0)
    #6 0x7f8a9c1e98de in udev_enumerate_add_match_property (/usr/lib/libudev.so.1+0x88de)
    #7 0x000000acec74  (/usr/lib/ld-linux-x86-64.so.2+0xacec74)
    #8 0x000000aced82  (/usr/lib/ld-linux-x86-64.so.2+0xaced82)
    #9 0x000000acb59d  (/usr/lib/ld-linux-x86-64.so.2+0xacb59d)
    #10 0x000000b1f3e2  (/usr/lib/ld-linux-x86-64.so.2+0xb1f3e2)
    #11 0x000000515317  (/usr/lib/ld-linux-x86-64.so.2+0x515317)
    #12 0x000000a17dce  (/usr/lib/ld-linux-x86-64.so.2+0xa17dce)
    #13 0x000000a187ad  (/usr/lib/ld-linux-x86-64.so.2+0xa187ad)
    #14 0x000000b34d98  (/usr/lib/ld-linux-x86-64.so.2+0xb34d98)
    #15 0x000000aa42ed  (/usr/lib/ld-linux-x86-64.so.2+0xaa42ed)
    #16 0x000000a16baa  (/usr/lib/ld-linux-x86-64.so.2+0xa16baa)
    #17 0x000000b25488  (/usr/lib/ld-linux-x86-64.so.2+0xb25488)
    #18 0x0000004d2185  (/usr/lib/ld-linux-x86-64.so.2+0x4d2185)
    #19 0x7f8a9bc77253  (/usr/lib/libc.so.6+0x26253)
    #20 0x7f8a9bc77305 in __libc_start_main (/usr/lib/libc.so.6+0x26305)
    #21 0x0000004f9b70  (/usr/lib/ld-linux-x86-64.so.2+0x4f9b70)

Indirect leak of 560 byte(s) in 10 object(s) allocated from:
    #0 0x7f8a9cc19336 in calloc ../../../../src/libsanitizer/lsan/lsan_interceptors.cpp:120
    #1 0x7f8a9c202f93  (/usr/lib/libudev.so.1+0x21f93)
    #2 0x7f8a9c205440  (/usr/lib/libudev.so.1+0x24440)
    #3 0x7f8a9c2068f8  (/usr/lib/libudev.so.1+0x258f8)
    #4 0x7f8a9c1ebfb9  (/usr/lib/libudev.so.1+0xafb9)
    #5 0x7f8a9c1e9723 in udev_enumerate_add_match_subsystem (/usr/lib/libudev.so.1+0x8723)
    #6 0x000000abc660  (/usr/lib/ld-linux-x86-64.so.2+0xabc660)
    #7 0x000000abcf3c  (/usr/lib/ld-linux-x86-64.so.2+0xabcf3c)
    #8 0x000000acb3b9  (/usr/lib/ld-linux-x86-64.so.2+0xacb3b9)
    #9 0x000000b1f3e2  (/usr/lib/ld-linux-x86-64.so.2+0xb1f3e2)
    #10 0x000000515317  (/usr/lib/ld-linux-x86-64.so.2+0x515317)
    #11 0x000000a17dce  (/usr/lib/ld-linux-x86-64.so.2+0xa17dce)
    #12 0x000000a187ad  (/usr/lib/ld-linux-x86-64.so.2+0xa187ad)
    #13 0x000000b34d98  (/usr/lib/ld-linux-x86-64.so.2+0xb34d98)
    #14 0x000000aa42ed  (/usr/lib/ld-linux-x86-64.so.2+0xaa42ed)
    #15 0x000000a16baa  (/usr/lib/ld-linux-x86-64.so.2+0xa16baa)
    #16 0x000000b25488  (/usr/lib/ld-linux-x86-64.so.2+0xb25488)
    #17 0x0000004d2185  (/usr/lib/ld-linux-x86-64.so.2+0x4d2185)
    #18 0x7f8a9bc77253  (/usr/lib/libc.so.6+0x26253)
    #19 0x7f8a9bc77305 in __libc_start_main (/usr/lib/libc.so.6+0x26305)
    #20 0x0000004f9b70  (/usr/lib/ld-linux-x86-64.so.2+0x4f9b70)

Indirect leak of 560 byte(s) in 10 object(s) allocated from:
    #0 0x7f8a9cc19336 in calloc ../../../../src/libsanitizer/lsan/lsan_interceptors.cpp:120
    #1 0x7f8a9c202f93  (/usr/lib/libudev.so.1+0x21f93)
    #2 0x7f8a9c205440  (/usr/lib/libudev.so.1+0x24440)
    #3 0x7f8a9c2068f8  (/usr/lib/libudev.so.1+0x258f8)
    #4 0x7f8a9c1ebfb9  (/usr/lib/libudev.so.1+0xafb9)
    #5 0x7f8a9c1e9723 in udev_enumerate_add_match_subsystem (/usr/lib/libudev.so.1+0x8723)
    #6 0x000000abcbbc  (/usr/lib/ld-linux-x86-64.so.2+0xabcbbc)
    #7 0x000000abcf11  (/usr/lib/ld-linux-x86-64.so.2+0xabcf11)
    #8 0x000000acb3b9  (/usr/lib/ld-linux-x86-64.so.2+0xacb3b9)
    #9 0x000000b1f3e2  (/usr/lib/ld-linux-x86-64.so.2+0xb1f3e2)
    #10 0x000000515317  (/usr/lib/ld-linux-x86-64.so.2+0x515317)
    #11 0x000000a17dce  (/usr/lib/ld-linux-x86-64.so.2+0xa17dce)
    #12 0x000000a187ad  (/usr/lib/ld-linux-x86-64.so.2+0xa187ad)
    #13 0x000000b34d98  (/usr/lib/ld-linux-x86-64.so.2+0xb34d98)
    #14 0x000000aa42ed  (/usr/lib/ld-linux-x86-64.so.2+0xaa42ed)
    #15 0x000000a16baa  (/usr/lib/ld-linux-x86-64.so.2+0xa16baa)
    #16 0x000000b25488  (/usr/lib/ld-linux-x86-64.so.2+0xb25488)
    #17 0x0000004d2185  (/usr/lib/ld-linux-x86-64.so.2+0x4d2185)
    #18 0x7f8a9bc77253  (/usr/lib/libc.so.6+0x26253)
    #19 0x7f8a9bc77305 in __libc_start_main (/usr/lib/libc.so.6+0x26305)
    #20 0x0000004f9b70  (/usr/lib/ld-linux-x86-64.so.2+0x4f9b70)

Indirect leak of 560 byte(s) in 10 object(s) allocated from:
    #0 0x7f8a9cc19336 in calloc ../../../../src/libsanitizer/lsan/lsan_interceptors.cpp:120
    #1 0x7f8a9c202f93  (/usr/lib/libudev.so.1+0x21f93)
    #2 0x7f8a9c20535d  (/usr/lib/libudev.so.1+0x2435d)
    #3 0x7f8a9c20561a  (/usr/lib/libudev.so.1+0x2461a)
    #4 0x7f8a9c1ec539  (/usr/lib/libudev.so.1+0xb539)
    #5 0x7f8a9c1ece72  (/usr/lib/libudev.so.1+0xbe72)
    #6 0x7f8a9c1ed23b  (/usr/lib/libudev.so.1+0xc23b)
    #7 0x7f8a9c1ed39b  (/usr/lib/libudev.so.1+0xc39b)
    #8 0x7f8a9c1ed724  (/usr/lib/libudev.so.1+0xc724)
    #9 0x000000abc668  (/usr/lib/ld-linux-x86-64.so.2+0xabc668)
    #10 0x000000abcf3c  (/usr/lib/ld-linux-x86-64.so.2+0xabcf3c)
    #11 0x000000acb3b9  (/usr/lib/ld-linux-x86-64.so.2+0xacb3b9)
    #12 0x000000b1f3e2  (/usr/lib/ld-linux-x86-64.so.2+0xb1f3e2)
    #13 0x000000515317  (/usr/lib/ld-linux-x86-64.so.2+0x515317)
    #14 0x000000a17dce  (/usr/lib/ld-linux-x86-64.so.2+0xa17dce)
    #15 0x000000a187ad  (/usr/lib/ld-linux-x86-64.so.2+0xa187ad)
    #16 0x000000b34d98  (/usr/lib/ld-linux-x86-64.so.2+0xb34d98)
    #17 0x000000aa42ed  (/usr/lib/ld-linux-x86-64.so.2+0xaa42ed)
    #18 0x000000a16baa  (/usr/lib/ld-linux-x86-64.so.2+0xa16baa)
    #19 0x000000b25488  (/usr/lib/ld-linux-x86-64.so.2+0xb25488)
    #20 0x0000004d2185  (/usr/lib/ld-linux-x86-64.so.2+0x4d2185)
    #21 0x7f8a9bc77253  (/usr/lib/libc.so.6+0x26253)
    #22 0x7f8a9bc77305 in __libc_start_main (/usr/lib/libc.so.6+0x26305)

Indirect leak of 560 byte(s) in 10 object(s) allocated from:
    #0 0x7f8a9cc19336 in calloc ../../../../src/libsanitizer/lsan/lsan_interceptors.cpp:120
    #1 0x7f8a9c202f93  (/usr/lib/libudev.so.1+0x21f93)
    #2 0x7f8a9c20535d  (/usr/lib/libudev.so.1+0x2435d)
    #3 0x7f8a9c20561a  (/usr/lib/libudev.so.1+0x2461a)
    #4 0x7f8a9c1edba0  (/usr/lib/libudev.so.1+0xcba0)
    #5 0x7f8a9c1ec0f0  (/usr/lib/libudev.so.1+0xb0f0)
    #6 0x7f8a9c1e98de in udev_enumerate_add_match_property (/usr/lib/libudev.so.1+0x88de)
    #7 0x000000abcbaf  (/usr/lib/ld-linux-x86-64.so.2+0xabcbaf)
    #8 0x000000abcf11  (/usr/lib/ld-linux-x86-64.so.2+0xabcf11)
    #9 0x000000acb2d8  (/usr/lib/ld-linux-x86-64.so.2+0xacb2d8)
    #10 0x000000b1f3e2  (/usr/lib/ld-linux-x86-64.so.2+0xb1f3e2)
    #11 0x000000515317  (/usr/lib/ld-linux-x86-64.so.2+0x515317)
    #12 0x000000a17dce  (/usr/lib/ld-linux-x86-64.so.2+0xa17dce)
    #13 0x000000a187ad  (/usr/lib/ld-linux-x86-64.so.2+0xa187ad)
    #14 0x000000b34d98  (/usr/lib/ld-linux-x86-64.so.2+0xb34d98)
    #15 0x000000aa42ed  (/usr/lib/ld-linux-x86-64.so.2+0xaa42ed)
    #16 0x000000a16baa  (/usr/lib/ld-linux-x86-64.so.2+0xa16baa)
    #17 0x000000b25488  (/usr/lib/ld-linux-x86-64.so.2+0xb25488)
    #18 0x0000004d2185  (/usr/lib/ld-linux-x86-64.so.2+0x4d2185)
    #19 0x7f8a9bc77253  (/usr/lib/libc.so.6+0x26253)
    #20 0x7f8a9bc77305 in __libc_start_main (/usr/lib/libc.so.6+0x26305)
    #21 0x0000004f9b70  (/usr/lib/ld-linux-x86-64.so.2+0x4f9b70)

Indirect leak of 560 byte(s) in 10 object(s) allocated from:
    #0 0x7f8a9cc19336 in calloc ../../../../src/libsanitizer/lsan/lsan_interceptors.cpp:120
    #1 0x7f8a9c202f93  (/usr/lib/libudev.so.1+0x21f93)
    #2 0x7f8a9c205440  (/usr/lib/libudev.so.1+0x24440)
    #3 0x7f8a9c2068f8  (/usr/lib/libudev.so.1+0x258f8)
    #4 0x7f8a9c1ebfb9  (/usr/lib/libudev.so.1+0xafb9)
    #5 0x7f8a9c1e9723 in udev_enumerate_add_match_subsystem (/usr/lib/libudev.so.1+0x8723)
    #6 0x000000abcbbc  (/usr/lib/ld-linux-x86-64.so.2+0xabcbbc)
    #7 0x000000abcf11  (/usr/lib/ld-linux-x86-64.so.2+0xabcf11)
    #8 0x000000acb2d8  (/usr/lib/ld-linux-x86-64.so.2+0xacb2d8)
    #9 0x000000b1f3e2  (/usr/lib/ld-linux-x86-64.so.2+0xb1f3e2)
    #10 0x000000515317  (/usr/lib/ld-linux-x86-64.so.2+0x515317)
    #11 0x000000a17dce  (/usr/lib/ld-linux-x86-64.so.2+0xa17dce)
    #12 0x000000a187ad  (/usr/lib/ld-linux-x86-64.so.2+0xa187ad)
    #13 0x000000b34d98  (/usr/lib/ld-linux-x86-64.so.2+0xb34d98)
    #14 0x000000aa42ed  (/usr/lib/ld-linux-x86-64.so.2+0xaa42ed)
    #15 0x000000a16baa  (/usr/lib/ld-linux-x86-64.so.2+0xa16baa)
    #16 0x000000b25488  (/usr/lib/ld-linux-x86-64.so.2+0xb25488)
    #17 0x0000004d2185  (/usr/lib/ld-linux-x86-64.so.2+0x4d2185)
    #18 0x7f8a9bc77253  (/usr/lib/libc.so.6+0x26253)
    #19 0x7f8a9bc77305 in __libc_start_main (/usr/lib/libc.so.6+0x26305)
    #20 0x0000004f9b70  (/usr/lib/ld-linux-x86-64.so.2+0x4f9b70)

Indirect leak of 560 byte(s) in 10 object(s) allocated from:
    #0 0x7f8a9cc19336 in calloc ../../../../src/libsanitizer/lsan/lsan_interceptors.cpp:120
    #1 0x7f8a9c202f93  (/usr/lib/libudev.so.1+0x21f93)
    #2 0x7f8a9c205440  (/usr/lib/libudev.so.1+0x24440)
    #3 0x7f8a9c2068f8  (/usr/lib/libudev.so.1+0x258f8)
    #4 0x7f8a9c1ebfb9  (/usr/lib/libudev.so.1+0xafb9)
    #5 0x7f8a9c1e9723 in udev_enumerate_add_match_subsystem (/usr/lib/libudev.so.1+0x8723)
    #6 0x000000abc660  (/usr/lib/ld-linux-x86-64.so.2+0xabc660)
    #7 0x000000abcf3c  (/usr/lib/ld-linux-x86-64.so.2+0xabcf3c)
    #8 0x000000acb2d8  (/usr/lib/ld-linux-x86-64.so.2+0xacb2d8)
    #9 0x000000b1f3e2  (/usr/lib/ld-linux-x86-64.so.2+0xb1f3e2)
    #10 0x000000515317  (/usr/lib/ld-linux-x86-64.so.2+0x515317)
    #11 0x000000a17dce  (/usr/lib/ld-linux-x86-64.so.2+0xa17dce)
    #12 0x000000a187ad  (/usr/lib/ld-linux-x86-64.so.2+0xa187ad)
    #13 0x000000b34d98  (/usr/lib/ld-linux-x86-64.so.2+0xb34d98)
    #14 0x000000aa42ed  (/usr/lib/ld-linux-x86-64.so.2+0xaa42ed)
    #15 0x000000a16baa  (/usr/lib/ld-linux-x86-64.so.2+0xa16baa)
    #16 0x000000b25488  (/usr/lib/ld-linux-x86-64.so.2+0xb25488)
    #17 0x0000004d2185  (/usr/lib/ld-linux-x86-64.so.2+0x4d2185)
    #18 0x7f8a9bc77253  (/usr/lib/libc.so.6+0x26253)
    #19 0x7f8a9bc77305 in __libc_start_main (/usr/lib/libc.so.6+0x26305)
    #20 0x0000004f9b70  (/usr/lib/ld-linux-x86-64.so.2+0x4f9b70)

Indirect leak of 560 byte(s) in 10 object(s) allocated from:
    #0 0x7f8a9cc19336 in calloc ../../../../src/libsanitizer/lsan/lsan_interceptors.cpp:120
    #1 0x7f8a9c202f93  (/usr/lib/libudev.so.1+0x21f93)
    #2 0x7f8a9c20535d  (/usr/lib/libudev.so.1+0x2435d)
    #3 0x7f8a9c20561a  (/usr/lib/libudev.so.1+0x2461a)
    #4 0x7f8a9c1edba0  (/usr/lib/libudev.so.1+0xcba0)
    #5 0x7f8a9c1ec0f0  (/usr/lib/libudev.so.1+0xb0f0)
    #6 0x7f8a9c1e98de in udev_enumerate_add_match_property (/usr/lib/libudev.so.1+0x88de)
    #7 0x000000abcbaf  (/usr/lib/ld-linux-x86-64.so.2+0xabcbaf)
    #8 0x000000abcf11  (/usr/lib/ld-linux-x86-64.so.2+0xabcf11)
    #9 0x000000acb1d9  (/usr/lib/ld-linux-x86-64.so.2+0xacb1d9)
    #10 0x000000b1f3e2  (/usr/lib/ld-linux-x86-64.so.2+0xb1f3e2)
    #11 0x000000515317  (/usr/lib/ld-linux-x86-64.so.2+0x515317)
    #12 0x000000a17dce  (/usr/lib/ld-linux-x86-64.so.2+0xa17dce)
    #13 0x000000a187ad  (/usr/lib/ld-linux-x86-64.so.2+0xa187ad)
    #14 0x000000b34d98  (/usr/lib/ld-linux-x86-64.so.2+0xb34d98)
    #15 0x000000aa42ed  (/usr/lib/ld-linux-x86-64.so.2+0xaa42ed)
    #16 0x000000a16baa  (/usr/lib/ld-linux-x86-64.so.2+0xa16baa)
    #17 0x000000b25488  (/usr/lib/ld-linux-x86-64.so.2+0xb25488)
    #18 0x0000004d2185  (/usr/lib/ld-linux-x86-64.so.2+0x4d2185)
    #19 0x7f8a9bc77253  (/usr/lib/libc.so.6+0x26253)
    #20 0x7f8a9bc77305 in __libc_start_main (/usr/lib/libc.so.6+0x26305)
    #21 0x0000004f9b70  (/usr/lib/ld-linux-x86-64.so.2+0x4f9b70)

Indirect leak of 560 byte(s) in 10 object(s) allocated from:
    #0 0x7f8a9cc19336 in calloc ../../../../src/libsanitizer/lsan/lsan_interceptors.cpp:120
    #1 0x7f8a9c202f93  (/usr/lib/libudev.so.1+0x21f93)
    #2 0x7f8a9c205440  (/usr/lib/libudev.so.1+0x24440)
    #3 0x7f8a9c2068f8  (/usr/lib/libudev.so.1+0x258f8)
    #4 0x7f8a9c1ebfb9  (/usr/lib/libudev.so.1+0xafb9)
    #5 0x7f8a9c1e9723 in udev_enumerate_add_match_subsystem (/usr/lib/libudev.so.1+0x8723)
    #6 0x000000abcbbc  (/usr/lib/ld-linux-x86-64.so.2+0xabcbbc)
    #7 0x000000abcf11  (/usr/lib/ld-linux-x86-64.so.2+0xabcf11)
    #8 0x000000acb1d9  (/usr/lib/ld-linux-x86-64.so.2+0xacb1d9)
    #9 0x000000b1f3e2  (/usr/lib/ld-linux-x86-64.so.2+0xb1f3e2)
    #10 0x000000515317  (/usr/lib/ld-linux-x86-64.so.2+0x515317)
    #11 0x000000a17dce  (/usr/lib/ld-linux-x86-64.so.2+0xa17dce)
    #12 0x000000a187ad  (/usr/lib/ld-linux-x86-64.so.2+0xa187ad)
    #13 0x000000b34d98  (/usr/lib/ld-linux-x86-64.so.2+0xb34d98)
    #14 0x000000aa42ed  (/usr/lib/ld-linux-x86-64.so.2+0xaa42ed)
    #15 0x000000a16baa  (/usr/lib/ld-linux-x86-64.so.2+0xa16baa)
    #16 0x000000b25488  (/usr/lib/ld-linux-x86-64.so.2+0xb25488)
    #17 0x0000004d2185  (/usr/lib/ld-linux-x86-64.so.2+0x4d2185)
    #18 0x7f8a9bc77253  (/usr/lib/libc.so.6+0x26253)
    #19 0x7f8a9bc77305 in __libc_start_main (/usr/lib/libc.so.6+0x26305)
    #20 0x0000004f9b70  (/usr/lib/ld-linux-x86-64.so.2+0x4f9b70)

Indirect leak of 560 byte(s) in 10 object(s) allocated from:
    #0 0x7f8a9cc19336 in calloc ../../../../src/libsanitizer/lsan/lsan_interceptors.cpp:120
    #1 0x7f8a9c202f93  (/usr/lib/libudev.so.1+0x21f93)
    #2 0x7f8a9c205440  (/usr/lib/libudev.so.1+0x24440)
    #3 0x7f8a9c2068f8  (/usr/lib/libudev.so.1+0x258f8)
    #4 0x7f8a9c1ebfb9  (/usr/lib/libudev.so.1+0xafb9)
    #5 0x7f8a9c1e9723 in udev_enumerate_add_match_subsystem (/usr/lib/libudev.so.1+0x8723)
    #6 0x000000abc660  (/usr/lib/ld-linux-x86-64.so.2+0xabc660)
    #7 0x000000abcf3c  (/usr/lib/ld-linux-x86-64.so.2+0xabcf3c)
    #8 0x000000acb1d9  (/usr/lib/ld-linux-x86-64.so.2+0xacb1d9)
    #9 0x000000b1f3e2  (/usr/lib/ld-linux-x86-64.so.2+0xb1f3e2)
    #10 0x000000515317  (/usr/lib/ld-linux-x86-64.so.2+0x515317)
    #11 0x000000a17dce  (/usr/lib/ld-linux-x86-64.so.2+0xa17dce)
    #12 0x000000a187ad  (/usr/lib/ld-linux-x86-64.so.2+0xa187ad)
    #13 0x000000b34d98  (/usr/lib/ld-linux-x86-64.so.2+0xb34d98)
    #14 0x000000aa42ed  (/usr/lib/ld-linux-x86-64.so.2+0xaa42ed)
    #15 0x000000a16baa  (/usr/lib/ld-linux-x86-64.so.2+0xa16baa)
    #16 0x000000b25488  (/usr/lib/ld-linux-x86-64.so.2+0xb25488)
    #17 0x0000004d2185  (/usr/lib/ld-linux-x86-64.so.2+0x4d2185)
    #18 0x7f8a9bc77253  (/usr/lib/libc.so.6+0x26253)
    #19 0x7f8a9bc77305 in __libc_start_main (/usr/lib/libc.so.6+0x26305)
    #20 0x0000004f9b70  (/usr/lib/ld-linux-x86-64.so.2+0x4f9b70)

Indirect leak of 560 byte(s) in 10 object(s) allocated from:
    #0 0x7f8a9cc19336 in calloc ../../../../src/libsanitizer/lsan/lsan_interceptors.cpp:120
    #1 0x7f8a9c202f93  (/usr/lib/libudev.so.1+0x21f93)
    #2 0x7f8a9c20535d  (/usr/lib/libudev.so.1+0x2435d)
    #3 0x7f8a9c20561a  (/usr/lib/libudev.so.1+0x2461a)
    #4 0x7f8a9c1ec539  (/usr/lib/libudev.so.1+0xb539)
    #5 0x7f8a9c1ece72  (/usr/lib/libudev.so.1+0xbe72)
    #6 0x7f8a9c1ed23b  (/usr/lib/libudev.so.1+0xc23b)
    #7 0x7f8a9c1ed39b  (/usr/lib/libudev.so.1+0xc39b)
    #8 0x7f8a9c1ed724  (/usr/lib/libudev.so.1+0xc724)
    #9 0x000000abc668  (/usr/lib/ld-linux-x86-64.so.2+0xabc668)
    #10 0x000000abcf3c  (/usr/lib/ld-linux-x86-64.so.2+0xabcf3c)
    #11 0x000000acb1d9  (/usr/lib/ld-linux-x86-64.so.2+0xacb1d9)
    #12 0x000000b1f3e2  (/usr/lib/ld-linux-x86-64.so.2+0xb1f3e2)
    #13 0x000000515317  (/usr/lib/ld-linux-x86-64.so.2+0x515317)
    #14 0x000000a17dce  (/usr/lib/ld-linux-x86-64.so.2+0xa17dce)
    #15 0x000000a187ad  (/usr/lib/ld-linux-x86-64.so.2+0xa187ad)
    #16 0x000000b34d98  (/usr/lib/ld-linux-x86-64.so.2+0xb34d98)
    #17 0x000000aa42ed  (/usr/lib/ld-linux-x86-64.so.2+0xaa42ed)
    #18 0x000000a16baa  (/usr/lib/ld-linux-x86-64.so.2+0xa16baa)
    #19 0x000000b25488  (/usr/lib/ld-linux-x86-64.so.2+0xb25488)
    #20 0x0000004d2185  (/usr/lib/ld-linux-x86-64.so.2+0x4d2185)
    #21 0x7f8a9bc77253  (/usr/lib/libc.so.6+0x26253)
    #22 0x7f8a9bc77305 in __libc_start_main (/usr/lib/libc.so.6+0x26305)

Indirect leak of 560 byte(s) in 14 object(s) allocated from:
    #0 0x7f8a9cc197cf in malloc ../../../../src/libsanitizer/lsan/lsan_interceptors.cpp:74
    #1 0x7f8a9c1ea0c9  (/usr/lib/libudev.so.1+0x90c9)
    #2 0x7f8a9c1e962e in udev_enumerate_get_list_entry (/usr/lib/libudev.so.1+0x862e)
    #3 0x000000abc670  (/usr/lib/ld-linux-x86-64.so.2+0xabc670)
    #4 0x000000abcf3c  (/usr/lib/ld-linux-x86-64.so.2+0xabcf3c)
    #5 0x000000acb3b9  (/usr/lib/ld-linux-x86-64.so.2+0xacb3b9)
    #6 0x0000004d1454  (/usr/lib/ld-linux-x86-64.so.2+0x4d1454)
    #7 0x7f8a9bc77253  (/usr/lib/libc.so.6+0x26253)
    #8 0x7f8a9bc77305 in __libc_start_main (/usr/lib/libc.so.6+0x26305)
    #9 0x0000004f9b70  (/usr/lib/ld-linux-x86-64.so.2+0x4f9b70)

Indirect leak of 560 byte(s) in 14 object(s) allocated from:
    #0 0x7f8a9cc197cf in malloc ../../../../src/libsanitizer/lsan/lsan_interceptors.cpp:74
    #1 0x7f8a9c1ea0c9  (/usr/lib/libudev.so.1+0x90c9)
    #2 0x7f8a9c1e962e in udev_enumerate_get_list_entry (/usr/lib/libudev.so.1+0x862e)
    #3 0x000000abc670  (/usr/lib/ld-linux-x86-64.so.2+0xabc670)
    #4 0x000000abcf3c  (/usr/lib/ld-linux-x86-64.so.2+0xabcf3c)
    #5 0x000000acb2d8  (/usr/lib/ld-linux-x86-64.so.2+0xacb2d8)
    #6 0x0000004d1454  (/usr/lib/ld-linux-x86-64.so.2+0x4d1454)
    #7 0x7f8a9bc77253  (/usr/lib/libc.so.6+0x26253)
    #8 0x7f8a9bc77305 in __libc_start_main (/usr/lib/libc.so.6+0x26305)
    #9 0x0000004f9b70  (/usr/lib/ld-linux-x86-64.so.2+0x4f9b70)

Indirect leak of 560 byte(s) in 14 object(s) allocated from:
    #0 0x7f8a9cc197cf in malloc ../../../../src/libsanitizer/lsan/lsan_interceptors.cpp:74
    #1 0x7f8a9c1ea0c9  (/usr/lib/libudev.so.1+0x90c9)
    #2 0x7f8a9c1e962e in udev_enumerate_get_list_entry (/usr/lib/libudev.so.1+0x862e)
    #3 0x000000abc670  (/usr/lib/ld-linux-x86-64.so.2+0xabc670)
    #4 0x000000abcf3c  (/usr/lib/ld-linux-x86-64.so.2+0xabcf3c)
    #5 0x000000acb1d9  (/usr/lib/ld-linux-x86-64.so.2+0xacb1d9)
    #6 0x0000004d1454  (/usr/lib/ld-linux-x86-64.so.2+0x4d1454)
    #7 0x7f8a9bc77253  (/usr/lib/libc.so.6+0x26253)
    #8 0x7f8a9bc77305 in __libc_start_main (/usr/lib/libc.so.6+0x26305)
    #9 0x0000004f9b70  (/usr/lib/ld-linux-x86-64.so.2+0x4f9b70)

Indirect leak of 512 byte(s) in 1 object(s) allocated from:
    #0 0x7f8a9cc16ad9 in realloc ../../../../src/libsanitizer/lsan/lsan_interceptors.cpp:128
    #1 0x7f8a9c204845  (/usr/lib/libudev.so.1+0x23845)
    #2 0x7f8a9c2050a4  (/usr/lib/libudev.so.1+0x240a4)
    #3 0x7f8a9c2055a3  (/usr/lib/libudev.so.1+0x245a3)
    #4 0x7f8a9c1ec539  (/usr/lib/libudev.so.1+0xb539)
    #5 0x7f8a9c1ece72  (/usr/lib/libudev.so.1+0xbe72)
    #6 0x7f8a9c1ed23b  (/usr/lib/libudev.so.1+0xc23b)
    #7 0x7f8a9c1ed39b  (/usr/lib/libudev.so.1+0xc39b)
    #8 0x7f8a9c1ed724  (/usr/lib/libudev.so.1+0xc724)
    #9 0x000000abc668  (/usr/lib/ld-linux-x86-64.so.2+0xabc668)
    #10 0x000000abcf3c  (/usr/lib/ld-linux-x86-64.so.2+0xabcf3c)
    #11 0x000000acb1d9  (/usr/lib/ld-linux-x86-64.so.2+0xacb1d9)
    #12 0x0000004d1454  (/usr/lib/ld-linux-x86-64.so.2+0x4d1454)
    #13 0x7f8a9bc77253  (/usr/lib/libc.so.6+0x26253)
    #14 0x7f8a9bc77305 in __libc_start_main (/usr/lib/libc.so.6+0x26305)
    #15 0x0000004f9b70  (/usr/lib/ld-linux-x86-64.so.2+0x4f9b70)

Indirect leak of 512 byte(s) in 1 object(s) allocated from:
    #0 0x7f8a9cc16ad9 in realloc ../../../../src/libsanitizer/lsan/lsan_interceptors.cpp:128
    #1 0x7f8a9c204845  (/usr/lib/libudev.so.1+0x23845)
    #2 0x7f8a9c2050a4  (/usr/lib/libudev.so.1+0x240a4)
    #3 0x7f8a9c2055a3  (/usr/lib/libudev.so.1+0x245a3)
    #4 0x7f8a9c1ec539  (/usr/lib/libudev.so.1+0xb539)
    #5 0x7f8a9c1ece72  (/usr/lib/libudev.so.1+0xbe72)
    #6 0x7f8a9c1ed23b  (/usr/lib/libudev.so.1+0xc23b)
    #7 0x7f8a9c1ed39b  (/usr/lib/libudev.so.1+0xc39b)
    #8 0x7f8a9c1ed724  (/usr/lib/libudev.so.1+0xc724)
    #9 0x000000abc668  (/usr/lib/ld-linux-x86-64.so.2+0xabc668)
    #10 0x000000abcf3c  (/usr/lib/ld-linux-x86-64.so.2+0xabcf3c)
    #11 0x000000acb3b9  (/usr/lib/ld-linux-x86-64.so.2+0xacb3b9)
    #12 0x0000004d1454  (/usr/lib/ld-linux-x86-64.so.2+0x4d1454)
    #13 0x7f8a9bc77253  (/usr/lib/libc.so.6+0x26253)
    #14 0x7f8a9bc77305 in __libc_start_main (/usr/lib/libc.so.6+0x26305)
    #15 0x0000004f9b70  (/usr/lib/ld-linux-x86-64.so.2+0x4f9b70)

Indirect leak of 512 byte(s) in 1 object(s) allocated from:
    #0 0x7f8a9cc16ad9 in realloc ../../../../src/libsanitizer/lsan/lsan_interceptors.cpp:128
    #1 0x7f8a9c204845  (/usr/lib/libudev.so.1+0x23845)
    #2 0x7f8a9c2050a4  (/usr/lib/libudev.so.1+0x240a4)
    #3 0x7f8a9c2055a3  (/usr/lib/libudev.so.1+0x245a3)
    #4 0x7f8a9c1ec539  (/usr/lib/libudev.so.1+0xb539)
    #5 0x7f8a9c1ece72  (/usr/lib/libudev.so.1+0xbe72)
    #6 0x7f8a9c1ed23b  (/usr/lib/libudev.so.1+0xc23b)
    #7 0x7f8a9c1ed39b  (/usr/lib/libudev.so.1+0xc39b)
    #8 0x7f8a9c1ed724  (/usr/lib/libudev.so.1+0xc724)
    #9 0x000000abc668  (/usr/lib/ld-linux-x86-64.so.2+0xabc668)
    #10 0x000000abcf3c  (/usr/lib/ld-linux-x86-64.so.2+0xabcf3c)
    #11 0x000000acb2d8  (/usr/lib/ld-linux-x86-64.so.2+0xacb2d8)
    #12 0x0000004d1454  (/usr/lib/ld-linux-x86-64.so.2+0x4d1454)
    #13 0x7f8a9bc77253  (/usr/lib/libc.so.6+0x26253)
    #14 0x7f8a9bc77305 in __libc_start_main (/usr/lib/libc.so.6+0x26305)
    #15 0x0000004f9b70  (/usr/lib/ld-linux-x86-64.so.2+0x4f9b70)

Indirect leak of 243 byte(s) in 28 object(s) allocated from:
    #0 0x7f8a9cc197cf in malloc ../../../../src/libsanitizer/lsan/lsan_interceptors.cpp:74
    #1 0x7f8a9bd079b9 in __strndup (/usr/lib/libc.so.6+0xb69b9)
    #2 0x7f8a9c20dd7e  (/usr/lib/libudev.so.1+0x2cd7e)
    #3 0x7f8a9c1f1bcf  (/usr/lib/libudev.so.1+0x10bcf)
    #4 0x7f8a9c1f3e6c  (/usr/lib/libudev.so.1+0x12e6c)
    #5 0x7f8a9c1eb466  (/usr/lib/libudev.so.1+0xa466)
    #6 0x7f8a9c1eceb4  (/usr/lib/libudev.so.1+0xbeb4)
    #7 0x7f8a9c1ed23b  (/usr/lib/libudev.so.1+0xc23b)
    #8 0x7f8a9c1ed39b  (/usr/lib/libudev.so.1+0xc39b)
    #9 0x7f8a9c1ed724  (/usr/lib/libudev.so.1+0xc724)
    #10 0x000000abc668  (/usr/lib/ld-linux-x86-64.so.2+0xabc668)
    #11 0x000000abcf3c  (/usr/lib/ld-linux-x86-64.so.2+0xabcf3c)
    #12 0x000000acb1d9  (/usr/lib/ld-linux-x86-64.so.2+0xacb1d9)
    #13 0x0000004d1454  (/usr/lib/ld-linux-x86-64.so.2+0x4d1454)
    #14 0x7f8a9bc77253  (/usr/lib/libc.so.6+0x26253)
    #15 0x7f8a9bc77305 in __libc_start_main (/usr/lib/libc.so.6+0x26305)
    #16 0x0000004f9b70  (/usr/lib/ld-linux-x86-64.so.2+0x4f9b70)

Indirect leak of 243 byte(s) in 28 object(s) allocated from:
    #0 0x7f8a9cc197cf in malloc ../../../../src/libsanitizer/lsan/lsan_interceptors.cpp:74
    #1 0x7f8a9bd079b9 in __strndup (/usr/lib/libc.so.6+0xb69b9)
    #2 0x7f8a9c20dd7e  (/usr/lib/libudev.so.1+0x2cd7e)
    #3 0x7f8a9c1f1bcf  (/usr/lib/libudev.so.1+0x10bcf)
    #4 0x7f8a9c1f3e6c  (/usr/lib/libudev.so.1+0x12e6c)
    #5 0x7f8a9c1eb466  (/usr/lib/libudev.so.1+0xa466)
    #6 0x7f8a9c1eceb4  (/usr/lib/libudev.so.1+0xbeb4)
    #7 0x7f8a9c1ed23b  (/usr/lib/libudev.so.1+0xc23b)
    #8 0x7f8a9c1ed39b  (/usr/lib/libudev.so.1+0xc39b)
    #9 0x7f8a9c1ed724  (/usr/lib/libudev.so.1+0xc724)
    #10 0x000000abc668  (/usr/lib/ld-linux-x86-64.so.2+0xabc668)
    #11 0x000000abcf3c  (/usr/lib/ld-linux-x86-64.so.2+0xabcf3c)
    #12 0x000000acb2d8  (/usr/lib/ld-linux-x86-64.so.2+0xacb2d8)
    #13 0x0000004d1454  (/usr/lib/ld-linux-x86-64.so.2+0x4d1454)
    #14 0x7f8a9bc77253  (/usr/lib/libc.so.6+0x26253)
    #15 0x7f8a9bc77305 in __libc_start_main (/usr/lib/libc.so.6+0x26305)
    #16 0x0000004f9b70  (/usr/lib/ld-linux-x86-64.so.2+0x4f9b70)

Indirect leak of 243 byte(s) in 28 object(s) allocated from:
    #0 0x7f8a9cc197cf in malloc ../../../../src/libsanitizer/lsan/lsan_interceptors.cpp:74
    #1 0x7f8a9bd079b9 in __strndup (/usr/lib/libc.so.6+0xb69b9)
    #2 0x7f8a9c20dd7e  (/usr/lib/libudev.so.1+0x2cd7e)
    #3 0x7f8a9c1f1bcf  (/usr/lib/libudev.so.1+0x10bcf)
    #4 0x7f8a9c1f3e6c  (/usr/lib/libudev.so.1+0x12e6c)
    #5 0x7f8a9c1eb466  (/usr/lib/libudev.so.1+0xa466)
    #6 0x7f8a9c1eceb4  (/usr/lib/libudev.so.1+0xbeb4)
    #7 0x7f8a9c1ed23b  (/usr/lib/libudev.so.1+0xc23b)
    #8 0x7f8a9c1ed39b  (/usr/lib/libudev.so.1+0xc39b)
    #9 0x7f8a9c1ed724  (/usr/lib/libudev.so.1+0xc724)
    #10 0x000000abc668  (/usr/lib/ld-linux-x86-64.so.2+0xabc668)
    #11 0x000000abcf3c  (/usr/lib/ld-linux-x86-64.so.2+0xabcf3c)
    #12 0x000000acb3b9  (/usr/lib/ld-linux-x86-64.so.2+0xacb3b9)
    #13 0x0000004d1454  (/usr/lib/ld-linux-x86-64.so.2+0x4d1454)
    #14 0x7f8a9bc77253  (/usr/lib/libc.so.6+0x26253)
    #15 0x7f8a9bc77305 in __libc_start_main (/usr/lib/libc.so.6+0x26305)
    #16 0x0000004f9b70  (/usr/lib/ld-linux-x86-64.so.2+0x4f9b70)

Indirect leak of 240 byte(s) in 10 object(s) allocated from:
    #0 0x7f8a9cc197cf in malloc ../../../../src/libsanitizer/lsan/lsan_interceptors.cpp:74
    #1 0x7f8a9c1ea044  (/usr/lib/libudev.so.1+0x9044)
    #2 0x7f8a9c1e93e1 in udev_enumerate_new (/usr/lib/libudev.so.1+0x83e1)
    #3 0x000000abc650  (/usr/lib/ld-linux-x86-64.so.2+0xabc650)
    #4 0x000000abcf3c  (/usr/lib/ld-linux-x86-64.so.2+0xabcf3c)
    #5 0x000000acb1d9  (/usr/lib/ld-linux-x86-64.so.2+0xacb1d9)
    #6 0x000000b1f3e2  (/usr/lib/ld-linux-x86-64.so.2+0xb1f3e2)
    #7 0x000000515317  (/usr/lib/ld-linux-x86-64.so.2+0x515317)
    #8 0x000000a17dce  (/usr/lib/ld-linux-x86-64.so.2+0xa17dce)
    #9 0x000000a187ad  (/usr/lib/ld-linux-x86-64.so.2+0xa187ad)
    #10 0x000000b34d98  (/usr/lib/ld-linux-x86-64.so.2+0xb34d98)
    #11 0x000000aa42ed  (/usr/lib/ld-linux-x86-64.so.2+0xaa42ed)
    #12 0x000000a16baa  (/usr/lib/ld-linux-x86-64.so.2+0xa16baa)
    #13 0x000000b25488  (/usr/lib/ld-linux-x86-64.so.2+0xb25488)
    #14 0x0000004d2185  (/usr/lib/ld-linux-x86-64.so.2+0x4d2185)
    #15 0x7f8a9bc77253  (/usr/lib/libc.so.6+0x26253)
    #16 0x7f8a9bc77305 in __libc_start_main (/usr/lib/libc.so.6+0x26305)
    #17 0x0000004f9b70  (/usr/lib/ld-linux-x86-64.so.2+0x4f9b70)

Indirect leak of 240 byte(s) in 10 object(s) allocated from:
    #0 0x7f8a9cc197cf in malloc ../../../../src/libsanitizer/lsan/lsan_interceptors.cpp:74
    #1 0x7f8a9c1ea044  (/usr/lib/libudev.so.1+0x9044)
    #2 0x7f8a9c1e93e1 in udev_enumerate_new (/usr/lib/libudev.so.1+0x83e1)
    #3 0x000000acec5f  (/usr/lib/ld-linux-x86-64.so.2+0xacec5f)
    #4 0x000000aced82  (/usr/lib/ld-linux-x86-64.so.2+0xaced82)
    #5 0x000000acb59d  (/usr/lib/ld-linux-x86-64.so.2+0xacb59d)
    #6 0x000000b1f3e2  (/usr/lib/ld-linux-x86-64.so.2+0xb1f3e2)
    #7 0x000000515317  (/usr/lib/ld-linux-x86-64.so.2+0x515317)
    #8 0x000000a17dce  (/usr/lib/ld-linux-x86-64.so.2+0xa17dce)
    #9 0x000000a187ad  (/usr/lib/ld-linux-x86-64.so.2+0xa187ad)
    #10 0x000000b34d98  (/usr/lib/ld-linux-x86-64.so.2+0xb34d98)
    #11 0x000000aa42ed  (/usr/lib/ld-linux-x86-64.so.2+0xaa42ed)
    #12 0x000000a16baa  (/usr/lib/ld-linux-x86-64.so.2+0xa16baa)
    #13 0x000000b25488  (/usr/lib/ld-linux-x86-64.so.2+0xb25488)
    #14 0x0000004d2185  (/usr/lib/ld-linux-x86-64.so.2+0x4d2185)
    #15 0x7f8a9bc77253  (/usr/lib/libc.so.6+0x26253)
    #16 0x7f8a9bc77305 in __libc_start_main (/usr/lib/libc.so.6+0x26305)
    #17 0x0000004f9b70  (/usr/lib/ld-linux-x86-64.so.2+0x4f9b70)

Indirect leak of 240 byte(s) in 10 object(s) allocated from:
    #0 0x7f8a9cc197cf in malloc ../../../../src/libsanitizer/lsan/lsan_interceptors.cpp:74
    #1 0x7f8a9c1ea044  (/usr/lib/libudev.so.1+0x9044)
    #2 0x7f8a9c1e93e1 in udev_enumerate_new (/usr/lib/libudev.so.1+0x83e1)
    #3 0x000000abcb9a  (/usr/lib/ld-linux-x86-64.so.2+0xabcb9a)
    #4 0x000000abcf11  (/usr/lib/ld-linux-x86-64.so.2+0xabcf11)
    #5 0x000000acb3b9  (/usr/lib/ld-linux-x86-64.so.2+0xacb3b9)
    #6 0x000000b1f3e2  (/usr/lib/ld-linux-x86-64.so.2+0xb1f3e2)
    #7 0x000000515317  (/usr/lib/ld-linux-x86-64.so.2+0x515317)
    #8 0x000000a17dce  (/usr/lib/ld-linux-x86-64.so.2+0xa17dce)
    #9 0x000000a187ad  (/usr/lib/ld-linux-x86-64.so.2+0xa187ad)
    #10 0x000000b34d98  (/usr/lib/ld-linux-x86-64.so.2+0xb34d98)
    #11 0x000000aa42ed  (/usr/lib/ld-linux-x86-64.so.2+0xaa42ed)
    #12 0x000000a16baa  (/usr/lib/ld-linux-x86-64.so.2+0xa16baa)
    #13 0x000000b25488  (/usr/lib/ld-linux-x86-64.so.2+0xb25488)
    #14 0x0000004d2185  (/usr/lib/ld-linux-x86-64.so.2+0x4d2185)
    #15 0x7f8a9bc77253  (/usr/lib/libc.so.6+0x26253)
    #16 0x7f8a9bc77305 in __libc_start_main (/usr/lib/libc.so.6+0x26305)
    #17 0x0000004f9b70  (/usr/lib/ld-linux-x86-64.so.2+0x4f9b70)

Indirect leak of 240 byte(s) in 10 object(s) allocated from:
    #0 0x7f8a9cc197cf in malloc ../../../../src/libsanitizer/lsan/lsan_interceptors.cpp:74
    #1 0x7f8a9c1ea044  (/usr/lib/libudev.so.1+0x9044)
    #2 0x7f8a9c1e93e1 in udev_enumerate_new (/usr/lib/libudev.so.1+0x83e1)
    #3 0x000000abcb9a  (/usr/lib/ld-linux-x86-64.so.2+0xabcb9a)
    #4 0x000000abcf11  (/usr/lib/ld-linux-x86-64.so.2+0xabcf11)
    #5 0x000000acb1d9  (/usr/lib/ld-linux-x86-64.so.2+0xacb1d9)
    #6 0x000000b1f3e2  (/usr/lib/ld-linux-x86-64.so.2+0xb1f3e2)
    #7 0x000000515317  (/usr/lib/ld-linux-x86-64.so.2+0x515317)
    #8 0x000000a17dce  (/usr/lib/ld-linux-x86-64.so.2+0xa17dce)
    #9 0x000000a187ad  (/usr/lib/ld-linux-x86-64.so.2+0xa187ad)
    #10 0x000000b34d98  (/usr/lib/ld-linux-x86-64.so.2+0xb34d98)
    #11 0x000000aa42ed  (/usr/lib/ld-linux-x86-64.so.2+0xaa42ed)
    #12 0x000000a16baa  (/usr/lib/ld-linux-x86-64.so.2+0xa16baa)
    #13 0x000000b25488  (/usr/lib/ld-linux-x86-64.so.2+0xb25488)
    #14 0x0000004d2185  (/usr/lib/ld-linux-x86-64.so.2+0x4d2185)
    #15 0x7f8a9bc77253  (/usr/lib/libc.so.6+0x26253)
    #16 0x7f8a9bc77305 in __libc_start_main (/usr/lib/libc.so.6+0x26305)
    #17 0x0000004f9b70  (/usr/lib/ld-linux-x86-64.so.2+0x4f9b70)

Indirect leak of 240 byte(s) in 10 object(s) allocated from:
    #0 0x7f8a9cc197cf in malloc ../../../../src/libsanitizer/lsan/lsan_interceptors.cpp:74
    #1 0x7f8a9c1ea044  (/usr/lib/libudev.so.1+0x9044)
    #2 0x7f8a9c1e93e1 in udev_enumerate_new (/usr/lib/libudev.so.1+0x83e1)
    #3 0x000000abc650  (/usr/lib/ld-linux-x86-64.so.2+0xabc650)
    #4 0x000000abcf3c  (/usr/lib/ld-linux-x86-64.so.2+0xabcf3c)
    #5 0x000000acb3b9  (/usr/lib/ld-linux-x86-64.so.2+0xacb3b9)
    #6 0x000000b1f3e2  (/usr/lib/ld-linux-x86-64.so.2+0xb1f3e2)
    #7 0x000000515317  (/usr/lib/ld-linux-x86-64.so.2+0x515317)
    #8 0x000000a17dce  (/usr/lib/ld-linux-x86-64.so.2+0xa17dce)
    #9 0x000000a187ad  (/usr/lib/ld-linux-x86-64.so.2+0xa187ad)
    #10 0x000000b34d98  (/usr/lib/ld-linux-x86-64.so.2+0xb34d98)
    #11 0x000000aa42ed  (/usr/lib/ld-linux-x86-64.so.2+0xaa42ed)
    #12 0x000000a16baa  (/usr/lib/ld-linux-x86-64.so.2+0xa16baa)
    #13 0x000000b25488  (/usr/lib/ld-linux-x86-64.so.2+0xb25488)
    #14 0x0000004d2185  (/usr/lib/ld-linux-x86-64.so.2+0x4d2185)
    #15 0x7f8a9bc77253  (/usr/lib/libc.so.6+0x26253)
    #16 0x7f8a9bc77305 in __libc_start_main (/usr/lib/libc.so.6+0x26305)
    #17 0x0000004f9b70  (/usr/lib/ld-linux-x86-64.so.2+0x4f9b70)

Indirect leak of 240 byte(s) in 10 object(s) allocated from:
    #0 0x7f8a9cc197cf in malloc ../../../../src/libsanitizer/lsan/lsan_interceptors.cpp:74
    #1 0x7f8a9c1ea044  (/usr/lib/libudev.so.1+0x9044)
    #2 0x7f8a9c1e93e1 in udev_enumerate_new (/usr/lib/libudev.so.1+0x83e1)
    #3 0x000000abc650  (/usr/lib/ld-linux-x86-64.so.2+0xabc650)
    #4 0x000000abcf3c  (/usr/lib/ld-linux-x86-64.so.2+0xabcf3c)
    #5 0x000000acb2d8  (/usr/lib/ld-linux-x86-64.so.2+0xacb2d8)
    #6 0x000000b1f3e2  (/usr/lib/ld-linux-x86-64.so.2+0xb1f3e2)
    #7 0x000000515317  (/usr/lib/ld-linux-x86-64.so.2+0x515317)
    #8 0x000000a17dce  (/usr/lib/ld-linux-x86-64.so.2+0xa17dce)
    #9 0x000000a187ad  (/usr/lib/ld-linux-x86-64.so.2+0xa187ad)
    #10 0x000000b34d98  (/usr/lib/ld-linux-x86-64.so.2+0xb34d98)
    #11 0x000000aa42ed  (/usr/lib/ld-linux-x86-64.so.2+0xaa42ed)
    #12 0x000000a16baa  (/usr/lib/ld-linux-x86-64.so.2+0xa16baa)
    #13 0x000000b25488  (/usr/lib/ld-linux-x86-64.so.2+0xb25488)
    #14 0x0000004d2185  (/usr/lib/ld-linux-x86-64.so.2+0x4d2185)
    #15 0x7f8a9bc77253  (/usr/lib/libc.so.6+0x26253)
    #16 0x7f8a9bc77305 in __libc_start_main (/usr/lib/libc.so.6+0x26305)
    #17 0x0000004f9b70  (/usr/lib/ld-linux-x86-64.so.2+0x4f9b70)

Indirect leak of 240 byte(s) in 10 object(s) allocated from:
    #0 0x7f8a9cc197cf in malloc ../../../../src/libsanitizer/lsan/lsan_interceptors.cpp:74
    #1 0x7f8a9c1ea044  (/usr/lib/libudev.so.1+0x9044)
    #2 0x7f8a9c1e93e1 in udev_enumerate_new (/usr/lib/libudev.so.1+0x83e1)
    #3 0x000000abcb9a  (/usr/lib/ld-linux-x86-64.so.2+0xabcb9a)
    #4 0x000000abcf11  (/usr/lib/ld-linux-x86-64.so.2+0xabcf11)
    #5 0x000000acb2d8  (/usr/lib/ld-linux-x86-64.so.2+0xacb2d8)
    #6 0x000000b1f3e2  (/usr/lib/ld-linux-x86-64.so.2+0xb1f3e2)
    #7 0x000000515317  (/usr/lib/ld-linux-x86-64.so.2+0x515317)
    #8 0x000000a17dce  (/usr/lib/ld-linux-x86-64.so.2+0xa17dce)
    #9 0x000000a187ad  (/usr/lib/ld-linux-x86-64.so.2+0xa187ad)
    #10 0x000000b34d98  (/usr/lib/ld-linux-x86-64.so.2+0xb34d98)
    #11 0x000000aa42ed  (/usr/lib/ld-linux-x86-64.so.2+0xaa42ed)
    #12 0x000000a16baa  (/usr/lib/ld-linux-x86-64.so.2+0xa16baa)
    #13 0x000000b25488  (/usr/lib/ld-linux-x86-64.so.2+0xb25488)
    #14 0x0000004d2185  (/usr/lib/ld-linux-x86-64.so.2+0x4d2185)
    #15 0x7f8a9bc77253  (/usr/lib/libc.so.6+0x26253)
    #16 0x7f8a9bc77305 in __libc_start_main (/usr/lib/libc.so.6+0x26305)
    #17 0x0000004f9b70  (/usr/lib/ld-linux-x86-64.so.2+0x4f9b70)

Indirect leak of 230 byte(s) in 23 object(s) allocated from:
    #0 0x7f8a9cc197cf in malloc ../../../../src/libsanitizer/lsan/lsan_interceptors.cpp:74
    #1 0x7f8a9bd06e39 in strdup (/usr/lib/libc.so.6+0xb5e39)
    #2 0x7f8a9c1f2077  (/usr/lib/libudev.so.1+0x11077)
    #3 0x7f8a9c1f3b20  (/usr/lib/libudev.so.1+0x12b20)
    #4 0x7f8a9c1f4b70  (/usr/lib/libudev.so.1+0x13b70)
    #5 0x7f8a9c1eb1d0  (/usr/lib/libudev.so.1+0xa1d0)
    #6 0x7f8a9c1eceb4  (/usr/lib/libudev.so.1+0xbeb4)
    #7 0x7f8a9c1ed23b  (/usr/lib/libudev.so.1+0xc23b)
    #8 0x7f8a9c1ed39b  (/usr/lib/libudev.so.1+0xc39b)
    #9 0x7f8a9c1ed724  (/usr/lib/libudev.so.1+0xc724)
    #10 0x000000abc668  (/usr/lib/ld-linux-x86-64.so.2+0xabc668)
    #11 0x000000abcf3c  (/usr/lib/ld-linux-x86-64.so.2+0xabcf3c)
    #12 0x000000acb2d8  (/usr/lib/ld-linux-x86-64.so.2+0xacb2d8)
    #13 0x0000004d1454  (/usr/lib/ld-linux-x86-64.so.2+0x4d1454)
    #14 0x7f8a9bc77253  (/usr/lib/libc.so.6+0x26253)
    #15 0x7f8a9bc77305 in __libc_start_main (/usr/lib/libc.so.6+0x26305)
    #16 0x0000004f9b70  (/usr/lib/ld-linux-x86-64.so.2+0x4f9b70)

Indirect leak of 230 byte(s) in 23 object(s) allocated from:
    #0 0x7f8a9cc197cf in malloc ../../../../src/libsanitizer/lsan/lsan_interceptors.cpp:74
    #1 0x7f8a9bd06e39 in strdup (/usr/lib/libc.so.6+0xb5e39)
    #2 0x7f8a9c1f2077  (/usr/lib/libudev.so.1+0x11077)
    #3 0x7f8a9c1f3b20  (/usr/lib/libudev.so.1+0x12b20)
    #4 0x7f8a9c1f4b70  (/usr/lib/libudev.so.1+0x13b70)
    #5 0x7f8a9c1eb1d0  (/usr/lib/libudev.so.1+0xa1d0)
    #6 0x7f8a9c1eceb4  (/usr/lib/libudev.so.1+0xbeb4)
    #7 0x7f8a9c1ed23b  (/usr/lib/libudev.so.1+0xc23b)
    #8 0x7f8a9c1ed39b  (/usr/lib/libudev.so.1+0xc39b)
    #9 0x7f8a9c1ed724  (/usr/lib/libudev.so.1+0xc724)
    #10 0x000000abc668  (/usr/lib/ld-linux-x86-64.so.2+0xabc668)
    #11 0x000000abcf3c  (/usr/lib/ld-linux-x86-64.so.2+0xabcf3c)
    #12 0x000000acb1d9  (/usr/lib/ld-linux-x86-64.so.2+0xacb1d9)
    #13 0x0000004d1454  (/usr/lib/ld-linux-x86-64.so.2+0x4d1454)
    #14 0x7f8a9bc77253  (/usr/lib/libc.so.6+0x26253)
    #15 0x7f8a9bc77305 in __libc_start_main (/usr/lib/libc.so.6+0x26305)
    #16 0x0000004f9b70  (/usr/lib/ld-linux-x86-64.so.2+0x4f9b70)

Indirect leak of 230 byte(s) in 23 object(s) allocated from:
    #0 0x7f8a9cc197cf in malloc ../../../../src/libsanitizer/lsan/lsan_interceptors.cpp:74
    #1 0x7f8a9bd06e39 in strdup (/usr/lib/libc.so.6+0xb5e39)
    #2 0x7f8a9c1f2077  (/usr/lib/libudev.so.1+0x11077)
    #3 0x7f8a9c1f3b20  (/usr/lib/libudev.so.1+0x12b20)
    #4 0x7f8a9c1f4b70  (/usr/lib/libudev.so.1+0x13b70)
    #5 0x7f8a9c1eb1d0  (/usr/lib/libudev.so.1+0xa1d0)
    #6 0x7f8a9c1eceb4  (/usr/lib/libudev.so.1+0xbeb4)
    #7 0x7f8a9c1ed23b  (/usr/lib/libudev.so.1+0xc23b)
    #8 0x7f8a9c1ed39b  (/usr/lib/libudev.so.1+0xc39b)
    #9 0x7f8a9c1ed724  (/usr/lib/libudev.so.1+0xc724)
    #10 0x000000abc668  (/usr/lib/ld-linux-x86-64.so.2+0xabc668)
    #11 0x000000abcf3c  (/usr/lib/ld-linux-x86-64.so.2+0xabcf3c)
    #12 0x000000acb3b9  (/usr/lib/ld-linux-x86-64.so.2+0xacb3b9)
    #13 0x0000004d1454  (/usr/lib/ld-linux-x86-64.so.2+0x4d1454)
    #14 0x7f8a9bc77253  (/usr/lib/libc.so.6+0x26253)
    #15 0x7f8a9bc77305 in __libc_start_main (/usr/lib/libc.so.6+0x26305)
    #16 0x0000004f9b70  (/usr/lib/ld-linux-x86-64.so.2+0x4f9b70)

Indirect leak of 224 byte(s) in 28 object(s) allocated from:
    #0 0x7f8a9cc197cf in malloc ../../../../src/libsanitizer/lsan/lsan_interceptors.cpp:74
    #1 0x7f8a9bd06e39 in strdup (/usr/lib/libc.so.6+0xb5e39)
    #2 0x7f8a9c1f2077  (/usr/lib/libudev.so.1+0x11077)
    #3 0x7f8a9c1f24e3  (/usr/lib/libudev.so.1+0x114e3)
    #4 0x7f8a9c1f2b32  (/usr/lib/libudev.so.1+0x11b32)
    #5 0x7f8a9c1f39f2  (/usr/lib/libudev.so.1+0x129f2)
    #6 0x7f8a9c1ece98  (/usr/lib/libudev.so.1+0xbe98)
    #7 0x7f8a9c1ed23b  (/usr/lib/libudev.so.1+0xc23b)
    #8 0x7f8a9c1ed39b  (/usr/lib/libudev.so.1+0xc39b)
    #9 0x7f8a9c1ed724  (/usr/lib/libudev.so.1+0xc724)
    #10 0x000000abc668  (/usr/lib/ld-linux-x86-64.so.2+0xabc668)
    #11 0x000000abcf3c  (/usr/lib/ld-linux-x86-64.so.2+0xabcf3c)
    #12 0x000000acb1d9  (/usr/lib/ld-linux-x86-64.so.2+0xacb1d9)
    #13 0x0000004d1454  (/usr/lib/ld-linux-x86-64.so.2+0x4d1454)
    #14 0x7f8a9bc77253  (/usr/lib/libc.so.6+0x26253)
    #15 0x7f8a9bc77305 in __libc_start_main (/usr/lib/libc.so.6+0x26305)
    #16 0x0000004f9b70  (/usr/lib/ld-linux-x86-64.so.2+0x4f9b70)

Indirect leak of 224 byte(s) in 28 object(s) allocated from:
    #0 0x7f8a9cc197cf in malloc ../../../../src/libsanitizer/lsan/lsan_interceptors.cpp:74
    #1 0x7f8a9bd06e39 in strdup (/usr/lib/libc.so.6+0xb5e39)
    #2 0x7f8a9c1f2077  (/usr/lib/libudev.so.1+0x11077)
    #3 0x7f8a9c1f24e3  (/usr/lib/libudev.so.1+0x114e3)
    #4 0x7f8a9c1f2b32  (/usr/lib/libudev.so.1+0x11b32)
    #5 0x7f8a9c1f39f2  (/usr/lib/libudev.so.1+0x129f2)
    #6 0x7f8a9c1ece98  (/usr/lib/libudev.so.1+0xbe98)
    #7 0x7f8a9c1ed23b  (/usr/lib/libudev.so.1+0xc23b)
    #8 0x7f8a9c1ed39b  (/usr/lib/libudev.so.1+0xc39b)
    #9 0x7f8a9c1ed724  (/usr/lib/libudev.so.1+0xc724)
    #10 0x000000abc668  (/usr/lib/ld-linux-x86-64.so.2+0xabc668)
    #11 0x000000abcf3c  (/usr/lib/ld-linux-x86-64.so.2+0xabcf3c)
    #12 0x000000acb2d8  (/usr/lib/ld-linux-x86-64.so.2+0xacb2d8)
    #13 0x0000004d1454  (/usr/lib/ld-linux-x86-64.so.2+0x4d1454)
    #14 0x7f8a9bc77253  (/usr/lib/libc.so.6+0x26253)
    #15 0x7f8a9bc77305 in __libc_start_main (/usr/lib/libc.so.6+0x26305)
    #16 0x0000004f9b70  (/usr/lib/ld-linux-x86-64.so.2+0x4f9b70)

Indirect leak of 224 byte(s) in 28 object(s) allocated from:
    #0 0x7f8a9cc197cf in malloc ../../../../src/libsanitizer/lsan/lsan_interceptors.cpp:74
    #1 0x7f8a9bd06e39 in strdup (/usr/lib/libc.so.6+0xb5e39)
    #2 0x7f8a9c1f2077  (/usr/lib/libudev.so.1+0x11077)
    #3 0x7f8a9c1f24e3  (/usr/lib/libudev.so.1+0x114e3)
    #4 0x7f8a9c1f2b32  (/usr/lib/libudev.so.1+0x11b32)
    #5 0x7f8a9c1f39f2  (/usr/lib/libudev.so.1+0x129f2)
    #6 0x7f8a9c1ece98  (/usr/lib/libudev.so.1+0xbe98)
    #7 0x7f8a9c1ed23b  (/usr/lib/libudev.so.1+0xc23b)
    #8 0x7f8a9c1ed39b  (/usr/lib/libudev.so.1+0xc39b)
    #9 0x7f8a9c1ed724  (/usr/lib/libudev.so.1+0xc724)
    #10 0x000000abc668  (/usr/lib/ld-linux-x86-64.so.2+0xabc668)
    #11 0x000000abcf3c  (/usr/lib/ld-linux-x86-64.so.2+0xabcf3c)
    #12 0x000000acb3b9  (/usr/lib/ld-linux-x86-64.so.2+0xacb3b9)
    #13 0x0000004d1454  (/usr/lib/ld-linux-x86-64.so.2+0x4d1454)
    #14 0x7f8a9bc77253  (/usr/lib/libc.so.6+0x26253)
    #15 0x7f8a9bc77305 in __libc_start_main (/usr/lib/libc.so.6+0x26305)
    #16 0x0000004f9b70  (/usr/lib/ld-linux-x86-64.so.2+0x4f9b70)

Indirect leak of 160 byte(s) in 10 object(s) allocated from:
    #0 0x7f8a9cc197cf in malloc ../../../../src/libsanitizer/lsan/lsan_interceptors.cpp:74
    #1 0x7f8a9c210d93  (/usr/lib/libudev.so.1+0x2fd93)
    #2 0x7f8a9c210f4c  (/usr/lib/libudev.so.1+0x2ff4c)
    #3 0x7f8a9c1edb7f  (/usr/lib/libudev.so.1+0xcb7f)
    #4 0x7f8a9c1ec0f0  (/usr/lib/libudev.so.1+0xb0f0)
    #5 0x7f8a9c1e98de in udev_enumerate_add_match_property (/usr/lib/libudev.so.1+0x88de)
    #6 0x000000abcbaf  (/usr/lib/ld-linux-x86-64.so.2+0xabcbaf)
    #7 0x000000abcf11  (/usr/lib/ld-linux-x86-64.so.2+0xabcf11)
    #8 0x000000acb1d9  (/usr/lib/ld-linux-x86-64.so.2+0xacb1d9)
    #9 0x000000b1f3e2  (/usr/lib/ld-linux-x86-64.so.2+0xb1f3e2)
    #10 0x000000515317  (/usr/lib/ld-linux-x86-64.so.2+0x515317)
    #11 0x000000a17dce  (/usr/lib/ld-linux-x86-64.so.2+0xa17dce)
    #12 0x000000a187ad  (/usr/lib/ld-linux-x86-64.so.2+0xa187ad)
    #13 0x000000b34d98  (/usr/lib/ld-linux-x86-64.so.2+0xb34d98)
    #14 0x000000aa42ed  (/usr/lib/ld-linux-x86-64.so.2+0xaa42ed)
    #15 0x000000a16baa  (/usr/lib/ld-linux-x86-64.so.2+0xa16baa)
    #16 0x000000b25488  (/usr/lib/ld-linux-x86-64.so.2+0xb25488)
    #17 0x0000004d2185  (/usr/lib/ld-linux-x86-64.so.2+0x4d2185)
    #18 0x7f8a9bc77253  (/usr/lib/libc.so.6+0x26253)
    #19 0x7f8a9bc77305 in __libc_start_main (/usr/lib/libc.so.6+0x26305)
    #20 0x0000004f9b70  (/usr/lib/ld-linux-x86-64.so.2+0x4f9b70)

Indirect leak of 160 byte(s) in 10 object(s) allocated from:
    #0 0x7f8a9cc197cf in malloc ../../../../src/libsanitizer/lsan/lsan_interceptors.cpp:74
    #1 0x7f8a9c210d93  (/usr/lib/libudev.so.1+0x2fd93)
    #2 0x7f8a9c210f4c  (/usr/lib/libudev.so.1+0x2ff4c)
    #3 0x7f8a9c1edb7f  (/usr/lib/libudev.so.1+0xcb7f)
    #4 0x7f8a9c1ec0f0  (/usr/lib/libudev.so.1+0xb0f0)
    #5 0x7f8a9c1e98de in udev_enumerate_add_match_property (/usr/lib/libudev.so.1+0x88de)
    #6 0x000000abcbaf  (/usr/lib/ld-linux-x86-64.so.2+0xabcbaf)
    #7 0x000000abcf11  (/usr/lib/ld-linux-x86-64.so.2+0xabcf11)
    #8 0x000000acb3b9  (/usr/lib/ld-linux-x86-64.so.2+0xacb3b9)
    #9 0x000000b1f3e2  (/usr/lib/ld-linux-x86-64.so.2+0xb1f3e2)
    #10 0x000000515317  (/usr/lib/ld-linux-x86-64.so.2+0x515317)
    #11 0x000000a17dce  (/usr/lib/ld-linux-x86-64.so.2+0xa17dce)
    #12 0x000000a187ad  (/usr/lib/ld-linux-x86-64.so.2+0xa187ad)
    #13 0x000000b34d98  (/usr/lib/ld-linux-x86-64.so.2+0xb34d98)
    #14 0x000000aa42ed  (/usr/lib/ld-linux-x86-64.so.2+0xaa42ed)
    #15 0x000000a16baa  (/usr/lib/ld-linux-x86-64.so.2+0xa16baa)
    #16 0x000000b25488  (/usr/lib/ld-linux-x86-64.so.2+0xb25488)
    #17 0x0000004d2185  (/usr/lib/ld-linux-x86-64.so.2+0x4d2185)
    #18 0x7f8a9bc77253  (/usr/lib/libc.so.6+0x26253)
    #19 0x7f8a9bc77305 in __libc_start_main (/usr/lib/libc.so.6+0x26305)
    #20 0x0000004f9b70  (/usr/lib/ld-linux-x86-64.so.2+0x4f9b70)

Indirect leak of 160 byte(s) in 10 object(s) allocated from:
    #0 0x7f8a9cc197cf in malloc ../../../../src/libsanitizer/lsan/lsan_interceptors.cpp:74
    #1 0x7f8a9c210d93  (/usr/lib/libudev.so.1+0x2fd93)
    #2 0x7f8a9c210f4c  (/usr/lib/libudev.so.1+0x2ff4c)
    #3 0x7f8a9c1edb7f  (/usr/lib/libudev.so.1+0xcb7f)
    #4 0x7f8a9c1ec0f0  (/usr/lib/libudev.so.1+0xb0f0)
    #5 0x7f8a9c1e98de in udev_enumerate_add_match_property (/usr/lib/libudev.so.1+0x88de)
    #6 0x000000abcbaf  (/usr/lib/ld-linux-x86-64.so.2+0xabcbaf)
    #7 0x000000abcf11  (/usr/lib/ld-linux-x86-64.so.2+0xabcf11)
    #8 0x000000acb2d8  (/usr/lib/ld-linux-x86-64.so.2+0xacb2d8)
    #9 0x000000b1f3e2  (/usr/lib/ld-linux-x86-64.so.2+0xb1f3e2)
    #10 0x000000515317  (/usr/lib/ld-linux-x86-64.so.2+0x515317)
    #11 0x000000a17dce  (/usr/lib/ld-linux-x86-64.so.2+0xa17dce)
    #12 0x000000a187ad  (/usr/lib/ld-linux-x86-64.so.2+0xa187ad)
    #13 0x000000b34d98  (/usr/lib/ld-linux-x86-64.so.2+0xb34d98)
    #14 0x000000aa42ed  (/usr/lib/ld-linux-x86-64.so.2+0xaa42ed)
    #15 0x000000a16baa  (/usr/lib/ld-linux-x86-64.so.2+0xa16baa)
    #16 0x000000b25488  (/usr/lib/ld-linux-x86-64.so.2+0xb25488)
    #17 0x0000004d2185  (/usr/lib/ld-linux-x86-64.so.2+0x4d2185)
    #18 0x7f8a9bc77253  (/usr/lib/libc.so.6+0x26253)
    #19 0x7f8a9bc77305 in __libc_start_main (/usr/lib/libc.so.6+0x26305)
    #20 0x0000004f9b70  (/usr/lib/ld-linux-x86-64.so.2+0x4f9b70)

Indirect leak of 150 byte(s) in 10 object(s) allocated from:
    #0 0x7f8a9cc197cf in malloc ../../../../src/libsanitizer/lsan/lsan_interceptors.cpp:74
    #1 0x7f8a9bd06e39 in strdup (/usr/lib/libc.so.6+0xb5e39)
    #2 0x7f8a9c1edb67  (/usr/lib/libudev.so.1+0xcb67)
    #3 0x7f8a9c1ec0f0  (/usr/lib/libudev.so.1+0xb0f0)
    #4 0x7f8a9c1e98de in udev_enumerate_add_match_property (/usr/lib/libudev.so.1+0x88de)
    #5 0x000000abcbaf  (/usr/lib/ld-linux-x86-64.so.2+0xabcbaf)
    #6 0x000000abcf11  (/usr/lib/ld-linux-x86-64.so.2+0xabcf11)
    #7 0x000000acb1d9  (/usr/lib/ld-linux-x86-64.so.2+0xacb1d9)
    #8 0x000000b1f3e2  (/usr/lib/ld-linux-x86-64.so.2+0xb1f3e2)
    #9 0x000000515317  (/usr/lib/ld-linux-x86-64.so.2+0x515317)
    #10 0x000000a17dce  (/usr/lib/ld-linux-x86-64.so.2+0xa17dce)
    #11 0x000000a187ad  (/usr/lib/ld-linux-x86-64.so.2+0xa187ad)
    #12 0x000000b34d98  (/usr/lib/ld-linux-x86-64.so.2+0xb34d98)
    #13 0x000000aa42ed  (/usr/lib/ld-linux-x86-64.so.2+0xaa42ed)
    #14 0x000000a16baa  (/usr/lib/ld-linux-x86-64.so.2+0xa16baa)
    #15 0x000000b25488  (/usr/lib/ld-linux-x86-64.so.2+0xb25488)
    #16 0x0000004d2185  (/usr/lib/ld-linux-x86-64.so.2+0x4d2185)
    #17 0x7f8a9bc77253  (/usr/lib/libc.so.6+0x26253)
    #18 0x7f8a9bc77305 in __libc_start_main (/usr/lib/libc.so.6+0x26305)
    #19 0x0000004f9b70  (/usr/lib/ld-linux-x86-64.so.2+0x4f9b70)

Indirect leak of 150 byte(s) in 10 object(s) allocated from:
    #0 0x7f8a9cc197cf in malloc ../../../../src/libsanitizer/lsan/lsan_interceptors.cpp:74
    #1 0x7f8a9bd06e39 in strdup (/usr/lib/libc.so.6+0xb5e39)
    #2 0x7f8a9c1edb67  (/usr/lib/libudev.so.1+0xcb67)
    #3 0x7f8a9c1ec0f0  (/usr/lib/libudev.so.1+0xb0f0)
    #4 0x7f8a9c1e98de in udev_enumerate_add_match_property (/usr/lib/libudev.so.1+0x88de)
    #5 0x000000abcbaf  (/usr/lib/ld-linux-x86-64.so.2+0xabcbaf)
    #6 0x000000abcf11  (/usr/lib/ld-linux-x86-64.so.2+0xabcf11)
    #7 0x000000acb3b9  (/usr/lib/ld-linux-x86-64.so.2+0xacb3b9)
    #8 0x000000b1f3e2  (/usr/lib/ld-linux-x86-64.so.2+0xb1f3e2)
    #9 0x000000515317  (/usr/lib/ld-linux-x86-64.so.2+0x515317)
    #10 0x000000a17dce  (/usr/lib/ld-linux-x86-64.so.2+0xa17dce)
    #11 0x000000a187ad  (/usr/lib/ld-linux-x86-64.so.2+0xa187ad)
    #12 0x000000b34d98  (/usr/lib/ld-linux-x86-64.so.2+0xb34d98)
    #13 0x000000aa42ed  (/usr/lib/ld-linux-x86-64.so.2+0xaa42ed)
    #14 0x000000a16baa  (/usr/lib/ld-linux-x86-64.so.2+0xa16baa)
    #15 0x000000b25488  (/usr/lib/ld-linux-x86-64.so.2+0xb25488)
    #16 0x0000004d2185  (/usr/lib/ld-linux-x86-64.so.2+0x4d2185)
    #17 0x7f8a9bc77253  (/usr/lib/libc.so.6+0x26253)
    #18 0x7f8a9bc77305 in __libc_start_main (/usr/lib/libc.so.6+0x26305)
    #19 0x0000004f9b70  (/usr/lib/ld-linux-x86-64.so.2+0x4f9b70)

Indirect leak of 150 byte(s) in 10 object(s) allocated from:
    #0 0x7f8a9cc197cf in malloc ../../../../src/libsanitizer/lsan/lsan_interceptors.cpp:74
    #1 0x7f8a9bd06e39 in strdup (/usr/lib/libc.so.6+0xb5e39)
    #2 0x7f8a9c1edb67  (/usr/lib/libudev.so.1+0xcb67)
    #3 0x7f8a9c1ec0f0  (/usr/lib/libudev.so.1+0xb0f0)
    #4 0x7f8a9c1e98de in udev_enumerate_add_match_property (/usr/lib/libudev.so.1+0x88de)
    #5 0x000000abcbaf  (/usr/lib/ld-linux-x86-64.so.2+0xabcbaf)
    #6 0x000000abcf11  (/usr/lib/ld-linux-x86-64.so.2+0xabcf11)
    #7 0x000000acb2d8  (/usr/lib/ld-linux-x86-64.so.2+0xacb2d8)
    #8 0x000000b1f3e2  (/usr/lib/ld-linux-x86-64.so.2+0xb1f3e2)
    #9 0x000000515317  (/usr/lib/ld-linux-x86-64.so.2+0x515317)
    #10 0x000000a17dce  (/usr/lib/ld-linux-x86-64.so.2+0xa17dce)
    #11 0x000000a187ad  (/usr/lib/ld-linux-x86-64.so.2+0xa187ad)
    #12 0x000000b34d98  (/usr/lib/ld-linux-x86-64.so.2+0xb34d98)
    #13 0x000000aa42ed  (/usr/lib/ld-linux-x86-64.so.2+0xaa42ed)
    #14 0x000000a16baa  (/usr/lib/ld-linux-x86-64.so.2+0xa16baa)
    #15 0x000000b25488  (/usr/lib/ld-linux-x86-64.so.2+0xb25488)
    #16 0x0000004d2185  (/usr/lib/ld-linux-x86-64.so.2+0x4d2185)
    #17 0x7f8a9bc77253  (/usr/lib/libc.so.6+0x26253)
    #18 0x7f8a9bc77305 in __libc_start_main (/usr/lib/libc.so.6+0x26305)
    #19 0x0000004f9b70  (/usr/lib/ld-linux-x86-64.so.2+0x4f9b70)

Indirect leak of 144 byte(s) in 1 object(s) allocated from:
    #0 0x7f8a9cc197cf in malloc ../../../../src/libsanitizer/lsan/lsan_interceptors.cpp:74
    #1 0x7f8a9c1ebe0a  (/usr/lib/libudev.so.1+0xae0a)
    #2 0x7f8a9c1e93c9 in udev_enumerate_new (/usr/lib/libudev.so.1+0x83c9)
    #3 0x000000acec5f  (/usr/lib/ld-linux-x86-64.so.2+0xacec5f)
    #4 0x000000aced82  (/usr/lib/ld-linux-x86-64.so.2+0xaced82)
    #5 0x000000acb59d  (/usr/lib/ld-linux-x86-64.so.2+0xacb59d)
    #6 0x0000004d1454  (/usr/lib/ld-linux-x86-64.so.2+0x4d1454)
    #7 0x7f8a9bc77253  (/usr/lib/libc.so.6+0x26253)
    #8 0x7f8a9bc77305 in __libc_start_main (/usr/lib/libc.so.6+0x26305)
    #9 0x0000004f9b70  (/usr/lib/ld-linux-x86-64.so.2+0x4f9b70)

Indirect leak of 144 byte(s) in 1 object(s) allocated from:
    #0 0x7f8a9cc197cf in malloc ../../../../src/libsanitizer/lsan/lsan_interceptors.cpp:74
    #1 0x7f8a9c1ebe0a  (/usr/lib/libudev.so.1+0xae0a)
    #2 0x7f8a9c1e93c9 in udev_enumerate_new (/usr/lib/libudev.so.1+0x83c9)
    #3 0x000000abc650  (/usr/lib/ld-linux-x86-64.so.2+0xabc650)
    #4 0x000000abcf3c  (/usr/lib/ld-linux-x86-64.so.2+0xabcf3c)
    #5 0x000000acb3b9  (/usr/lib/ld-linux-x86-64.so.2+0xacb3b9)
    #6 0x0000004d1454  (/usr/lib/ld-linux-x86-64.so.2+0x4d1454)
    #7 0x7f8a9bc77253  (/usr/lib/libc.so.6+0x26253)
    #8 0x7f8a9bc77305 in __libc_start_main (/usr/lib/libc.so.6+0x26305)
    #9 0x0000004f9b70  (/usr/lib/ld-linux-x86-64.so.2+0x4f9b70)

Indirect leak of 144 byte(s) in 1 object(s) allocated from:
    #0 0x7f8a9cc197cf in malloc ../../../../src/libsanitizer/lsan/lsan_interceptors.cpp:74
    #1 0x7f8a9c1ebe0a  (/usr/lib/libudev.so.1+0xae0a)
    #2 0x7f8a9c1e93c9 in udev_enumerate_new (/usr/lib/libudev.so.1+0x83c9)
    #3 0x000000abc650  (/usr/lib/ld-linux-x86-64.so.2+0xabc650)
    #4 0x000000abcf3c  (/usr/lib/ld-linux-x86-64.so.2+0xabcf3c)
    #5 0x000000acb2d8  (/usr/lib/ld-linux-x86-64.so.2+0xacb2d8)
    #6 0x0000004d1454  (/usr/lib/ld-linux-x86-64.so.2+0x4d1454)
    #7 0x7f8a9bc77253  (/usr/lib/libc.so.6+0x26253)
    #8 0x7f8a9bc77305 in __libc_start_main (/usr/lib/libc.so.6+0x26305)
    #9 0x0000004f9b70  (/usr/lib/ld-linux-x86-64.so.2+0x4f9b70)

Indirect leak of 144 byte(s) in 1 object(s) allocated from:
    #0 0x7f8a9cc197cf in malloc ../../../../src/libsanitizer/lsan/lsan_interceptors.cpp:74
    #1 0x7f8a9c1ebe0a  (/usr/lib/libudev.so.1+0xae0a)
    #2 0x7f8a9c1e93c9 in udev_enumerate_new (/usr/lib/libudev.so.1+0x83c9)
    #3 0x000000abcb9a  (/usr/lib/ld-linux-x86-64.so.2+0xabcb9a)
    #4 0x000000abcf11  (/usr/lib/ld-linux-x86-64.so.2+0xabcf11)
    #5 0x000000acb2d8  (/usr/lib/ld-linux-x86-64.so.2+0xacb2d8)
    #6 0x0000004d1454  (/usr/lib/ld-linux-x86-64.so.2+0x4d1454)
    #7 0x7f8a9bc77253  (/usr/lib/libc.so.6+0x26253)
    #8 0x7f8a9bc77305 in __libc_start_main (/usr/lib/libc.so.6+0x26305)
    #9 0x0000004f9b70  (/usr/lib/ld-linux-x86-64.so.2+0x4f9b70)

Indirect leak of 144 byte(s) in 1 object(s) allocated from:
    #0 0x7f8a9cc197cf in malloc ../../../../src/libsanitizer/lsan/lsan_interceptors.cpp:74
    #1 0x7f8a9c1ebe0a  (/usr/lib/libudev.so.1+0xae0a)
    #2 0x7f8a9c1e93c9 in udev_enumerate_new (/usr/lib/libudev.so.1+0x83c9)
    #3 0x000000abcb9a  (/usr/lib/ld-linux-x86-64.so.2+0xabcb9a)
    #4 0x000000abcf11  (/usr/lib/ld-linux-x86-64.so.2+0xabcf11)
    #5 0x000000acb3b9  (/usr/lib/ld-linux-x86-64.so.2+0xacb3b9)
    #6 0x0000004d1454  (/usr/lib/ld-linux-x86-64.so.2+0x4d1454)
    #7 0x7f8a9bc77253  (/usr/lib/libc.so.6+0x26253)
    #8 0x7f8a9bc77305 in __libc_start_main (/usr/lib/libc.so.6+0x26305)
    #9 0x0000004f9b70  (/usr/lib/ld-linux-x86-64.so.2+0x4f9b70)

Indirect leak of 144 byte(s) in 1 object(s) allocated from:
    #0 0x7f8a9cc197cf in malloc ../../../../src/libsanitizer/lsan/lsan_interceptors.cpp:74
    #1 0x7f8a9c1ebe0a  (/usr/lib/libudev.so.1+0xae0a)
    #2 0x7f8a9c1e93c9 in udev_enumerate_new (/usr/lib/libudev.so.1+0x83c9)
    #3 0x000000abc650  (/usr/lib/ld-linux-x86-64.so.2+0xabc650)
    #4 0x000000abcf3c  (/usr/lib/ld-linux-x86-64.so.2+0xabcf3c)
    #5 0x000000acb1d9  (/usr/lib/ld-linux-x86-64.so.2+0xacb1d9)
    #6 0x0000004d1454  (/usr/lib/ld-linux-x86-64.so.2+0x4d1454)
    #7 0x7f8a9bc77253  (/usr/lib/libc.so.6+0x26253)
    #8 0x7f8a9bc77305 in __libc_start_main (/usr/lib/libc.so.6+0x26305)
    #9 0x0000004f9b70  (/usr/lib/ld-linux-x86-64.so.2+0x4f9b70)

Indirect leak of 144 byte(s) in 1 object(s) allocated from:
    #0 0x7f8a9cc197cf in malloc ../../../../src/libsanitizer/lsan/lsan_interceptors.cpp:74
    #1 0x7f8a9c1ebe0a  (/usr/lib/libudev.so.1+0xae0a)
    #2 0x7f8a9c1e93c9 in udev_enumerate_new (/usr/lib/libudev.so.1+0x83c9)
    #3 0x000000abcb9a  (/usr/lib/ld-linux-x86-64.so.2+0xabcb9a)
    #4 0x000000abcf11  (/usr/lib/ld-linux-x86-64.so.2+0xabcf11)
    #5 0x000000acb1d9  (/usr/lib/ld-linux-x86-64.so.2+0xacb1d9)
    #6 0x0000004d1454  (/usr/lib/ld-linux-x86-64.so.2+0x4d1454)
    #7 0x7f8a9bc77253  (/usr/lib/libc.so.6+0x26253)
    #8 0x7f8a9bc77305 in __libc_start_main (/usr/lib/libc.so.6+0x26305)
    #9 0x0000004f9b70  (/usr/lib/ld-linux-x86-64.so.2+0x4f9b70)

Indirect leak of 144 byte(s) in 9 object(s) allocated from:
    #0 0x7f8a9cc197cf in malloc ../../../../src/libsanitizer/lsan/lsan_interceptors.cpp:74
    #1 0x7f8a9c210d93  (/usr/lib/libudev.so.1+0x2fd93)
    #2 0x7f8a9c210f4c  (/usr/lib/libudev.so.1+0x2ff4c)
    #3 0x7f8a9c1edb7f  (/usr/lib/libudev.so.1+0xcb7f)
    #4 0x7f8a9c1ec0f0  (/usr/lib/libudev.so.1+0xb0f0)
    #5 0x7f8a9c1e98de in udev_enumerate_add_match_property (/usr/lib/libudev.so.1+0x88de)
    #6 0x000000acec74  (/usr/lib/ld-linux-x86-64.so.2+0xacec74)
    #7 0x000000aced82  (/usr/lib/ld-linux-x86-64.so.2+0xaced82)
    #8 0x000000acb59d  (/usr/lib/ld-linux-x86-64.so.2+0xacb59d)
    #9 0x000000b1f3e2  (/usr/lib/ld-linux-x86-64.so.2+0xb1f3e2)
    #10 0x000000515317  (/usr/lib/ld-linux-x86-64.so.2+0x515317)
    #11 0x000000a17dce  (/usr/lib/ld-linux-x86-64.so.2+0xa17dce)
    #12 0x000000a187ad  (/usr/lib/ld-linux-x86-64.so.2+0xa187ad)
    #13 0x000000b34d98  (/usr/lib/ld-linux-x86-64.so.2+0xb34d98)
    #14 0x000000aa42ed  (/usr/lib/ld-linux-x86-64.so.2+0xaa42ed)
    #15 0x000000a16baa  (/usr/lib/ld-linux-x86-64.so.2+0xa16baa)
    #16 0x000000b25488  (/usr/lib/ld-linux-x86-64.so.2+0xb25488)
    #17 0x0000004d2185  (/usr/lib/ld-linux-x86-64.so.2+0x4d2185)
    #18 0x7f8a9bc77253  (/usr/lib/libc.so.6+0x26253)
    #19 0x7f8a9bc77305 in __libc_start_main (/usr/lib/libc.so.6+0x26305)
    #20 0x0000004f9b70  (/usr/lib/ld-linux-x86-64.so.2+0x4f9b70)

Indirect leak of 140 byte(s) in 14 object(s) allocated from:
    #0 0x7f8a9cc197cf in malloc ../../../../src/libsanitizer/lsan/lsan_interceptors.cpp:74
    #1 0x7f8a9bd06e39 in strdup (/usr/lib/libc.so.6+0xb5e39)
    #2 0x7f8a9c1f2077  (/usr/lib/libudev.so.1+0x11077)
    #3 0x7f8a9c1f3b20  (/usr/lib/libudev.so.1+0x12b20)
    #4 0x7f8a9c1f4b70  (/usr/lib/libudev.so.1+0x13b70)
    #5 0x7f8a9c1eb1d0  (/usr/lib/libudev.so.1+0xa1d0)
    #6 0x7f8a9c1ece00  (/usr/lib/libudev.so.1+0xbe00)
    #7 0x7f8a9c1ed23b  (/usr/lib/libudev.so.1+0xc23b)
    #8 0x7f8a9c1ed39b  (/usr/lib/libudev.so.1+0xc39b)
    #9 0x7f8a9c1ed724  (/usr/lib/libudev.so.1+0xc724)
    #10 0x000000abc668  (/usr/lib/ld-linux-x86-64.so.2+0xabc668)
    #11 0x000000abcf3c  (/usr/lib/ld-linux-x86-64.so.2+0xabcf3c)
    #12 0x000000acb1d9  (/usr/lib/ld-linux-x86-64.so.2+0xacb1d9)
    #13 0x0000004d1454  (/usr/lib/ld-linux-x86-64.so.2+0x4d1454)
    #14 0x7f8a9bc77253  (/usr/lib/libc.so.6+0x26253)
    #15 0x7f8a9bc77305 in __libc_start_main (/usr/lib/libc.so.6+0x26305)
    #16 0x0000004f9b70  (/usr/lib/ld-linux-x86-64.so.2+0x4f9b70)

Indirect leak of 140 byte(s) in 14 object(s) allocated from:
    #0 0x7f8a9cc197cf in malloc ../../../../src/libsanitizer/lsan/lsan_interceptors.cpp:74
    #1 0x7f8a9bd06e39 in strdup (/usr/lib/libc.so.6+0xb5e39)
    #2 0x7f8a9c1f2077  (/usr/lib/libudev.so.1+0x11077)
    #3 0x7f8a9c1f3b20  (/usr/lib/libudev.so.1+0x12b20)
    #4 0x7f8a9c1f4b70  (/usr/lib/libudev.so.1+0x13b70)
    #5 0x7f8a9c1eb1d0  (/usr/lib/libudev.so.1+0xa1d0)
    #6 0x7f8a9c1ece00  (/usr/lib/libudev.so.1+0xbe00)
    #7 0x7f8a9c1ed23b  (/usr/lib/libudev.so.1+0xc23b)
    #8 0x7f8a9c1ed39b  (/usr/lib/libudev.so.1+0xc39b)
    #9 0x7f8a9c1ed724  (/usr/lib/libudev.so.1+0xc724)
    #10 0x000000abc668  (/usr/lib/ld-linux-x86-64.so.2+0xabc668)
    #11 0x000000abcf3c  (/usr/lib/ld-linux-x86-64.so.2+0xabcf3c)
    #12 0x000000acb2d8  (/usr/lib/ld-linux-x86-64.so.2+0xacb2d8)
    #13 0x0000004d1454  (/usr/lib/ld-linux-x86-64.so.2+0x4d1454)
    #14 0x7f8a9bc77253  (/usr/lib/libc.so.6+0x26253)
    #15 0x7f8a9bc77305 in __libc_start_main (/usr/lib/libc.so.6+0x26305)
    #16 0x0000004f9b70  (/usr/lib/ld-linux-x86-64.so.2+0x4f9b70)

Indirect leak of 140 byte(s) in 14 object(s) allocated from:
    #0 0x7f8a9cc197cf in malloc ../../../../src/libsanitizer/lsan/lsan_interceptors.cpp:74
    #1 0x7f8a9bd06e39 in strdup (/usr/lib/libc.so.6+0xb5e39)
    #2 0x7f8a9c1f2077  (/usr/lib/libudev.so.1+0x11077)
    #3 0x7f8a9c1f3b20  (/usr/lib/libudev.so.1+0x12b20)
    #4 0x7f8a9c1f4b70  (/usr/lib/libudev.so.1+0x13b70)
    #5 0x7f8a9c1eb1d0  (/usr/lib/libudev.so.1+0xa1d0)
    #6 0x7f8a9c1ece00  (/usr/lib/libudev.so.1+0xbe00)
    #7 0x7f8a9c1ed23b  (/usr/lib/libudev.so.1+0xc23b)
    #8 0x7f8a9c1ed39b  (/usr/lib/libudev.so.1+0xc39b)
    #9 0x7f8a9c1ed724  (/usr/lib/libudev.so.1+0xc724)
    #10 0x000000abc668  (/usr/lib/ld-linux-x86-64.so.2+0xabc668)
    #11 0x000000abcf3c  (/usr/lib/ld-linux-x86-64.so.2+0xabcf3c)
    #12 0x000000acb3b9  (/usr/lib/ld-linux-x86-64.so.2+0xacb3b9)
    #13 0x0000004d1454  (/usr/lib/ld-linux-x86-64.so.2+0x4d1454)
    #14 0x7f8a9bc77253  (/usr/lib/libc.so.6+0x26253)
    #15 0x7f8a9bc77305 in __libc_start_main (/usr/lib/libc.so.6+0x26305)
    #16 0x0000004f9b70  (/usr/lib/ld-linux-x86-64.so.2+0x4f9b70)

Indirect leak of 130 byte(s) in 10 object(s) allocated from:
    #0 0x7f8a9cc197cf in malloc ../../../../src/libsanitizer/lsan/lsan_interceptors.cpp:74
    #1 0x7f8a9bd06e39 in strdup (/usr/lib/libc.so.6+0xb5e39)
    #2 0x7f8a9c1edb67  (/usr/lib/libudev.so.1+0xcb67)
    #3 0x7f8a9c1ec0f0  (/usr/lib/libudev.so.1+0xb0f0)
    #4 0x7f8a9c1e98de in udev_enumerate_add_match_property (/usr/lib/libudev.so.1+0x88de)
    #5 0x000000acec74  (/usr/lib/ld-linux-x86-64.so.2+0xacec74)
    #6 0x000000aced82  (/usr/lib/ld-linux-x86-64.so.2+0xaced82)
    #7 0x000000acb59d  (/usr/lib/ld-linux-x86-64.so.2+0xacb59d)
    #8 0x000000b1f3e2  (/usr/lib/ld-linux-x86-64.so.2+0xb1f3e2)
    #9 0x000000515317  (/usr/lib/ld-linux-x86-64.so.2+0x515317)
    #10 0x000000a17dce  (/usr/lib/ld-linux-x86-64.so.2+0xa17dce)
    #11 0x000000a187ad  (/usr/lib/ld-linux-x86-64.so.2+0xa187ad)
    #12 0x000000b34d98  (/usr/lib/ld-linux-x86-64.so.2+0xb34d98)
    #13 0x000000aa42ed  (/usr/lib/ld-linux-x86-64.so.2+0xaa42ed)
    #14 0x000000a16baa  (/usr/lib/ld-linux-x86-64.so.2+0xa16baa)
    #15 0x000000b25488  (/usr/lib/ld-linux-x86-64.so.2+0xb25488)
    #16 0x0000004d2185  (/usr/lib/ld-linux-x86-64.so.2+0x4d2185)
    #17 0x7f8a9bc77253  (/usr/lib/libc.so.6+0x26253)
    #18 0x7f8a9bc77305 in __libc_start_main (/usr/lib/libc.so.6+0x26305)
    #19 0x0000004f9b70  (/usr/lib/ld-linux-x86-64.so.2+0x4f9b70)

Indirect leak of 127 byte(s) in 23 object(s) allocated from:
    #0 0x7f8a9cc197cf in malloc ../../../../src/libsanitizer/lsan/lsan_interceptors.cpp:74
    #1 0x7f8a9bd06e39 in strdup (/usr/lib/libc.so.6+0xb5e39)
    #2 0x7f8a9c1f208c  (/usr/lib/libudev.so.1+0x1108c)
    #3 0x7f8a9c1f3b20  (/usr/lib/libudev.so.1+0x12b20)
    #4 0x7f8a9c1f4b70  (/usr/lib/libudev.so.1+0x13b70)
    #5 0x7f8a9c1eb1d0  (/usr/lib/libudev.so.1+0xa1d0)
    #6 0x7f8a9c1eceb4  (/usr/lib/libudev.so.1+0xbeb4)
    #7 0x7f8a9c1ed23b  (/usr/lib/libudev.so.1+0xc23b)
    #8 0x7f8a9c1ed39b  (/usr/lib/libudev.so.1+0xc39b)
    #9 0x7f8a9c1ed724  (/usr/lib/libudev.so.1+0xc724)
    #10 0x000000abc668  (/usr/lib/ld-linux-x86-64.so.2+0xabc668)
    #11 0x000000abcf3c  (/usr/lib/ld-linux-x86-64.so.2+0xabcf3c)
    #12 0x000000acb3b9  (/usr/lib/ld-linux-x86-64.so.2+0xacb3b9)
    #13 0x0000004d1454  (/usr/lib/ld-linux-x86-64.so.2+0x4d1454)
    #14 0x7f8a9bc77253  (/usr/lib/libc.so.6+0x26253)
    #15 0x7f8a9bc77305 in __libc_start_main (/usr/lib/libc.so.6+0x26305)
    #16 0x0000004f9b70  (/usr/lib/ld-linux-x86-64.so.2+0x4f9b70)

Indirect leak of 127 byte(s) in 23 object(s) allocated from:
    #0 0x7f8a9cc197cf in malloc ../../../../src/libsanitizer/lsan/lsan_interceptors.cpp:74
    #1 0x7f8a9bd06e39 in strdup (/usr/lib/libc.so.6+0xb5e39)
    #2 0x7f8a9c1f3b04  (/usr/lib/libudev.so.1+0x12b04)
    #3 0x7f8a9c1f4b70  (/usr/lib/libudev.so.1+0x13b70)
    #4 0x7f8a9c1eb1d0  (/usr/lib/libudev.so.1+0xa1d0)
    #5 0x7f8a9c1eceb4  (/usr/lib/libudev.so.1+0xbeb4)
    #6 0x7f8a9c1ed23b  (/usr/lib/libudev.so.1+0xc23b)
    #7 0x7f8a9c1ed39b  (/usr/lib/libudev.so.1+0xc39b)
    #8 0x7f8a9c1ed724  (/usr/lib/libudev.so.1+0xc724)
    #9 0x000000abc668  (/usr/lib/ld-linux-x86-64.so.2+0xabc668)
    #10 0x000000abcf3c  (/usr/lib/ld-linux-x86-64.so.2+0xabcf3c)
    #11 0x000000acb2d8  (/usr/lib/ld-linux-x86-64.so.2+0xacb2d8)
    #12 0x0000004d1454  (/usr/lib/ld-linux-x86-64.so.2+0x4d1454)
    #13 0x7f8a9bc77253  (/usr/lib/libc.so.6+0x26253)
    #14 0x7f8a9bc77305 in __libc_start_main (/usr/lib/libc.so.6+0x26305)
    #15 0x0000004f9b70  (/usr/lib/ld-linux-x86-64.so.2+0x4f9b70)

Indirect leak of 127 byte(s) in 23 object(s) allocated from:
    #0 0x7f8a9cc197cf in malloc ../../../../src/libsanitizer/lsan/lsan_interceptors.cpp:74
    #1 0x7f8a9bd06e39 in strdup (/usr/lib/libc.so.6+0xb5e39)
    #2 0x7f8a9c1f208c  (/usr/lib/libudev.so.1+0x1108c)
    #3 0x7f8a9c1f3b20  (/usr/lib/libudev.so.1+0x12b20)
    #4 0x7f8a9c1f4b70  (/usr/lib/libudev.so.1+0x13b70)
    #5 0x7f8a9c1eb1d0  (/usr/lib/libudev.so.1+0xa1d0)
    #6 0x7f8a9c1eceb4  (/usr/lib/libudev.so.1+0xbeb4)
    #7 0x7f8a9c1ed23b  (/usr/lib/libudev.so.1+0xc23b)
    #8 0x7f8a9c1ed39b  (/usr/lib/libudev.so.1+0xc39b)
    #9 0x7f8a9c1ed724  (/usr/lib/libudev.so.1+0xc724)
    #10 0x000000abc668  (/usr/lib/ld-linux-x86-64.so.2+0xabc668)
    #11 0x000000abcf3c  (/usr/lib/ld-linux-x86-64.so.2+0xabcf3c)
    #12 0x000000acb1d9  (/usr/lib/ld-linux-x86-64.so.2+0xacb1d9)
    #13 0x0000004d1454  (/usr/lib/ld-linux-x86-64.so.2+0x4d1454)
    #14 0x7f8a9bc77253  (/usr/lib/libc.so.6+0x26253)
    #15 0x7f8a9bc77305 in __libc_start_main (/usr/lib/libc.so.6+0x26305)
    #16 0x0000004f9b70  (/usr/lib/ld-linux-x86-64.so.2+0x4f9b70)

Indirect leak of 127 byte(s) in 23 object(s) allocated from:
    #0 0x7f8a9cc197cf in malloc ../../../../src/libsanitizer/lsan/lsan_interceptors.cpp:74
    #1 0x7f8a9bd06e39 in strdup (/usr/lib/libc.so.6+0xb5e39)
    #2 0x7f8a9c1f3b04  (/usr/lib/libudev.so.1+0x12b04)
    #3 0x7f8a9c1f4b70  (/usr/lib/libudev.so.1+0x13b70)
    #4 0x7f8a9c1eb1d0  (/usr/lib/libudev.so.1+0xa1d0)
    #5 0x7f8a9c1eceb4  (/usr/lib/libudev.so.1+0xbeb4)
    #6 0x7f8a9c1ed23b  (/usr/lib/libudev.so.1+0xc23b)
    #7 0x7f8a9c1ed39b  (/usr/lib/libudev.so.1+0xc39b)
    #8 0x7f8a9c1ed724  (/usr/lib/libudev.so.1+0xc724)
    #9 0x000000abc668  (/usr/lib/ld-linux-x86-64.so.2+0xabc668)
    #10 0x000000abcf3c  (/usr/lib/ld-linux-x86-64.so.2+0xabcf3c)
    #11 0x000000acb1d9  (/usr/lib/ld-linux-x86-64.so.2+0xacb1d9)
    #12 0x0000004d1454  (/usr/lib/ld-linux-x86-64.so.2+0x4d1454)
    #13 0x7f8a9bc77253  (/usr/lib/libc.so.6+0x26253)
    #14 0x7f8a9bc77305 in __libc_start_main (/usr/lib/libc.so.6+0x26305)
    #15 0x0000004f9b70  (/usr/lib/ld-linux-x86-64.so.2+0x4f9b70)

Indirect leak of 127 byte(s) in 23 object(s) allocated from:
    #0 0x7f8a9cc197cf in malloc ../../../../src/libsanitizer/lsan/lsan_interceptors.cpp:74
    #1 0x7f8a9bd06e39 in strdup (/usr/lib/libc.so.6+0xb5e39)
    #2 0x7f8a9c1f208c  (/usr/lib/libudev.so.1+0x1108c)
    #3 0x7f8a9c1f3b20  (/usr/lib/libudev.so.1+0x12b20)
    #4 0x7f8a9c1f4b70  (/usr/lib/libudev.so.1+0x13b70)
    #5 0x7f8a9c1eb1d0  (/usr/lib/libudev.so.1+0xa1d0)
    #6 0x7f8a9c1eceb4  (/usr/lib/libudev.so.1+0xbeb4)
    #7 0x7f8a9c1ed23b  (/usr/lib/libudev.so.1+0xc23b)
    #8 0x7f8a9c1ed39b  (/usr/lib/libudev.so.1+0xc39b)
    #9 0x7f8a9c1ed724  (/usr/lib/libudev.so.1+0xc724)
    #10 0x000000abc668  (/usr/lib/ld-linux-x86-64.so.2+0xabc668)
    #11 0x000000abcf3c  (/usr/lib/ld-linux-x86-64.so.2+0xabcf3c)
    #12 0x000000acb2d8  (/usr/lib/ld-linux-x86-64.so.2+0xacb2d8)
    #13 0x0000004d1454  (/usr/lib/ld-linux-x86-64.so.2+0x4d1454)
    #14 0x7f8a9bc77253  (/usr/lib/libc.so.6+0x26253)
    #15 0x7f8a9bc77305 in __libc_start_main (/usr/lib/libc.so.6+0x26305)
    #16 0x0000004f9b70  (/usr/lib/ld-linux-x86-64.so.2+0x4f9b70)

Indirect leak of 127 byte(s) in 23 object(s) allocated from:
    #0 0x7f8a9cc197cf in malloc ../../../../src/libsanitizer/lsan/lsan_interceptors.cpp:74
    #1 0x7f8a9bd06e39 in strdup (/usr/lib/libc.so.6+0xb5e39)
    #2 0x7f8a9c1f3b04  (/usr/lib/libudev.so.1+0x12b04)
    #3 0x7f8a9c1f4b70  (/usr/lib/libudev.so.1+0x13b70)
    #4 0x7f8a9c1eb1d0  (/usr/lib/libudev.so.1+0xa1d0)
    #5 0x7f8a9c1eceb4  (/usr/lib/libudev.so.1+0xbeb4)
    #6 0x7f8a9c1ed23b  (/usr/lib/libudev.so.1+0xc23b)
    #7 0x7f8a9c1ed39b  (/usr/lib/libudev.so.1+0xc39b)
    #8 0x7f8a9c1ed724  (/usr/lib/libudev.so.1+0xc724)
    #9 0x000000abc668  (/usr/lib/ld-linux-x86-64.so.2+0xabc668)
    #10 0x000000abcf3c  (/usr/lib/ld-linux-x86-64.so.2+0xabcf3c)
    #11 0x000000acb3b9  (/usr/lib/ld-linux-x86-64.so.2+0xacb3b9)
    #12 0x0000004d1454  (/usr/lib/ld-linux-x86-64.so.2+0x4d1454)
    #13 0x7f8a9bc77253  (/usr/lib/libc.so.6+0x26253)
    #14 0x7f8a9bc77305 in __libc_start_main (/usr/lib/libc.so.6+0x26305)
    #15 0x0000004f9b70  (/usr/lib/ld-linux-x86-64.so.2+0x4f9b70)

Indirect leak of 112 byte(s) in 14 object(s) allocated from:
    #0 0x7f8a9cc197cf in malloc ../../../../src/libsanitizer/lsan/lsan_interceptors.cpp:74
    #1 0x7f8a9bd06e39 in strdup (/usr/lib/libc.so.6+0xb5e39)
    #2 0x7f8a9c1f2077  (/usr/lib/libudev.so.1+0x11077)
    #3 0x7f8a9c1f24e3  (/usr/lib/libudev.so.1+0x114e3)
    #4 0x7f8a9c1f2b32  (/usr/lib/libudev.so.1+0x11b32)
    #5 0x7f8a9c1ecddb  (/usr/lib/libudev.so.1+0xbddb)
    #6 0x7f8a9c1ed23b  (/usr/lib/libudev.so.1+0xc23b)
    #7 0x7f8a9c1ed39b  (/usr/lib/libudev.so.1+0xc39b)
    #8 0x7f8a9c1ed724  (/usr/lib/libudev.so.1+0xc724)
    #9 0x000000abc668  (/usr/lib/ld-linux-x86-64.so.2+0xabc668)
    #10 0x000000abcf3c  (/usr/lib/ld-linux-x86-64.so.2+0xabcf3c)
    #11 0x000000acb3b9  (/usr/lib/ld-linux-x86-64.so.2+0xacb3b9)
    #12 0x0000004d1454  (/usr/lib/ld-linux-x86-64.so.2+0x4d1454)
    #13 0x7f8a9bc77253  (/usr/lib/libc.so.6+0x26253)
    #14 0x7f8a9bc77305 in __libc_start_main (/usr/lib/libc.so.6+0x26305)
    #15 0x0000004f9b70  (/usr/lib/ld-linux-x86-64.so.2+0x4f9b70)

Indirect leak of 112 byte(s) in 1 object(s) allocated from:
    #0 0x7f8a9cc197cf in malloc ../../../../src/libsanitizer/lsan/lsan_interceptors.cpp:74
    #1 0x7f8a9c1eb978  (/usr/lib/libudev.so.1+0xa978)
    #2 0x7f8a9c1ed9bb  (/usr/lib/libudev.so.1+0xc9bb)
    #3 0x7f8a9c1e960d in udev_enumerate_get_list_entry (/usr/lib/libudev.so.1+0x860d)
    #4 0x000000abc670  (/usr/lib/ld-linux-x86-64.so.2+0xabc670)
    #5 0x000000abcf3c  (/usr/lib/ld-linux-x86-64.so.2+0xabcf3c)
    #6 0x000000acb3b9  (/usr/lib/ld-linux-x86-64.so.2+0xacb3b9)
    #7 0x0000004d1454  (/usr/lib/ld-linux-x86-64.so.2+0x4d1454)
    #8 0x7f8a9bc77253  (/usr/lib/libc.so.6+0x26253)
    #9 0x7f8a9bc77305 in __libc_start_main (/usr/lib/libc.so.6+0x26305)
    #10 0x0000004f9b70  (/usr/lib/ld-linux-x86-64.so.2+0x4f9b70)

Indirect leak of 112 byte(s) in 1 object(s) allocated from:
    #0 0x7f8a9cc197cf in malloc ../../../../src/libsanitizer/lsan/lsan_interceptors.cpp:74
    #1 0x7f8a9c1eb978  (/usr/lib/libudev.so.1+0xa978)
    #2 0x7f8a9c1ed9bb  (/usr/lib/libudev.so.1+0xc9bb)
    #3 0x7f8a9c1e960d in udev_enumerate_get_list_entry (/usr/lib/libudev.so.1+0x860d)
    #4 0x000000abc670  (/usr/lib/ld-linux-x86-64.so.2+0xabc670)
    #5 0x000000abcf3c  (/usr/lib/ld-linux-x86-64.so.2+0xabcf3c)
    #6 0x000000acb2d8  (/usr/lib/ld-linux-x86-64.so.2+0xacb2d8)
    #7 0x0000004d1454  (/usr/lib/ld-linux-x86-64.so.2+0x4d1454)
    #8 0x7f8a9bc77253  (/usr/lib/libc.so.6+0x26253)
    #9 0x7f8a9bc77305 in __libc_start_main (/usr/lib/libc.so.6+0x26305)
    #10 0x0000004f9b70  (/usr/lib/ld-linux-x86-64.so.2+0x4f9b70)

Indirect leak of 112 byte(s) in 1 object(s) allocated from:
    #0 0x7f8a9cc197cf in malloc ../../../../src/libsanitizer/lsan/lsan_interceptors.cpp:74
    #1 0x7f8a9c1eb978  (/usr/lib/libudev.so.1+0xa978)
    #2 0x7f8a9c1ed9bb  (/usr/lib/libudev.so.1+0xc9bb)
    #3 0x7f8a9c1e960d in udev_enumerate_get_list_entry (/usr/lib/libudev.so.1+0x860d)
    #4 0x000000abc670  (/usr/lib/ld-linux-x86-64.so.2+0xabc670)
    #5 0x000000abcf3c  (/usr/lib/ld-linux-x86-64.so.2+0xabcf3c)
    #6 0x000000acb1d9  (/usr/lib/ld-linux-x86-64.so.2+0xacb1d9)
    #7 0x0000004d1454  (/usr/lib/ld-linux-x86-64.so.2+0x4d1454)
    #8 0x7f8a9bc77253  (/usr/lib/libc.so.6+0x26253)
    #9 0x7f8a9bc77305 in __libc_start_main (/usr/lib/libc.so.6+0x26305)
    #10 0x0000004f9b70  (/usr/lib/ld-linux-x86-64.so.2+0x4f9b70)

Indirect leak of 112 byte(s) in 14 object(s) allocated from:
    #0 0x7f8a9cc197cf in malloc ../../../../src/libsanitizer/lsan/lsan_interceptors.cpp:74
    #1 0x7f8a9bd06e39 in strdup (/usr/lib/libc.so.6+0xb5e39)
    #2 0x7f8a9c1f2077  (/usr/lib/libudev.so.1+0x11077)
    #3 0x7f8a9c1f24e3  (/usr/lib/libudev.so.1+0x114e3)
    #4 0x7f8a9c1f2b32  (/usr/lib/libudev.so.1+0x11b32)
    #5 0x7f8a9c1ecddb  (/usr/lib/libudev.so.1+0xbddb)
    #6 0x7f8a9c1ed23b  (/usr/lib/libudev.so.1+0xc23b)
    #7 0x7f8a9c1ed39b  (/usr/lib/libudev.so.1+0xc39b)
    #8 0x7f8a9c1ed724  (/usr/lib/libudev.so.1+0xc724)
    #9 0x000000abc668  (/usr/lib/ld-linux-x86-64.so.2+0xabc668)
    #10 0x000000abcf3c  (/usr/lib/ld-linux-x86-64.so.2+0xabcf3c)
    #11 0x000000acb1d9  (/usr/lib/ld-linux-x86-64.so.2+0xacb1d9)
    #12 0x0000004d1454  (/usr/lib/ld-linux-x86-64.so.2+0x4d1454)
    #13 0x7f8a9bc77253  (/usr/lib/libc.so.6+0x26253)
    #14 0x7f8a9bc77305 in __libc_start_main (/usr/lib/libc.so.6+0x26305)
    #15 0x0000004f9b70  (/usr/lib/ld-linux-x86-64.so.2+0x4f9b70)

Indirect leak of 112 byte(s) in 14 object(s) allocated from:
    #0 0x7f8a9cc197cf in malloc ../../../../src/libsanitizer/lsan/lsan_interceptors.cpp:74
    #1 0x7f8a9bd06e39 in strdup (/usr/lib/libc.so.6+0xb5e39)
    #2 0x7f8a9c1f2077  (/usr/lib/libudev.so.1+0x11077)
    #3 0x7f8a9c1f24e3  (/usr/lib/libudev.so.1+0x114e3)
    #4 0x7f8a9c1f2b32  (/usr/lib/libudev.so.1+0x11b32)
    #5 0x7f8a9c1ecddb  (/usr/lib/libudev.so.1+0xbddb)
    #6 0x7f8a9c1ed23b  (/usr/lib/libudev.so.1+0xc23b)
    #7 0x7f8a9c1ed39b  (/usr/lib/libudev.so.1+0xc39b)
    #8 0x7f8a9c1ed724  (/usr/lib/libudev.so.1+0xc724)
    #9 0x000000abc668  (/usr/lib/ld-linux-x86-64.so.2+0xabc668)
    #10 0x000000abcf3c  (/usr/lib/ld-linux-x86-64.so.2+0xabcf3c)
    #11 0x000000acb2d8  (/usr/lib/ld-linux-x86-64.so.2+0xacb2d8)
    #12 0x0000004d1454  (/usr/lib/ld-linux-x86-64.so.2+0x4d1454)
    #13 0x7f8a9bc77253  (/usr/lib/libc.so.6+0x26253)
    #14 0x7f8a9bc77305 in __libc_start_main (/usr/lib/libc.so.6+0x26305)
    #15 0x0000004f9b70  (/usr/lib/ld-linux-x86-64.so.2+0x4f9b70)

Indirect leak of 84 byte(s) in 14 object(s) allocated from:
    #0 0x7f8a9cc197cf in malloc ../../../../src/libsanitizer/lsan/lsan_interceptors.cpp:74
    #1 0x7f8a9bd06e39 in strdup (/usr/lib/libc.so.6+0xb5e39)
    #2 0x7f8a9c1f208c  (/usr/lib/libudev.so.1+0x1108c)
    #3 0x7f8a9c1f3b20  (/usr/lib/libudev.so.1+0x12b20)
    #4 0x7f8a9c1f4b70  (/usr/lib/libudev.so.1+0x13b70)
    #5 0x7f8a9c1eb1d0  (/usr/lib/libudev.so.1+0xa1d0)
    #6 0x7f8a9c1ece00  (/usr/lib/libudev.so.1+0xbe00)
    #7 0x7f8a9c1ed23b  (/usr/lib/libudev.so.1+0xc23b)
    #8 0x7f8a9c1ed39b  (/usr/lib/libudev.so.1+0xc39b)
    #9 0x7f8a9c1ed724  (/usr/lib/libudev.so.1+0xc724)
    #10 0x000000abc668  (/usr/lib/ld-linux-x86-64.so.2+0xabc668)
    #11 0x000000abcf3c  (/usr/lib/ld-linux-x86-64.so.2+0xabcf3c)
    #12 0x000000acb3b9  (/usr/lib/ld-linux-x86-64.so.2+0xacb3b9)
    #13 0x0000004d1454  (/usr/lib/ld-linux-x86-64.so.2+0x4d1454)
    #14 0x7f8a9bc77253  (/usr/lib/libc.so.6+0x26253)
    #15 0x7f8a9bc77305 in __libc_start_main (/usr/lib/libc.so.6+0x26305)
    #16 0x0000004f9b70  (/usr/lib/ld-linux-x86-64.so.2+0x4f9b70)

Indirect leak of 84 byte(s) in 14 object(s) allocated from:
    #0 0x7f8a9cc197cf in malloc ../../../../src/libsanitizer/lsan/lsan_interceptors.cpp:74
    #1 0x7f8a9bd06e39 in strdup (/usr/lib/libc.so.6+0xb5e39)
    #2 0x7f8a9c1f3b04  (/usr/lib/libudev.so.1+0x12b04)
    #3 0x7f8a9c1f4b70  (/usr/lib/libudev.so.1+0x13b70)
    #4 0x7f8a9c1eb1d0  (/usr/lib/libudev.so.1+0xa1d0)
    #5 0x7f8a9c1ece00  (/usr/lib/libudev.so.1+0xbe00)
    #6 0x7f8a9c1ed23b  (/usr/lib/libudev.so.1+0xc23b)
    #7 0x7f8a9c1ed39b  (/usr/lib/libudev.so.1+0xc39b)
    #8 0x7f8a9c1ed724  (/usr/lib/libudev.so.1+0xc724)
    #9 0x000000abc668  (/usr/lib/ld-linux-x86-64.so.2+0xabc668)
    #10 0x000000abcf3c  (/usr/lib/ld-linux-x86-64.so.2+0xabcf3c)
    #11 0x000000acb2d8  (/usr/lib/ld-linux-x86-64.so.2+0xacb2d8)
    #12 0x0000004d1454  (/usr/lib/ld-linux-x86-64.so.2+0x4d1454)
    #13 0x7f8a9bc77253  (/usr/lib/libc.so.6+0x26253)
    #14 0x7f8a9bc77305 in __libc_start_main (/usr/lib/libc.so.6+0x26305)
    #15 0x0000004f9b70  (/usr/lib/ld-linux-x86-64.so.2+0x4f9b70)

Indirect leak of 84 byte(s) in 14 object(s) allocated from:
    #0 0x7f8a9cc197cf in malloc ../../../../src/libsanitizer/lsan/lsan_interceptors.cpp:74
    #1 0x7f8a9bd06e39 in strdup (/usr/lib/libc.so.6+0xb5e39)
    #2 0x7f8a9c1f208c  (/usr/lib/libudev.so.1+0x1108c)
    #3 0x7f8a9c1f3b20  (/usr/lib/libudev.so.1+0x12b20)
    #4 0x7f8a9c1f4b70  (/usr/lib/libudev.so.1+0x13b70)
    #5 0x7f8a9c1eb1d0  (/usr/lib/libudev.so.1+0xa1d0)
    #6 0x7f8a9c1ece00  (/usr/lib/libudev.so.1+0xbe00)
    #7 0x7f8a9c1ed23b  (/usr/lib/libudev.so.1+0xc23b)
    #8 0x7f8a9c1ed39b  (/usr/lib/libudev.so.1+0xc39b)
    #9 0x7f8a9c1ed724  (/usr/lib/libudev.so.1+0xc724)
    #10 0x000000abc668  (/usr/lib/ld-linux-x86-64.so.2+0xabc668)
    #11 0x000000abcf3c  (/usr/lib/ld-linux-x86-64.so.2+0xabcf3c)
    #12 0x000000acb1d9  (/usr/lib/ld-linux-x86-64.so.2+0xacb1d9)
    #13 0x0000004d1454  (/usr/lib/ld-linux-x86-64.so.2+0x4d1454)
    #14 0x7f8a9bc77253  (/usr/lib/libc.so.6+0x26253)
    #15 0x7f8a9bc77305 in __libc_start_main (/usr/lib/libc.so.6+0x26305)
    #16 0x0000004f9b70  (/usr/lib/ld-linux-x86-64.so.2+0x4f9b70)

Indirect leak of 84 byte(s) in 14 object(s) allocated from:
    #0 0x7f8a9cc197cf in malloc ../../../../src/libsanitizer/lsan/lsan_interceptors.cpp:74
    #1 0x7f8a9bd06e39 in strdup (/usr/lib/libc.so.6+0xb5e39)
    #2 0x7f8a9c1f3b04  (/usr/lib/libudev.so.1+0x12b04)
    #3 0x7f8a9c1f4b70  (/usr/lib/libudev.so.1+0x13b70)
    #4 0x7f8a9c1eb1d0  (/usr/lib/libudev.so.1+0xa1d0)
    #5 0x7f8a9c1ece00  (/usr/lib/libudev.so.1+0xbe00)
    #6 0x7f8a9c1ed23b  (/usr/lib/libudev.so.1+0xc23b)
    #7 0x7f8a9c1ed39b  (/usr/lib/libudev.so.1+0xc39b)
    #8 0x7f8a9c1ed724  (/usr/lib/libudev.so.1+0xc724)
    #9 0x000000abc668  (/usr/lib/ld-linux-x86-64.so.2+0xabc668)
    #10 0x000000abcf3c  (/usr/lib/ld-linux-x86-64.so.2+0xabcf3c)
    #11 0x000000acb1d9  (/usr/lib/ld-linux-x86-64.so.2+0xacb1d9)
    #12 0x0000004d1454  (/usr/lib/ld-linux-x86-64.so.2+0x4d1454)
    #13 0x7f8a9bc77253  (/usr/lib/libc.so.6+0x26253)
    #14 0x7f8a9bc77305 in __libc_start_main (/usr/lib/libc.so.6+0x26305)
    #15 0x0000004f9b70  (/usr/lib/ld-linux-x86-64.so.2+0x4f9b70)

Indirect leak of 84 byte(s) in 14 object(s) allocated from:
    #0 0x7f8a9cc197cf in malloc ../../../../src/libsanitizer/lsan/lsan_interceptors.cpp:74
    #1 0x7f8a9bd06e39 in strdup (/usr/lib/libc.so.6+0xb5e39)
    #2 0x7f8a9c1f208c  (/usr/lib/libudev.so.1+0x1108c)
    #3 0x7f8a9c1f3b20  (/usr/lib/libudev.so.1+0x12b20)
    #4 0x7f8a9c1f4b70  (/usr/lib/libudev.so.1+0x13b70)
    #5 0x7f8a9c1eb1d0  (/usr/lib/libudev.so.1+0xa1d0)
    #6 0x7f8a9c1ece00  (/usr/lib/libudev.so.1+0xbe00)
    #7 0x7f8a9c1ed23b  (/usr/lib/libudev.so.1+0xc23b)
    #8 0x7f8a9c1ed39b  (/usr/lib/libudev.so.1+0xc39b)
    #9 0x7f8a9c1ed724  (/usr/lib/libudev.so.1+0xc724)
    #10 0x000000abc668  (/usr/lib/ld-linux-x86-64.so.2+0xabc668)
    #11 0x000000abcf3c  (/usr/lib/ld-linux-x86-64.so.2+0xabcf3c)
    #12 0x000000acb2d8  (/usr/lib/ld-linux-x86-64.so.2+0xacb2d8)
    #13 0x0000004d1454  (/usr/lib/ld-linux-x86-64.so.2+0x4d1454)
    #14 0x7f8a9bc77253  (/usr/lib/libc.so.6+0x26253)
    #15 0x7f8a9bc77305 in __libc_start_main (/usr/lib/libc.so.6+0x26305)
    #16 0x0000004f9b70  (/usr/lib/ld-linux-x86-64.so.2+0x4f9b70)

Indirect leak of 84 byte(s) in 14 object(s) allocated from:
    #0 0x7f8a9cc197cf in malloc ../../../../src/libsanitizer/lsan/lsan_interceptors.cpp:74
    #1 0x7f8a9bd06e39 in strdup (/usr/lib/libc.so.6+0xb5e39)
    #2 0x7f8a9c1f3b04  (/usr/lib/libudev.so.1+0x12b04)
    #3 0x7f8a9c1f4b70  (/usr/lib/libudev.so.1+0x13b70)
    #4 0x7f8a9c1eb1d0  (/usr/lib/libudev.so.1+0xa1d0)
    #5 0x7f8a9c1ece00  (/usr/lib/libudev.so.1+0xbe00)
    #6 0x7f8a9c1ed23b  (/usr/lib/libudev.so.1+0xc23b)
    #7 0x7f8a9c1ed39b  (/usr/lib/libudev.so.1+0xc39b)
    #8 0x7f8a9c1ed724  (/usr/lib/libudev.so.1+0xc724)
    #9 0x000000abc668  (/usr/lib/ld-linux-x86-64.so.2+0xabc668)
    #10 0x000000abcf3c  (/usr/lib/ld-linux-x86-64.so.2+0xabcf3c)
    #11 0x000000acb3b9  (/usr/lib/ld-linux-x86-64.so.2+0xacb3b9)
    #12 0x0000004d1454  (/usr/lib/ld-linux-x86-64.so.2+0x4d1454)
    #13 0x7f8a9bc77253  (/usr/lib/libc.so.6+0x26253)
    #14 0x7f8a9bc77305 in __libc_start_main (/usr/lib/libc.so.6+0x26305)
    #15 0x0000004f9b70  (/usr/lib/ld-linux-x86-64.so.2+0x4f9b70)

Indirect leak of 60 byte(s) in 10 object(s) allocated from:
    #0 0x7f8a9cc197cf in malloc ../../../../src/libsanitizer/lsan/lsan_interceptors.cpp:74
    #1 0x7f8a9bd06e39 in strdup (/usr/lib/libc.so.6+0xb5e39)
    #2 0x7f8a9c206957  (/usr/lib/libudev.so.1+0x25957)
    #3 0x7f8a9c1ebfb9  (/usr/lib/libudev.so.1+0xafb9)
    #4 0x7f8a9c1e9723 in udev_enumerate_add_match_subsystem (/usr/lib/libudev.so.1+0x8723)
    #5 0x000000abcbbc  (/usr/lib/ld-linux-x86-64.so.2+0xabcbbc)
    #6 0x000000abcf11  (/usr/lib/ld-linux-x86-64.so.2+0xabcf11)
    #7 0x000000acb1d9  (/usr/lib/ld-linux-x86-64.so.2+0xacb1d9)
    #8 0x000000b1f3e2  (/usr/lib/ld-linux-x86-64.so.2+0xb1f3e2)
    #9 0x000000515317  (/usr/lib/ld-linux-x86-64.so.2+0x515317)
    #10 0x000000a17dce  (/usr/lib/ld-linux-x86-64.so.2+0xa17dce)
    #11 0x000000a187ad  (/usr/lib/ld-linux-x86-64.so.2+0xa187ad)
    #12 0x000000b34d98  (/usr/lib/ld-linux-x86-64.so.2+0xb34d98)
    #13 0x000000aa42ed  (/usr/lib/ld-linux-x86-64.so.2+0xaa42ed)
    #14 0x000000a16baa  (/usr/lib/ld-linux-x86-64.so.2+0xa16baa)
    #15 0x000000b25488  (/usr/lib/ld-linux-x86-64.so.2+0xb25488)
    #16 0x0000004d2185  (/usr/lib/ld-linux-x86-64.so.2+0x4d2185)
    #17 0x7f8a9bc77253  (/usr/lib/libc.so.6+0x26253)
    #18 0x7f8a9bc77305 in __libc_start_main (/usr/lib/libc.so.6+0x26305)
    #19 0x0000004f9b70  (/usr/lib/ld-linux-x86-64.so.2+0x4f9b70)

Indirect leak of 60 byte(s) in 10 object(s) allocated from:
    #0 0x7f8a9cc197cf in malloc ../../../../src/libsanitizer/lsan/lsan_interceptors.cpp:74
    #1 0x7f8a9bd06e39 in strdup (/usr/lib/libc.so.6+0xb5e39)
    #2 0x7f8a9c206957  (/usr/lib/libudev.so.1+0x25957)
    #3 0x7f8a9c1ebfb9  (/usr/lib/libudev.so.1+0xafb9)
    #4 0x7f8a9c1e9723 in udev_enumerate_add_match_subsystem (/usr/lib/libudev.so.1+0x8723)
    #5 0x000000acec81  (/usr/lib/ld-linux-x86-64.so.2+0xacec81)
    #6 0x000000aced82  (/usr/lib/ld-linux-x86-64.so.2+0xaced82)
    #7 0x000000acb59d  (/usr/lib/ld-linux-x86-64.so.2+0xacb59d)
    #8 0x000000b1f3e2  (/usr/lib/ld-linux-x86-64.so.2+0xb1f3e2)
    #9 0x000000515317  (/usr/lib/ld-linux-x86-64.so.2+0x515317)
    #10 0x000000a17dce  (/usr/lib/ld-linux-x86-64.so.2+0xa17dce)
    #11 0x000000a187ad  (/usr/lib/ld-linux-x86-64.so.2+0xa187ad)
    #12 0x000000b34d98  (/usr/lib/ld-linux-x86-64.so.2+0xb34d98)
    #13 0x000000aa42ed  (/usr/lib/ld-linux-x86-64.so.2+0xaa42ed)
    #14 0x000000a16baa  (/usr/lib/ld-linux-x86-64.so.2+0xa16baa)
    #15 0x000000b25488  (/usr/lib/ld-linux-x86-64.so.2+0xb25488)
    #16 0x0000004d2185  (/usr/lib/ld-linux-x86-64.so.2+0x4d2185)
    #17 0x7f8a9bc77253  (/usr/lib/libc.so.6+0x26253)
    #18 0x7f8a9bc77305 in __libc_start_main (/usr/lib/libc.so.6+0x26305)
    #19 0x0000004f9b70  (/usr/lib/ld-linux-x86-64.so.2+0x4f9b70)

Indirect leak of 60 byte(s) in 10 object(s) allocated from:
    #0 0x7f8a9cc197cf in malloc ../../../../src/libsanitizer/lsan/lsan_interceptors.cpp:74
    #1 0x7f8a9bd06e39 in strdup (/usr/lib/libc.so.6+0xb5e39)
    #2 0x7f8a9c206957  (/usr/lib/libudev.so.1+0x25957)
    #3 0x7f8a9c1ebfb9  (/usr/lib/libudev.so.1+0xafb9)
    #4 0x7f8a9c1e9723 in udev_enumerate_add_match_subsystem (/usr/lib/libudev.so.1+0x8723)
    #5 0x000000abc660  (/usr/lib/ld-linux-x86-64.so.2+0xabc660)
    #6 0x000000abcf3c  (/usr/lib/ld-linux-x86-64.so.2+0xabcf3c)
    #7 0x000000acb2d8  (/usr/lib/ld-linux-x86-64.so.2+0xacb2d8)
    #8 0x000000b1f3e2  (/usr/lib/ld-linux-x86-64.so.2+0xb1f3e2)
    #9 0x000000515317  (/usr/lib/ld-linux-x86-64.so.2+0x515317)
    #10 0x000000a17dce  (/usr/lib/ld-linux-x86-64.so.2+0xa17dce)
    #11 0x000000a187ad  (/usr/lib/ld-linux-x86-64.so.2+0xa187ad)
    #12 0x000000b34d98  (/usr/lib/ld-linux-x86-64.so.2+0xb34d98)
    #13 0x000000aa42ed  (/usr/lib/ld-linux-x86-64.so.2+0xaa42ed)
    #14 0x000000a16baa  (/usr/lib/ld-linux-x86-64.so.2+0xa16baa)
    #15 0x000000b25488  (/usr/lib/ld-linux-x86-64.so.2+0xb25488)
    #16 0x0000004d2185  (/usr/lib/ld-linux-x86-64.so.2+0x4d2185)
    #17 0x7f8a9bc77253  (/usr/lib/libc.so.6+0x26253)
    #18 0x7f8a9bc77305 in __libc_start_main (/usr/lib/libc.so.6+0x26305)
    #19 0x0000004f9b70  (/usr/lib/ld-linux-x86-64.so.2+0x4f9b70)

Indirect leak of 60 byte(s) in 10 object(s) allocated from:
    #0 0x7f8a9cc197cf in malloc ../../../../src/libsanitizer/lsan/lsan_interceptors.cpp:74
    #1 0x7f8a9bd06e39 in strdup (/usr/lib/libc.so.6+0xb5e39)
    #2 0x7f8a9c206957  (/usr/lib/libudev.so.1+0x25957)
    #3 0x7f8a9c1ebfb9  (/usr/lib/libudev.so.1+0xafb9)
    #4 0x7f8a9c1e9723 in udev_enumerate_add_match_subsystem (/usr/lib/libudev.so.1+0x8723)
    #5 0x000000abcbbc  (/usr/lib/ld-linux-x86-64.so.2+0xabcbbc)
    #6 0x000000abcf11  (/usr/lib/ld-linux-x86-64.so.2+0xabcf11)
    #7 0x000000acb3b9  (/usr/lib/ld-linux-x86-64.so.2+0xacb3b9)
    #8 0x000000b1f3e2  (/usr/lib/ld-linux-x86-64.so.2+0xb1f3e2)
    #9 0x000000515317  (/usr/lib/ld-linux-x86-64.so.2+0x515317)
    #10 0x000000a17dce  (/usr/lib/ld-linux-x86-64.so.2+0xa17dce)
    #11 0x000000a187ad  (/usr/lib/ld-linux-x86-64.so.2+0xa187ad)
    #12 0x000000b34d98  (/usr/lib/ld-linux-x86-64.so.2+0xb34d98)
    #13 0x000000aa42ed  (/usr/lib/ld-linux-x86-64.so.2+0xaa42ed)
    #14 0x000000a16baa  (/usr/lib/ld-linux-x86-64.so.2+0xa16baa)
    #15 0x000000b25488  (/usr/lib/ld-linux-x86-64.so.2+0xb25488)
    #16 0x0000004d2185  (/usr/lib/ld-linux-x86-64.so.2+0x4d2185)
    #17 0x7f8a9bc77253  (/usr/lib/libc.so.6+0x26253)
    #18 0x7f8a9bc77305 in __libc_start_main (/usr/lib/libc.so.6+0x26305)
    #19 0x0000004f9b70  (/usr/lib/ld-linux-x86-64.so.2+0x4f9b70)

Indirect leak of 60 byte(s) in 10 object(s) allocated from:
    #0 0x7f8a9cc197cf in malloc ../../../../src/libsanitizer/lsan/lsan_interceptors.cpp:74
    #1 0x7f8a9bd06e39 in strdup (/usr/lib/libc.so.6+0xb5e39)
    #2 0x7f8a9c206957  (/usr/lib/libudev.so.1+0x25957)
    #3 0x7f8a9c1ebfb9  (/usr/lib/libudev.so.1+0xafb9)
    #4 0x7f8a9c1e9723 in udev_enumerate_add_match_subsystem (/usr/lib/libudev.so.1+0x8723)
    #5 0x000000abc660  (/usr/lib/ld-linux-x86-64.so.2+0xabc660)
    #6 0x000000abcf3c  (/usr/lib/ld-linux-x86-64.so.2+0xabcf3c)
    #7 0x000000acb1d9  (/usr/lib/ld-linux-x86-64.so.2+0xacb1d9)
    #8 0x000000b1f3e2  (/usr/lib/ld-linux-x86-64.so.2+0xb1f3e2)
    #9 0x000000515317  (/usr/lib/ld-linux-x86-64.so.2+0x515317)
    #10 0x000000a17dce  (/usr/lib/ld-linux-x86-64.so.2+0xa17dce)
    #11 0x000000a187ad  (/usr/lib/ld-linux-x86-64.so.2+0xa187ad)
    #12 0x000000b34d98  (/usr/lib/ld-linux-x86-64.so.2+0xb34d98)
    #13 0x000000aa42ed  (/usr/lib/ld-linux-x86-64.so.2+0xaa42ed)
    #14 0x000000a16baa  (/usr/lib/ld-linux-x86-64.so.2+0xa16baa)
    #15 0x000000b25488  (/usr/lib/ld-linux-x86-64.so.2+0xb25488)
    #16 0x0000004d2185  (/usr/lib/ld-linux-x86-64.so.2+0x4d2185)
    #17 0x7f8a9bc77253  (/usr/lib/libc.so.6+0x26253)
    #18 0x7f8a9bc77305 in __libc_start_main (/usr/lib/libc.so.6+0x26305)
    #19 0x0000004f9b70  (/usr/lib/ld-linux-x86-64.so.2+0x4f9b70)

Indirect leak of 60 byte(s) in 10 object(s) allocated from:
    #0 0x7f8a9cc197cf in malloc ../../../../src/libsanitizer/lsan/lsan_interceptors.cpp:74
    #1 0x7f8a9bd06e39 in strdup (/usr/lib/libc.so.6+0xb5e39)
    #2 0x7f8a9c206957  (/usr/lib/libudev.so.1+0x25957)
    #3 0x7f8a9c1ebfb9  (/usr/lib/libudev.so.1+0xafb9)
    #4 0x7f8a9c1e9723 in udev_enumerate_add_match_subsystem (/usr/lib/libudev.so.1+0x8723)
    #5 0x000000abcbbc  (/usr/lib/ld-linux-x86-64.so.2+0xabcbbc)
    #6 0x000000abcf11  (/usr/lib/ld-linux-x86-64.so.2+0xabcf11)
    #7 0x000000acb2d8  (/usr/lib/ld-linux-x86-64.so.2+0xacb2d8)
    #8 0x000000b1f3e2  (/usr/lib/ld-linux-x86-64.so.2+0xb1f3e2)
    #9 0x000000515317  (/usr/lib/ld-linux-x86-64.so.2+0x515317)
    #10 0x000000a17dce  (/usr/lib/ld-linux-x86-64.so.2+0xa17dce)
    #11 0x000000a187ad  (/usr/lib/ld-linux-x86-64.so.2+0xa187ad)
    #12 0x000000b34d98  (/usr/lib/ld-linux-x86-64.so.2+0xb34d98)
    #13 0x000000aa42ed  (/usr/lib/ld-linux-x86-64.so.2+0xaa42ed)
    #14 0x000000a16baa  (/usr/lib/ld-linux-x86-64.so.2+0xa16baa)
    #15 0x000000b25488  (/usr/lib/ld-linux-x86-64.so.2+0xb25488)
    #16 0x0000004d2185  (/usr/lib/ld-linux-x86-64.so.2+0x4d2185)
    #17 0x7f8a9bc77253  (/usr/lib/libc.so.6+0x26253)
    #18 0x7f8a9bc77305 in __libc_start_main (/usr/lib/libc.so.6+0x26305)
    #19 0x0000004f9b70  (/usr/lib/ld-linux-x86-64.so.2+0x4f9b70)

Indirect leak of 60 byte(s) in 10 object(s) allocated from:
    #0 0x7f8a9cc197cf in malloc ../../../../src/libsanitizer/lsan/lsan_interceptors.cpp:74
    #1 0x7f8a9bd06e39 in strdup (/usr/lib/libc.so.6+0xb5e39)
    #2 0x7f8a9c206957  (/usr/lib/libudev.so.1+0x25957)
    #3 0x7f8a9c1ebfb9  (/usr/lib/libudev.so.1+0xafb9)
    #4 0x7f8a9c1e9723 in udev_enumerate_add_match_subsystem (/usr/lib/libudev.so.1+0x8723)
    #5 0x000000abc660  (/usr/lib/ld-linux-x86-64.so.2+0xabc660)
    #6 0x000000abcf3c  (/usr/lib/ld-linux-x86-64.so.2+0xabcf3c)
    #7 0x000000acb3b9  (/usr/lib/ld-linux-x86-64.so.2+0xacb3b9)
    #8 0x000000b1f3e2  (/usr/lib/ld-linux-x86-64.so.2+0xb1f3e2)
    #9 0x000000515317  (/usr/lib/ld-linux-x86-64.so.2+0x515317)
    #10 0x000000a17dce  (/usr/lib/ld-linux-x86-64.so.2+0xa17dce)
    #11 0x000000a187ad  (/usr/lib/ld-linux-x86-64.so.2+0xa187ad)
    #12 0x000000b34d98  (/usr/lib/ld-linux-x86-64.so.2+0xb34d98)
    #13 0x000000aa42ed  (/usr/lib/ld-linux-x86-64.so.2+0xaa42ed)
    #14 0x000000a16baa  (/usr/lib/ld-linux-x86-64.so.2+0xa16baa)
    #15 0x000000b25488  (/usr/lib/ld-linux-x86-64.so.2+0xb25488)
    #16 0x0000004d2185  (/usr/lib/ld-linux-x86-64.so.2+0x4d2185)
    #17 0x7f8a9bc77253  (/usr/lib/libc.so.6+0x26253)
    #18 0x7f8a9bc77305 in __libc_start_main (/usr/lib/libc.so.6+0x26305)
    #19 0x0000004f9b70  (/usr/lib/ld-linux-x86-64.so.2+0x4f9b70)

Indirect leak of 56 byte(s) in 1 object(s) allocated from:
    #0 0x7f8a9cc19336 in calloc ../../../../src/libsanitizer/lsan/lsan_interceptors.cpp:120
    #1 0x7f8a9c202f93  (/usr/lib/libudev.so.1+0x21f93)
    #2 0x7f8a9c205440  (/usr/lib/libudev.so.1+0x24440)
    #3 0x7f8a9c2068f8  (/usr/lib/libudev.so.1+0x258f8)
    #4 0x7f8a9c1ebfb9  (/usr/lib/libudev.so.1+0xafb9)
    #5 0x7f8a9c1e9723 in udev_enumerate_add_match_subsystem (/usr/lib/libudev.so.1+0x8723)
    #6 0x000000acec81  (/usr/lib/ld-linux-x86-64.so.2+0xacec81)
    #7 0x000000aced82  (/usr/lib/ld-linux-x86-64.so.2+0xaced82)
    #8 0x000000acb59d  (/usr/lib/ld-linux-x86-64.so.2+0xacb59d)
    #9 0x0000004d1454  (/usr/lib/ld-linux-x86-64.so.2+0x4d1454)
    #10 0x7f8a9bc77253  (/usr/lib/libc.so.6+0x26253)
    #11 0x7f8a9bc77305 in __libc_start_main (/usr/lib/libc.so.6+0x26305)
    #12 0x0000004f9b70  (/usr/lib/ld-linux-x86-64.so.2+0x4f9b70)

Indirect leak of 56 byte(s) in 1 object(s) allocated from:
    #0 0x7f8a9cc19336 in calloc ../../../../src/libsanitizer/lsan/lsan_interceptors.cpp:120
    #1 0x7f8a9c202f93  (/usr/lib/libudev.so.1+0x21f93)
    #2 0x7f8a9c20535d  (/usr/lib/libudev.so.1+0x2435d)
    #3 0x7f8a9c20561a  (/usr/lib/libudev.so.1+0x2461a)
    #4 0x7f8a9c1edba0  (/usr/lib/libudev.so.1+0xcba0)
    #5 0x7f8a9c1ec0f0  (/usr/lib/libudev.so.1+0xb0f0)
    #6 0x7f8a9c1e98de in udev_enumerate_add_match_property (/usr/lib/libudev.so.1+0x88de)
    #7 0x000000acec74  (/usr/lib/ld-linux-x86-64.so.2+0xacec74)
    #8 0x000000aced82  (/usr/lib/ld-linux-x86-64.so.2+0xaced82)
    #9 0x000000acb59d  (/usr/lib/ld-linux-x86-64.so.2+0xacb59d)
    #10 0x0000004d1454  (/usr/lib/ld-linux-x86-64.so.2+0x4d1454)
    #11 0x7f8a9bc77253  (/usr/lib/libc.so.6+0x26253)
    #12 0x7f8a9bc77305 in __libc_start_main (/usr/lib/libc.so.6+0x26305)
    #13 0x0000004f9b70  (/usr/lib/ld-linux-x86-64.so.2+0x4f9b70)

Indirect leak of 56 byte(s) in 1 object(s) allocated from:
    #0 0x7f8a9cc19336 in calloc ../../../../src/libsanitizer/lsan/lsan_interceptors.cpp:120
    #1 0x7f8a9c202f93  (/usr/lib/libudev.so.1+0x21f93)
    #2 0x7f8a9c205440  (/usr/lib/libudev.so.1+0x24440)
    #3 0x7f8a9c2068f8  (/usr/lib/libudev.so.1+0x258f8)
    #4 0x7f8a9c1ebfb9  (/usr/lib/libudev.so.1+0xafb9)
    #5 0x7f8a9c1e9723 in udev_enumerate_add_match_subsystem (/usr/lib/libudev.so.1+0x8723)
    #6 0x000000abcbbc  (/usr/lib/ld-linux-x86-64.so.2+0xabcbbc)
    #7 0x000000abcf11  (/usr/lib/ld-linux-x86-64.so.2+0xabcf11)
    #8 0x000000acb3b9  (/usr/lib/ld-linux-x86-64.so.2+0xacb3b9)
    #9 0x0000004d1454  (/usr/lib/ld-linux-x86-64.so.2+0x4d1454)
    #10 0x7f8a9bc77253  (/usr/lib/libc.so.6+0x26253)
    #11 0x7f8a9bc77305 in __libc_start_main (/usr/lib/libc.so.6+0x26305)
    #12 0x0000004f9b70  (/usr/lib/ld-linux-x86-64.so.2+0x4f9b70)

Indirect leak of 56 byte(s) in 1 object(s) allocated from:
    #0 0x7f8a9cc19336 in calloc ../../../../src/libsanitizer/lsan/lsan_interceptors.cpp:120
    #1 0x7f8a9c202f93  (/usr/lib/libudev.so.1+0x21f93)
    #2 0x7f8a9c20535d  (/usr/lib/libudev.so.1+0x2435d)
    #3 0x7f8a9c20561a  (/usr/lib/libudev.so.1+0x2461a)
    #4 0x7f8a9c1edba0  (/usr/lib/libudev.so.1+0xcba0)
    #5 0x7f8a9c1ec0f0  (/usr/lib/libudev.so.1+0xb0f0)
    #6 0x7f8a9c1e98de in udev_enumerate_add_match_property (/usr/lib/libudev.so.1+0x88de)
    #7 0x000000abcbaf  (/usr/lib/ld-linux-x86-64.so.2+0xabcbaf)
    #8 0x000000abcf11  (/usr/lib/ld-linux-x86-64.so.2+0xabcf11)
    #9 0x000000acb3b9  (/usr/lib/ld-linux-x86-64.so.2+0xacb3b9)
    #10 0x0000004d1454  (/usr/lib/ld-linux-x86-64.so.2+0x4d1454)
    #11 0x7f8a9bc77253  (/usr/lib/libc.so.6+0x26253)
    #12 0x7f8a9bc77305 in __libc_start_main (/usr/lib/libc.so.6+0x26305)
    #13 0x0000004f9b70  (/usr/lib/ld-linux-x86-64.so.2+0x4f9b70)

Indirect leak of 56 byte(s) in 1 object(s) allocated from:
    #0 0x7f8a9cc19336 in calloc ../../../../src/libsanitizer/lsan/lsan_interceptors.cpp:120
    #1 0x7f8a9c202f93  (/usr/lib/libudev.so.1+0x21f93)
    #2 0x7f8a9c20535d  (/usr/lib/libudev.so.1+0x2435d)
    #3 0x7f8a9c20561a  (/usr/lib/libudev.so.1+0x2461a)
    #4 0x7f8a9c1ec539  (/usr/lib/libudev.so.1+0xb539)
    #5 0x7f8a9c1ece72  (/usr/lib/libudev.so.1+0xbe72)
    #6 0x7f8a9c1ed23b  (/usr/lib/libudev.so.1+0xc23b)
    #7 0x7f8a9c1ed39b  (/usr/lib/libudev.so.1+0xc39b)
    #8 0x7f8a9c1ed724  (/usr/lib/libudev.so.1+0xc724)
    #9 0x000000abc668  (/usr/lib/ld-linux-x86-64.so.2+0xabc668)
    #10 0x000000abcf3c  (/usr/lib/ld-linux-x86-64.so.2+0xabcf3c)
    #11 0x000000acb2d8  (/usr/lib/ld-linux-x86-64.so.2+0xacb2d8)
    #12 0x0000004d1454  (/usr/lib/ld-linux-x86-64.so.2+0x4d1454)
    #13 0x7f8a9bc77253  (/usr/lib/libc.so.6+0x26253)
    #14 0x7f8a9bc77305 in __libc_start_main (/usr/lib/libc.so.6+0x26305)
    #15 0x0000004f9b70  (/usr/lib/ld-linux-x86-64.so.2+0x4f9b70)

Indirect leak of 56 byte(s) in 1 object(s) allocated from:
    #0 0x7f8a9cc19336 in calloc ../../../../src/libsanitizer/lsan/lsan_interceptors.cpp:120
    #1 0x7f8a9c202f93  (/usr/lib/libudev.so.1+0x21f93)
    #2 0x7f8a9c205440  (/usr/lib/libudev.so.1+0x24440)
    #3 0x7f8a9c2068f8  (/usr/lib/libudev.so.1+0x258f8)
    #4 0x7f8a9c1ebfb9  (/usr/lib/libudev.so.1+0xafb9)
    #5 0x7f8a9c1e9723 in udev_enumerate_add_match_subsystem (/usr/lib/libudev.so.1+0x8723)
    #6 0x000000abc660  (/usr/lib/ld-linux-x86-64.so.2+0xabc660)
    #7 0x000000abcf3c  (/usr/lib/ld-linux-x86-64.so.2+0xabcf3c)
    #8 0x000000acb3b9  (/usr/lib/ld-linux-x86-64.so.2+0xacb3b9)
    #9 0x0000004d1454  (/usr/lib/ld-linux-x86-64.so.2+0x4d1454)
    #10 0x7f8a9bc77253  (/usr/lib/libc.so.6+0x26253)
    #11 0x7f8a9bc77305 in __libc_start_main (/usr/lib/libc.so.6+0x26305)
    #12 0x0000004f9b70  (/usr/lib/ld-linux-x86-64.so.2+0x4f9b70)

Indirect leak of 56 byte(s) in 1 object(s) allocated from:
    #0 0x7f8a9cc19336 in calloc ../../../../src/libsanitizer/lsan/lsan_interceptors.cpp:120
    #1 0x7f8a9c202f93  (/usr/lib/libudev.so.1+0x21f93)
    #2 0x7f8a9c20535d  (/usr/lib/libudev.so.1+0x2435d)
    #3 0x7f8a9c20561a  (/usr/lib/libudev.so.1+0x2461a)
    #4 0x7f8a9c1ec539  (/usr/lib/libudev.so.1+0xb539)
    #5 0x7f8a9c1ece72  (/usr/lib/libudev.so.1+0xbe72)
    #6 0x7f8a9c1ed23b  (/usr/lib/libudev.so.1+0xc23b)
    #7 0x7f8a9c1ed39b  (/usr/lib/libudev.so.1+0xc39b)
    #8 0x7f8a9c1ed724  (/usr/lib/libudev.so.1+0xc724)
    #9 0x000000abc668  (/usr/lib/ld-linux-x86-64.so.2+0xabc668)
    #10 0x000000abcf3c  (/usr/lib/ld-linux-x86-64.so.2+0xabcf3c)
    #11 0x000000acb3b9  (/usr/lib/ld-linux-x86-64.so.2+0xacb3b9)
    #12 0x0000004d1454  (/usr/lib/ld-linux-x86-64.so.2+0x4d1454)
    #13 0x7f8a9bc77253  (/usr/lib/libc.so.6+0x26253)
    #14 0x7f8a9bc77305 in __libc_start_main (/usr/lib/libc.so.6+0x26305)
    #15 0x0000004f9b70  (/usr/lib/ld-linux-x86-64.so.2+0x4f9b70)

Indirect leak of 56 byte(s) in 1 object(s) allocated from:
    #0 0x7f8a9cc19336 in calloc ../../../../src/libsanitizer/lsan/lsan_interceptors.cpp:120
    #1 0x7f8a9c202f93  (/usr/lib/libudev.so.1+0x21f93)
    #2 0x7f8a9c20535d  (/usr/lib/libudev.so.1+0x2435d)
    #3 0x7f8a9c20561a  (/usr/lib/libudev.so.1+0x2461a)
    #4 0x7f8a9c1edba0  (/usr/lib/libudev.so.1+0xcba0)
    #5 0x7f8a9c1ec0f0  (/usr/lib/libudev.so.1+0xb0f0)
    #6 0x7f8a9c1e98de in udev_enumerate_add_match_property (/usr/lib/libudev.so.1+0x88de)
    #7 0x000000abcbaf  (/usr/lib/ld-linux-x86-64.so.2+0xabcbaf)
    #8 0x000000abcf11  (/usr/lib/ld-linux-x86-64.so.2+0xabcf11)
    #9 0x000000acb2d8  (/usr/lib/ld-linux-x86-64.so.2+0xacb2d8)
    #10 0x0000004d1454  (/usr/lib/ld-linux-x86-64.so.2+0x4d1454)
    #11 0x7f8a9bc77253  (/usr/lib/libc.so.6+0x26253)
    #12 0x7f8a9bc77305 in __libc_start_main (/usr/lib/libc.so.6+0x26305)
    #13 0x0000004f9b70  (/usr/lib/ld-linux-x86-64.so.2+0x4f9b70)

Indirect leak of 56 byte(s) in 1 object(s) allocated from:
    #0 0x7f8a9cc19336 in calloc ../../../../src/libsanitizer/lsan/lsan_interceptors.cpp:120
    #1 0x7f8a9c202f93  (/usr/lib/libudev.so.1+0x21f93)
    #2 0x7f8a9c205440  (/usr/lib/libudev.so.1+0x24440)
    #3 0x7f8a9c2068f8  (/usr/lib/libudev.so.1+0x258f8)
    #4 0x7f8a9c1ebfb9  (/usr/lib/libudev.so.1+0xafb9)
    #5 0x7f8a9c1e9723 in udev_enumerate_add_match_subsystem (/usr/lib/libudev.so.1+0x8723)
    #6 0x000000abc660  (/usr/lib/ld-linux-x86-64.so.2+0xabc660)
    #7 0x000000abcf3c  (/usr/lib/ld-linux-x86-64.so.2+0xabcf3c)
    #8 0x000000acb2d8  (/usr/lib/ld-linux-x86-64.so.2+0xacb2d8)
    #9 0x0000004d1454  (/usr/lib/ld-linux-x86-64.so.2+0x4d1454)
    #10 0x7f8a9bc77253  (/usr/lib/libc.so.6+0x26253)
    #11 0x7f8a9bc77305 in __libc_start_main (/usr/lib/libc.so.6+0x26305)
    #12 0x0000004f9b70  (/usr/lib/ld-linux-x86-64.so.2+0x4f9b70)

Indirect leak of 56 byte(s) in 1 object(s) allocated from:
    #0 0x7f8a9cc19336 in calloc ../../../../src/libsanitizer/lsan/lsan_interceptors.cpp:120
    #1 0x7f8a9c202f93  (/usr/lib/libudev.so.1+0x21f93)
    #2 0x7f8a9c205440  (/usr/lib/libudev.so.1+0x24440)
    #3 0x7f8a9c2068f8  (/usr/lib/libudev.so.1+0x258f8)
    #4 0x7f8a9c1ebfb9  (/usr/lib/libudev.so.1+0xafb9)
    #5 0x7f8a9c1e9723 in udev_enumerate_add_match_subsystem (/usr/lib/libudev.so.1+0x8723)
    #6 0x000000abcbbc  (/usr/lib/ld-linux-x86-64.so.2+0xabcbbc)
    #7 0x000000abcf11  (/usr/lib/ld-linux-x86-64.so.2+0xabcf11)
    #8 0x000000acb2d8  (/usr/lib/ld-linux-x86-64.so.2+0xacb2d8)
    #9 0x0000004d1454  (/usr/lib/ld-linux-x86-64.so.2+0x4d1454)
    #10 0x7f8a9bc77253  (/usr/lib/libc.so.6+0x26253)
    #11 0x7f8a9bc77305 in __libc_start_main (/usr/lib/libc.so.6+0x26305)
    #12 0x0000004f9b70  (/usr/lib/ld-linux-x86-64.so.2+0x4f9b70)

Indirect leak of 56 byte(s) in 1 object(s) allocated from:
    #0 0x7f8a9cc19336 in calloc ../../../../src/libsanitizer/lsan/lsan_interceptors.cpp:120
    #1 0x7f8a9c202f93  (/usr/lib/libudev.so.1+0x21f93)
    #2 0x7f8a9c20535d  (/usr/lib/libudev.so.1+0x2435d)
    #3 0x7f8a9c20561a  (/usr/lib/libudev.so.1+0x2461a)
    #4 0x7f8a9c1ec539  (/usr/lib/libudev.so.1+0xb539)
    #5 0x7f8a9c1ece72  (/usr/lib/libudev.so.1+0xbe72)
    #6 0x7f8a9c1ed23b  (/usr/lib/libudev.so.1+0xc23b)
    #7 0x7f8a9c1ed39b  (/usr/lib/libudev.so.1+0xc39b)
    #8 0x7f8a9c1ed724  (/usr/lib/libudev.so.1+0xc724)
    #9 0x000000abc668  (/usr/lib/ld-linux-x86-64.so.2+0xabc668)
    #10 0x000000abcf3c  (/usr/lib/ld-linux-x86-64.so.2+0xabcf3c)
    #11 0x000000acb1d9  (/usr/lib/ld-linux-x86-64.so.2+0xacb1d9)
    #12 0x0000004d1454  (/usr/lib/ld-linux-x86-64.so.2+0x4d1454)
    #13 0x7f8a9bc77253  (/usr/lib/libc.so.6+0x26253)
    #14 0x7f8a9bc77305 in __libc_start_main (/usr/lib/libc.so.6+0x26305)
    #15 0x0000004f9b70  (/usr/lib/ld-linux-x86-64.so.2+0x4f9b70)

Indirect leak of 56 byte(s) in 1 object(s) allocated from:
    #0 0x7f8a9cc19336 in calloc ../../../../src/libsanitizer/lsan/lsan_interceptors.cpp:120
    #1 0x7f8a9c202f93  (/usr/lib/libudev.so.1+0x21f93)
    #2 0x7f8a9c205440  (/usr/lib/libudev.so.1+0x24440)
    #3 0x7f8a9c2068f8  (/usr/lib/libudev.so.1+0x258f8)
    #4 0x7f8a9c1ebfb9  (/usr/lib/libudev.so.1+0xafb9)
    #5 0x7f8a9c1e9723 in udev_enumerate_add_match_subsystem (/usr/lib/libudev.so.1+0x8723)
    #6 0x000000abcbbc  (/usr/lib/ld-linux-x86-64.so.2+0xabcbbc)
    #7 0x000000abcf11  (/usr/lib/ld-linux-x86-64.so.2+0xabcf11)
    #8 0x000000acb1d9  (/usr/lib/ld-linux-x86-64.so.2+0xacb1d9)
    #9 0x0000004d1454  (/usr/lib/ld-linux-x86-64.so.2+0x4d1454)
    #10 0x7f8a9bc77253  (/usr/lib/libc.so.6+0x26253)
    #11 0x7f8a9bc77305 in __libc_start_main (/usr/lib/libc.so.6+0x26305)
    #12 0x0000004f9b70  (/usr/lib/ld-linux-x86-64.so.2+0x4f9b70)

Indirect leak of 56 byte(s) in 1 object(s) allocated from:
    #0 0x7f8a9cc19336 in calloc ../../../../src/libsanitizer/lsan/lsan_interceptors.cpp:120
    #1 0x7f8a9c202f93  (/usr/lib/libudev.so.1+0x21f93)
    #2 0x7f8a9c205440  (/usr/lib/libudev.so.1+0x24440)
    #3 0x7f8a9c2068f8  (/usr/lib/libudev.so.1+0x258f8)
    #4 0x7f8a9c1ebfb9  (/usr/lib/libudev.so.1+0xafb9)
    #5 0x7f8a9c1e9723 in udev_enumerate_add_match_subsystem (/usr/lib/libudev.so.1+0x8723)
    #6 0x000000abc660  (/usr/lib/ld-linux-x86-64.so.2+0xabc660)
    #7 0x000000abcf3c  (/usr/lib/ld-linux-x86-64.so.2+0xabcf3c)
    #8 0x000000acb1d9  (/usr/lib/ld-linux-x86-64.so.2+0xacb1d9)
    #9 0x0000004d1454  (/usr/lib/ld-linux-x86-64.so.2+0x4d1454)
    #10 0x7f8a9bc77253  (/usr/lib/libc.so.6+0x26253)
    #11 0x7f8a9bc77305 in __libc_start_main (/usr/lib/libc.so.6+0x26305)
    #12 0x0000004f9b70  (/usr/lib/ld-linux-x86-64.so.2+0x4f9b70)

Indirect leak of 56 byte(s) in 1 object(s) allocated from:
    #0 0x7f8a9cc19336 in calloc ../../../../src/libsanitizer/lsan/lsan_interceptors.cpp:120
    #1 0x7f8a9c202f93  (/usr/lib/libudev.so.1+0x21f93)
    #2 0x7f8a9c20535d  (/usr/lib/libudev.so.1+0x2435d)
    #3 0x7f8a9c20561a  (/usr/lib/libudev.so.1+0x2461a)
    #4 0x7f8a9c1edba0  (/usr/lib/libudev.so.1+0xcba0)
    #5 0x7f8a9c1ec0f0  (/usr/lib/libudev.so.1+0xb0f0)
    #6 0x7f8a9c1e98de in udev_enumerate_add_match_property (/usr/lib/libudev.so.1+0x88de)
    #7 0x000000abcbaf  (/usr/lib/ld-linux-x86-64.so.2+0xabcbaf)
    #8 0x000000abcf11  (/usr/lib/ld-linux-x86-64.so.2+0xabcf11)
    #9 0x000000acb1d9  (/usr/lib/ld-linux-x86-64.so.2+0xacb1d9)
    #10 0x0000004d1454  (/usr/lib/ld-linux-x86-64.so.2+0x4d1454)
    #11 0x7f8a9bc77253  (/usr/lib/libc.so.6+0x26253)
    #12 0x7f8a9bc77305 in __libc_start_main (/usr/lib/libc.so.6+0x26305)
    #13 0x0000004f9b70  (/usr/lib/ld-linux-x86-64.so.2+0x4f9b70)

Indirect leak of 24 byte(s) in 1 object(s) allocated from:
    #0 0x7f8a9cc197cf in malloc ../../../../src/libsanitizer/lsan/lsan_interceptors.cpp:74
    #1 0x7f8a9c1ea044  (/usr/lib/libudev.so.1+0x9044)
    #2 0x7f8a9c1e93e1 in udev_enumerate_new (/usr/lib/libudev.so.1+0x83e1)
    #3 0x000000abcb9a  (/usr/lib/ld-linux-x86-64.so.2+0xabcb9a)
    #4 0x000000abcf11  (/usr/lib/ld-linux-x86-64.so.2+0xabcf11)
    #5 0x000000acb1d9  (/usr/lib/ld-linux-x86-64.so.2+0xacb1d9)
    #6 0x0000004d1454  (/usr/lib/ld-linux-x86-64.so.2+0x4d1454)
    #7 0x7f8a9bc77253  (/usr/lib/libc.so.6+0x26253)
    #8 0x7f8a9bc77305 in __libc_start_main (/usr/lib/libc.so.6+0x26305)
    #9 0x0000004f9b70  (/usr/lib/ld-linux-x86-64.so.2+0x4f9b70)

Indirect leak of 24 byte(s) in 1 object(s) allocated from:
    #0 0x7f8a9cc197cf in malloc ../../../../src/libsanitizer/lsan/lsan_interceptors.cpp:74
    #1 0x7f8a9c1ea044  (/usr/lib/libudev.so.1+0x9044)
    #2 0x7f8a9c1e93e1 in udev_enumerate_new (/usr/lib/libudev.so.1+0x83e1)
    #3 0x000000abc650  (/usr/lib/ld-linux-x86-64.so.2+0xabc650)
    #4 0x000000abcf3c  (/usr/lib/ld-linux-x86-64.so.2+0xabcf3c)
    #5 0x000000acb3b9  (/usr/lib/ld-linux-x86-64.so.2+0xacb3b9)
    #6 0x0000004d1454  (/usr/lib/ld-linux-x86-64.so.2+0x4d1454)
    #7 0x7f8a9bc77253  (/usr/lib/libc.so.6+0x26253)
    #8 0x7f8a9bc77305 in __libc_start_main (/usr/lib/libc.so.6+0x26305)
    #9 0x0000004f9b70  (/usr/lib/ld-linux-x86-64.so.2+0x4f9b70)

Indirect leak of 24 byte(s) in 1 object(s) allocated from:
    #0 0x7f8a9cc197cf in malloc ../../../../src/libsanitizer/lsan/lsan_interceptors.cpp:74
    #1 0x7f8a9c1ea044  (/usr/lib/libudev.so.1+0x9044)
    #2 0x7f8a9c1e93e1 in udev_enumerate_new (/usr/lib/libudev.so.1+0x83e1)
    #3 0x000000acec5f  (/usr/lib/ld-linux-x86-64.so.2+0xacec5f)
    #4 0x000000aced82  (/usr/lib/ld-linux-x86-64.so.2+0xaced82)
    #5 0x000000acb59d  (/usr/lib/ld-linux-x86-64.so.2+0xacb59d)
    #6 0x0000004d1454  (/usr/lib/ld-linux-x86-64.so.2+0x4d1454)
    #7 0x7f8a9bc77253  (/usr/lib/libc.so.6+0x26253)
    #8 0x7f8a9bc77305 in __libc_start_main (/usr/lib/libc.so.6+0x26305)
    #9 0x0000004f9b70  (/usr/lib/ld-linux-x86-64.so.2+0x4f9b70)

Indirect leak of 24 byte(s) in 1 object(s) allocated from:
    #0 0x7f8a9cc197cf in malloc ../../../../src/libsanitizer/lsan/lsan_interceptors.cpp:74
    #1 0x7f8a9c1ea044  (/usr/lib/libudev.so.1+0x9044)
    #2 0x7f8a9c1e93e1 in udev_enumerate_new (/usr/lib/libudev.so.1+0x83e1)
    #3 0x000000abc650  (/usr/lib/ld-linux-x86-64.so.2+0xabc650)
    #4 0x000000abcf3c  (/usr/lib/ld-linux-x86-64.so.2+0xabcf3c)
    #5 0x000000acb2d8  (/usr/lib/ld-linux-x86-64.so.2+0xacb2d8)
    #6 0x0000004d1454  (/usr/lib/ld-linux-x86-64.so.2+0x4d1454)
    #7 0x7f8a9bc77253  (/usr/lib/libc.so.6+0x26253)
    #8 0x7f8a9bc77305 in __libc_start_main (/usr/lib/libc.so.6+0x26305)
    #9 0x0000004f9b70  (/usr/lib/ld-linux-x86-64.so.2+0x4f9b70)

Indirect leak of 24 byte(s) in 1 object(s) allocated from:
    #0 0x7f8a9cc197cf in malloc ../../../../src/libsanitizer/lsan/lsan_interceptors.cpp:74
    #1 0x7f8a9c1ea044  (/usr/lib/libudev.so.1+0x9044)
    #2 0x7f8a9c1e93e1 in udev_enumerate_new (/usr/lib/libudev.so.1+0x83e1)
    #3 0x000000abcb9a  (/usr/lib/ld-linux-x86-64.so.2+0xabcb9a)
    #4 0x000000abcf11  (/usr/lib/ld-linux-x86-64.so.2+0xabcf11)
    #5 0x000000acb3b9  (/usr/lib/ld-linux-x86-64.so.2+0xacb3b9)
    #6 0x0000004d1454  (/usr/lib/ld-linux-x86-64.so.2+0x4d1454)
    #7 0x7f8a9bc77253  (/usr/lib/libc.so.6+0x26253)
    #8 0x7f8a9bc77305 in __libc_start_main (/usr/lib/libc.so.6+0x26305)
    #9 0x0000004f9b70  (/usr/lib/ld-linux-x86-64.so.2+0x4f9b70)

Indirect leak of 24 byte(s) in 1 object(s) allocated from:
    #0 0x7f8a9cc197cf in malloc ../../../../src/libsanitizer/lsan/lsan_interceptors.cpp:74
    #1 0x7f8a9c1ea044  (/usr/lib/libudev.so.1+0x9044)
    #2 0x7f8a9c1e93e1 in udev_enumerate_new (/usr/lib/libudev.so.1+0x83e1)
    #3 0x000000abcb9a  (/usr/lib/ld-linux-x86-64.so.2+0xabcb9a)
    #4 0x000000abcf11  (/usr/lib/ld-linux-x86-64.so.2+0xabcf11)
    #5 0x000000acb2d8  (/usr/lib/ld-linux-x86-64.so.2+0xacb2d8)
    #6 0x0000004d1454  (/usr/lib/ld-linux-x86-64.so.2+0x4d1454)
    #7 0x7f8a9bc77253  (/usr/lib/libc.so.6+0x26253)
    #8 0x7f8a9bc77305 in __libc_start_main (/usr/lib/libc.so.6+0x26305)
    #9 0x0000004f9b70  (/usr/lib/ld-linux-x86-64.so.2+0x4f9b70)

Indirect leak of 24 byte(s) in 1 object(s) allocated from:
    #0 0x7f8a9cc197cf in malloc ../../../../src/libsanitizer/lsan/lsan_interceptors.cpp:74
    #1 0x7f8a9c1ea044  (/usr/lib/libudev.so.1+0x9044)
    #2 0x7f8a9c1e93e1 in udev_enumerate_new (/usr/lib/libudev.so.1+0x83e1)
    #3 0x000000abc650  (/usr/lib/ld-linux-x86-64.so.2+0xabc650)
    #4 0x000000abcf3c  (/usr/lib/ld-linux-x86-64.so.2+0xabcf3c)
    #5 0x000000acb1d9  (/usr/lib/ld-linux-x86-64.so.2+0xacb1d9)
    #6 0x0000004d1454  (/usr/lib/ld-linux-x86-64.so.2+0x4d1454)
    #7 0x7f8a9bc77253  (/usr/lib/libc.so.6+0x26253)
    #8 0x7f8a9bc77305 in __libc_start_main (/usr/lib/libc.so.6+0x26305)
    #9 0x0000004f9b70  (/usr/lib/ld-linux-x86-64.so.2+0x4f9b70)

Indirect leak of 20 byte(s) in 10 object(s) allocated from:
    #0 0x7f8a9cc197cf in malloc ../../../../src/libsanitizer/lsan/lsan_interceptors.cpp:74
    #1 0x7f8a9bd06e39 in strdup (/usr/lib/libc.so.6+0xb5e39)
    #2 0x7f8a9c210dbd  (/usr/lib/libudev.so.1+0x2fdbd)
    #3 0x7f8a9c210f4c  (/usr/lib/libudev.so.1+0x2ff4c)
    #4 0x7f8a9c1edb7f  (/usr/lib/libudev.so.1+0xcb7f)
    #5 0x7f8a9c1ec0f0  (/usr/lib/libudev.so.1+0xb0f0)
    #6 0x7f8a9c1e98de in udev_enumerate_add_match_property (/usr/lib/libudev.so.1+0x88de)
    #7 0x000000abcbaf  (/usr/lib/ld-linux-x86-64.so.2+0xabcbaf)
    #8 0x000000abcf11  (/usr/lib/ld-linux-x86-64.so.2+0xabcf11)
    #9 0x000000acb1d9  (/usr/lib/ld-linux-x86-64.so.2+0xacb1d9)
    #10 0x000000b1f3e2  (/usr/lib/ld-linux-x86-64.so.2+0xb1f3e2)
    #11 0x000000515317  (/usr/lib/ld-linux-x86-64.so.2+0x515317)
    #12 0x000000a17dce  (/usr/lib/ld-linux-x86-64.so.2+0xa17dce)
    #13 0x000000a187ad  (/usr/lib/ld-linux-x86-64.so.2+0xa187ad)
    #14 0x000000b34d98  (/usr/lib/ld-linux-x86-64.so.2+0xb34d98)
    #15 0x000000aa42ed  (/usr/lib/ld-linux-x86-64.so.2+0xaa42ed)
    #16 0x000000a16baa  (/usr/lib/ld-linux-x86-64.so.2+0xa16baa)
    #17 0x000000b25488  (/usr/lib/ld-linux-x86-64.so.2+0xb25488)
    #18 0x0000004d2185  (/usr/lib/ld-linux-x86-64.so.2+0x4d2185)
    #19 0x7f8a9bc77253  (/usr/lib/libc.so.6+0x26253)
    #20 0x7f8a9bc77305 in __libc_start_main (/usr/lib/libc.so.6+0x26305)
    #21 0x0000004f9b70  (/usr/lib/ld-linux-x86-64.so.2+0x4f9b70)

Indirect leak of 20 byte(s) in 10 object(s) allocated from:
    #0 0x7f8a9cc197cf in malloc ../../../../src/libsanitizer/lsan/lsan_interceptors.cpp:74
    #1 0x7f8a9bd06e39 in strdup (/usr/lib/libc.so.6+0xb5e39)
    #2 0x7f8a9c210dbd  (/usr/lib/libudev.so.1+0x2fdbd)
    #3 0x7f8a9c210f4c  (/usr/lib/libudev.so.1+0x2ff4c)
    #4 0x7f8a9c1edb7f  (/usr/lib/libudev.so.1+0xcb7f)
    #5 0x7f8a9c1ec0f0  (/usr/lib/libudev.so.1+0xb0f0)
    #6 0x7f8a9c1e98de in udev_enumerate_add_match_property (/usr/lib/libudev.so.1+0x88de)
    #7 0x000000abcbaf  (/usr/lib/ld-linux-x86-64.so.2+0xabcbaf)
    #8 0x000000abcf11  (/usr/lib/ld-linux-x86-64.so.2+0xabcf11)
    #9 0x000000acb2d8  (/usr/lib/ld-linux-x86-64.so.2+0xacb2d8)
    #10 0x000000b1f3e2  (/usr/lib/ld-linux-x86-64.so.2+0xb1f3e2)
    #11 0x000000515317  (/usr/lib/ld-linux-x86-64.so.2+0x515317)
    #12 0x000000a17dce  (/usr/lib/ld-linux-x86-64.so.2+0xa17dce)
    #13 0x000000a187ad  (/usr/lib/ld-linux-x86-64.so.2+0xa187ad)
    #14 0x000000b34d98  (/usr/lib/ld-linux-x86-64.so.2+0xb34d98)
    #15 0x000000aa42ed  (/usr/lib/ld-linux-x86-64.so.2+0xaa42ed)
    #16 0x000000a16baa  (/usr/lib/ld-linux-x86-64.so.2+0xa16baa)
    #17 0x000000b25488  (/usr/lib/ld-linux-x86-64.so.2+0xb25488)
    #18 0x0000004d2185  (/usr/lib/ld-linux-x86-64.so.2+0x4d2185)
    #19 0x7f8a9bc77253  (/usr/lib/libc.so.6+0x26253)
    #20 0x7f8a9bc77305 in __libc_start_main (/usr/lib/libc.so.6+0x26305)
    #21 0x0000004f9b70  (/usr/lib/ld-linux-x86-64.so.2+0x4f9b70)

Indirect leak of 20 byte(s) in 10 object(s) allocated from:
    #0 0x7f8a9cc197cf in malloc ../../../../src/libsanitizer/lsan/lsan_interceptors.cpp:74
    #1 0x7f8a9bd06e39 in strdup (/usr/lib/libc.so.6+0xb5e39)
    #2 0x7f8a9c210dbd  (/usr/lib/libudev.so.1+0x2fdbd)
    #3 0x7f8a9c210f4c  (/usr/lib/libudev.so.1+0x2ff4c)
    #4 0x7f8a9c1edb7f  (/usr/lib/libudev.so.1+0xcb7f)
    #5 0x7f8a9c1ec0f0  (/usr/lib/libudev.so.1+0xb0f0)
    #6 0x7f8a9c1e98de in udev_enumerate_add_match_property (/usr/lib/libudev.so.1+0x88de)
    #7 0x000000abcbaf  (/usr/lib/ld-linux-x86-64.so.2+0xabcbaf)
    #8 0x000000abcf11  (/usr/lib/ld-linux-x86-64.so.2+0xabcf11)
    #9 0x000000acb3b9  (/usr/lib/ld-linux-x86-64.so.2+0xacb3b9)
    #10 0x000000b1f3e2  (/usr/lib/ld-linux-x86-64.so.2+0xb1f3e2)
    #11 0x000000515317  (/usr/lib/ld-linux-x86-64.so.2+0x515317)
    #12 0x000000a17dce  (/usr/lib/ld-linux-x86-64.so.2+0xa17dce)
    #13 0x000000a187ad  (/usr/lib/ld-linux-x86-64.so.2+0xa187ad)
    #14 0x000000b34d98  (/usr/lib/ld-linux-x86-64.so.2+0xb34d98)
    #15 0x000000aa42ed  (/usr/lib/ld-linux-x86-64.so.2+0xaa42ed)
    #16 0x000000a16baa  (/usr/lib/ld-linux-x86-64.so.2+0xa16baa)
    #17 0x000000b25488  (/usr/lib/ld-linux-x86-64.so.2+0xb25488)
    #18 0x0000004d2185  (/usr/lib/ld-linux-x86-64.so.2+0x4d2185)
    #19 0x7f8a9bc77253  (/usr/lib/libc.so.6+0x26253)
    #20 0x7f8a9bc77305 in __libc_start_main (/usr/lib/libc.so.6+0x26305)
    #21 0x0000004f9b70  (/usr/lib/ld-linux-x86-64.so.2+0x4f9b70)

Indirect leak of 18 byte(s) in 9 object(s) allocated from:
    #0 0x7f8a9cc197cf in malloc ../../../../src/libsanitizer/lsan/lsan_interceptors.cpp:74
    #1 0x7f8a9bd06e39 in strdup (/usr/lib/libc.so.6+0xb5e39)
    #2 0x7f8a9c210dbd  (/usr/lib/libudev.so.1+0x2fdbd)
    #3 0x7f8a9c210f4c  (/usr/lib/libudev.so.1+0x2ff4c)
    #4 0x7f8a9c1edb7f  (/usr/lib/libudev.so.1+0xcb7f)
    #5 0x7f8a9c1ec0f0  (/usr/lib/libudev.so.1+0xb0f0)
    #6 0x7f8a9c1e98de in udev_enumerate_add_match_property (/usr/lib/libudev.so.1+0x88de)
    #7 0x000000acec74  (/usr/lib/ld-linux-x86-64.so.2+0xacec74)
    #8 0x000000aced82  (/usr/lib/ld-linux-x86-64.so.2+0xaced82)
    #9 0x000000acb59d  (/usr/lib/ld-linux-x86-64.so.2+0xacb59d)
    #10 0x000000b1f3e2  (/usr/lib/ld-linux-x86-64.so.2+0xb1f3e2)
    #11 0x000000515317  (/usr/lib/ld-linux-x86-64.so.2+0x515317)
    #12 0x000000a17dce  (/usr/lib/ld-linux-x86-64.so.2+0xa17dce)
    #13 0x000000a187ad  (/usr/lib/ld-linux-x86-64.so.2+0xa187ad)
    #14 0x000000b34d98  (/usr/lib/ld-linux-x86-64.so.2+0xb34d98)
    #15 0x000000aa42ed  (/usr/lib/ld-linux-x86-64.so.2+0xaa42ed)
    #16 0x000000a16baa  (/usr/lib/ld-linux-x86-64.so.2+0xa16baa)
    #17 0x000000b25488  (/usr/lib/ld-linux-x86-64.so.2+0xb25488)
    #18 0x0000004d2185  (/usr/lib/ld-linux-x86-64.so.2+0x4d2185)
    #19 0x7f8a9bc77253  (/usr/lib/libc.so.6+0x26253)
    #20 0x7f8a9bc77305 in __libc_start_main (/usr/lib/libc.so.6+0x26305)
    #21 0x0000004f9b70  (/usr/lib/ld-linux-x86-64.so.2+0x4f9b70)

Indirect leak of 16 byte(s) in 1 object(s) allocated from:
    #0 0x7f8a9cc197cf in malloc ../../../../src/libsanitizer/lsan/lsan_interceptors.cpp:74
    #1 0x7f8a9c210d93  (/usr/lib/libudev.so.1+0x2fd93)
    #2 0x7f8a9c210f4c  (/usr/lib/libudev.so.1+0x2ff4c)
    #3 0x7f8a9c1edb7f  (/usr/lib/libudev.so.1+0xcb7f)
    #4 0x7f8a9c1ec0f0  (/usr/lib/libudev.so.1+0xb0f0)
    #5 0x7f8a9c1e98de in udev_enumerate_add_match_property (/usr/lib/libudev.so.1+0x88de)
    #6 0x000000abcbaf  (/usr/lib/ld-linux-x86-64.so.2+0xabcbaf)
    #7 0x000000abcf11  (/usr/lib/ld-linux-x86-64.so.2+0xabcf11)
    #8 0x000000acb1d9  (/usr/lib/ld-linux-x86-64.so.2+0xacb1d9)
    #9 0x0000004d1454  (/usr/lib/ld-linux-x86-64.so.2+0x4d1454)
    #10 0x7f8a9bc77253  (/usr/lib/libc.so.6+0x26253)
    #11 0x7f8a9bc77305 in __libc_start_main (/usr/lib/libc.so.6+0x26305)
    #12 0x0000004f9b70  (/usr/lib/ld-linux-x86-64.so.2+0x4f9b70)

Indirect leak of 16 byte(s) in 1 object(s) allocated from:
    #0 0x7f8a9cc197cf in malloc ../../../../src/libsanitizer/lsan/lsan_interceptors.cpp:74
    #1 0x7f8a9c210d93  (/usr/lib/libudev.so.1+0x2fd93)
    #2 0x7f8a9c210f4c  (/usr/lib/libudev.so.1+0x2ff4c)
    #3 0x7f8a9c1edb7f  (/usr/lib/libudev.so.1+0xcb7f)
    #4 0x7f8a9c1ec0f0  (/usr/lib/libudev.so.1+0xb0f0)
    #5 0x7f8a9c1e98de in udev_enumerate_add_match_property (/usr/lib/libudev.so.1+0x88de)
    #6 0x000000abcbaf  (/usr/lib/ld-linux-x86-64.so.2+0xabcbaf)
    #7 0x000000abcf11  (/usr/lib/ld-linux-x86-64.so.2+0xabcf11)
    #8 0x000000acb2d8  (/usr/lib/ld-linux-x86-64.so.2+0xacb2d8)
    #9 0x0000004d1454  (/usr/lib/ld-linux-x86-64.so.2+0x4d1454)
    #10 0x7f8a9bc77253  (/usr/lib/libc.so.6+0x26253)
    #11 0x7f8a9bc77305 in __libc_start_main (/usr/lib/libc.so.6+0x26305)
    #12 0x0000004f9b70  (/usr/lib/ld-linux-x86-64.so.2+0x4f9b70)

Indirect leak of 16 byte(s) in 1 object(s) allocated from:
    #0 0x7f8a9cc197cf in malloc ../../../../src/libsanitizer/lsan/lsan_interceptors.cpp:74
    #1 0x7f8a9c210d93  (/usr/lib/libudev.so.1+0x2fd93)
    #2 0x7f8a9c210f4c  (/usr/lib/libudev.so.1+0x2ff4c)
    #3 0x7f8a9c1edb7f  (/usr/lib/libudev.so.1+0xcb7f)
    #4 0x7f8a9c1ec0f0  (/usr/lib/libudev.so.1+0xb0f0)
    #5 0x7f8a9c1e98de in udev_enumerate_add_match_property (/usr/lib/libudev.so.1+0x88de)
    #6 0x000000acec74  (/usr/lib/ld-linux-x86-64.so.2+0xacec74)
    #7 0x000000aced82  (/usr/lib/ld-linux-x86-64.so.2+0xaced82)
    #8 0x000000acb59d  (/usr/lib/ld-linux-x86-64.so.2+0xacb59d)
    #9 0x0000004d1454  (/usr/lib/ld-linux-x86-64.so.2+0x4d1454)
    #10 0x7f8a9bc77253  (/usr/lib/libc.so.6+0x26253)
    #11 0x7f8a9bc77305 in __libc_start_main (/usr/lib/libc.so.6+0x26305)
    #12 0x0000004f9b70  (/usr/lib/ld-linux-x86-64.so.2+0x4f9b70)

Indirect leak of 16 byte(s) in 1 object(s) allocated from:
    #0 0x7f8a9cc197cf in malloc ../../../../src/libsanitizer/lsan/lsan_interceptors.cpp:74
    #1 0x7f8a9c210d93  (/usr/lib/libudev.so.1+0x2fd93)
    #2 0x7f8a9c210f4c  (/usr/lib/libudev.so.1+0x2ff4c)
    #3 0x7f8a9c1edb7f  (/usr/lib/libudev.so.1+0xcb7f)
    #4 0x7f8a9c1ec0f0  (/usr/lib/libudev.so.1+0xb0f0)
    #5 0x7f8a9c1e98de in udev_enumerate_add_match_property (/usr/lib/libudev.so.1+0x88de)
    #6 0x000000abcbaf  (/usr/lib/ld-linux-x86-64.so.2+0xabcbaf)
    #7 0x000000abcf11  (/usr/lib/ld-linux-x86-64.so.2+0xabcf11)
    #8 0x000000acb3b9  (/usr/lib/ld-linux-x86-64.so.2+0xacb3b9)
    #9 0x0000004d1454  (/usr/lib/ld-linux-x86-64.so.2+0x4d1454)
    #10 0x7f8a9bc77253  (/usr/lib/libc.so.6+0x26253)
    #11 0x7f8a9bc77305 in __libc_start_main (/usr/lib/libc.so.6+0x26305)
    #12 0x0000004f9b70  (/usr/lib/ld-linux-x86-64.so.2+0x4f9b70)

Indirect leak of 15 byte(s) in 1 object(s) allocated from:
    #0 0x7f8a9cc197cf in malloc ../../../../src/libsanitizer/lsan/lsan_interceptors.cpp:74
    #1 0x7f8a9bd06e39 in strdup (/usr/lib/libc.so.6+0xb5e39)
    #2 0x7f8a9c1edb67  (/usr/lib/libudev.so.1+0xcb67)
    #3 0x7f8a9c1ec0f0  (/usr/lib/libudev.so.1+0xb0f0)
    #4 0x7f8a9c1e98de in udev_enumerate_add_match_property (/usr/lib/libudev.so.1+0x88de)
    #5 0x000000abcbaf  (/usr/lib/ld-linux-x86-64.so.2+0xabcbaf)
    #6 0x000000abcf11  (/usr/lib/ld-linux-x86-64.so.2+0xabcf11)
    #7 0x000000acb1d9  (/usr/lib/ld-linux-x86-64.so.2+0xacb1d9)
    #8 0x0000004d1454  (/usr/lib/ld-linux-x86-64.so.2+0x4d1454)
    #9 0x7f8a9bc77253  (/usr/lib/libc.so.6+0x26253)
    #10 0x7f8a9bc77305 in __libc_start_main (/usr/lib/libc.so.6+0x26305)
    #11 0x0000004f9b70  (/usr/lib/ld-linux-x86-64.so.2+0x4f9b70)

Indirect leak of 15 byte(s) in 1 object(s) allocated from:
    #0 0x7f8a9cc197cf in malloc ../../../../src/libsanitizer/lsan/lsan_interceptors.cpp:74
    #1 0x7f8a9bd06e39 in strdup (/usr/lib/libc.so.6+0xb5e39)
    #2 0x7f8a9c1edb67  (/usr/lib/libudev.so.1+0xcb67)
    #3 0x7f8a9c1ec0f0  (/usr/lib/libudev.so.1+0xb0f0)
    #4 0x7f8a9c1e98de in udev_enumerate_add_match_property (/usr/lib/libudev.so.1+0x88de)
    #5 0x000000abcbaf  (/usr/lib/ld-linux-x86-64.so.2+0xabcbaf)
    #6 0x000000abcf11  (/usr/lib/ld-linux-x86-64.so.2+0xabcf11)
    #7 0x000000acb2d8  (/usr/lib/ld-linux-x86-64.so.2+0xacb2d8)
    #8 0x0000004d1454  (/usr/lib/ld-linux-x86-64.so.2+0x4d1454)
    #9 0x7f8a9bc77253  (/usr/lib/libc.so.6+0x26253)
    #10 0x7f8a9bc77305 in __libc_start_main (/usr/lib/libc.so.6+0x26305)
    #11 0x0000004f9b70  (/usr/lib/ld-linux-x86-64.so.2+0x4f9b70)

Indirect leak of 15 byte(s) in 1 object(s) allocated from:
    #0 0x7f8a9cc197cf in malloc ../../../../src/libsanitizer/lsan/lsan_interceptors.cpp:74
    #1 0x7f8a9bd06e39 in strdup (/usr/lib/libc.so.6+0xb5e39)
    #2 0x7f8a9c1edb67  (/usr/lib/libudev.so.1+0xcb67)
    #3 0x7f8a9c1ec0f0  (/usr/lib/libudev.so.1+0xb0f0)
    #4 0x7f8a9c1e98de in udev_enumerate_add_match_property (/usr/lib/libudev.so.1+0x88de)
    #5 0x000000abcbaf  (/usr/lib/ld-linux-x86-64.so.2+0xabcbaf)
    #6 0x000000abcf11  (/usr/lib/ld-linux-x86-64.so.2+0xabcf11)
    #7 0x000000acb3b9  (/usr/lib/ld-linux-x86-64.so.2+0xacb3b9)
    #8 0x0000004d1454  (/usr/lib/ld-linux-x86-64.so.2+0x4d1454)
    #9 0x7f8a9bc77253  (/usr/lib/libc.so.6+0x26253)
    #10 0x7f8a9bc77305 in __libc_start_main (/usr/lib/libc.so.6+0x26305)
    #11 0x0000004f9b70  (/usr/lib/ld-linux-x86-64.so.2+0x4f9b70)

Indirect leak of 13 byte(s) in 1 object(s) allocated from:
    #0 0x7f8a9cc197cf in malloc ../../../../src/libsanitizer/lsan/lsan_interceptors.cpp:74
    #1 0x7f8a9bd06e39 in strdup (/usr/lib/libc.so.6+0xb5e39)
    #2 0x7f8a9c1edb67  (/usr/lib/libudev.so.1+0xcb67)
    #3 0x7f8a9c1ec0f0  (/usr/lib/libudev.so.1+0xb0f0)
    #4 0x7f8a9c1e98de in udev_enumerate_add_match_property (/usr/lib/libudev.so.1+0x88de)
    #5 0x000000acec74  (/usr/lib/ld-linux-x86-64.so.2+0xacec74)
    #6 0x000000aced82  (/usr/lib/ld-linux-x86-64.so.2+0xaced82)
    #7 0x000000acb59d  (/usr/lib/ld-linux-x86-64.so.2+0xacb59d)
    #8 0x0000004d1454  (/usr/lib/ld-linux-x86-64.so.2+0x4d1454)
    #9 0x7f8a9bc77253  (/usr/lib/libc.so.6+0x26253)
    #10 0x7f8a9bc77305 in __libc_start_main (/usr/lib/libc.so.6+0x26305)
    #11 0x0000004f9b70  (/usr/lib/ld-linux-x86-64.so.2+0x4f9b70)

Indirect leak of 10 byte(s) in 10 object(s) allocated from:
    #0 0x7f8a9cc197cf in malloc ../../../../src/libsanitizer/lsan/lsan_interceptors.cpp:74
    #1 0x7f8a9c1eb978  (/usr/lib/libudev.so.1+0xa978)
    #2 0x7f8a9c1ed9bb  (/usr/lib/libudev.so.1+0xc9bb)
    #3 0x7f8a9c1e960d in udev_enumerate_get_list_entry (/usr/lib/libudev.so.1+0x860d)
    #4 0x000000acec91  (/usr/lib/ld-linux-x86-64.so.2+0xacec91)
    #5 0x000000aced82  (/usr/lib/ld-linux-x86-64.so.2+0xaced82)
    #6 0x000000acb59d  (/usr/lib/ld-linux-x86-64.so.2+0xacb59d)
    #7 0x000000b1f3e2  (/usr/lib/ld-linux-x86-64.so.2+0xb1f3e2)
    #8 0x000000515317  (/usr/lib/ld-linux-x86-64.so.2+0x515317)
    #9 0x000000a17dce  (/usr/lib/ld-linux-x86-64.so.2+0xa17dce)
    #10 0x000000a187ad  (/usr/lib/ld-linux-x86-64.so.2+0xa187ad)
    #11 0x000000b34d98  (/usr/lib/ld-linux-x86-64.so.2+0xb34d98)
    #12 0x000000aa42ed  (/usr/lib/ld-linux-x86-64.so.2+0xaa42ed)
    #13 0x000000a16baa  (/usr/lib/ld-linux-x86-64.so.2+0xa16baa)
    #14 0x000000b25488  (/usr/lib/ld-linux-x86-64.so.2+0xb25488)
    #15 0x0000004d2185  (/usr/lib/ld-linux-x86-64.so.2+0x4d2185)
    #16 0x7f8a9bc77253  (/usr/lib/libc.so.6+0x26253)
    #17 0x7f8a9bc77305 in __libc_start_main (/usr/lib/libc.so.6+0x26305)
    #18 0x0000004f9b70  (/usr/lib/ld-linux-x86-64.so.2+0x4f9b70)

Indirect leak of 10 byte(s) in 10 object(s) allocated from:
    #0 0x7f8a9cc197cf in malloc ../../../../src/libsanitizer/lsan/lsan_interceptors.cpp:74
    #1 0x7f8a9c1eb978  (/usr/lib/libudev.so.1+0xa978)
    #2 0x7f8a9c1ed9bb  (/usr/lib/libudev.so.1+0xc9bb)
    #3 0x7f8a9c1e960d in udev_enumerate_get_list_entry (/usr/lib/libudev.so.1+0x860d)
    #4 0x000000abcbcc  (/usr/lib/ld-linux-x86-64.so.2+0xabcbcc)
    #5 0x000000abcf11  (/usr/lib/ld-linux-x86-64.so.2+0xabcf11)
    #6 0x000000acb3b9  (/usr/lib/ld-linux-x86-64.so.2+0xacb3b9)
    #7 0x000000b1f3e2  (/usr/lib/ld-linux-x86-64.so.2+0xb1f3e2)
    #8 0x000000515317  (/usr/lib/ld-linux-x86-64.so.2+0x515317)
    #9 0x000000a17dce  (/usr/lib/ld-linux-x86-64.so.2+0xa17dce)
    #10 0x000000a187ad  (/usr/lib/ld-linux-x86-64.so.2+0xa187ad)
    #11 0x000000b34d98  (/usr/lib/ld-linux-x86-64.so.2+0xb34d98)
    #12 0x000000aa42ed  (/usr/lib/ld-linux-x86-64.so.2+0xaa42ed)
    #13 0x000000a16baa  (/usr/lib/ld-linux-x86-64.so.2+0xa16baa)
    #14 0x000000b25488  (/usr/lib/ld-linux-x86-64.so.2+0xb25488)
    #15 0x0000004d2185  (/usr/lib/ld-linux-x86-64.so.2+0x4d2185)
    #16 0x7f8a9bc77253  (/usr/lib/libc.so.6+0x26253)
    #17 0x7f8a9bc77305 in __libc_start_main (/usr/lib/libc.so.6+0x26305)
    #18 0x0000004f9b70  (/usr/lib/ld-linux-x86-64.so.2+0x4f9b70)

Indirect leak of 10 byte(s) in 10 object(s) allocated from:
    #0 0x7f8a9cc197cf in malloc ../../../../src/libsanitizer/lsan/lsan_interceptors.cpp:74
    #1 0x7f8a9c1eb978  (/usr/lib/libudev.so.1+0xa978)
    #2 0x7f8a9c1ed9bb  (/usr/lib/libudev.so.1+0xc9bb)
    #3 0x7f8a9c1e960d in udev_enumerate_get_list_entry (/usr/lib/libudev.so.1+0x860d)
    #4 0x000000abcbcc  (/usr/lib/ld-linux-x86-64.so.2+0xabcbcc)
    #5 0x000000abcf11  (/usr/lib/ld-linux-x86-64.so.2+0xabcf11)
    #6 0x000000acb2d8  (/usr/lib/ld-linux-x86-64.so.2+0xacb2d8)
    #7 0x000000b1f3e2  (/usr/lib/ld-linux-x86-64.so.2+0xb1f3e2)
    #8 0x000000515317  (/usr/lib/ld-linux-x86-64.so.2+0x515317)
    #9 0x000000a17dce  (/usr/lib/ld-linux-x86-64.so.2+0xa17dce)
    #10 0x000000a187ad  (/usr/lib/ld-linux-x86-64.so.2+0xa187ad)
    #11 0x000000b34d98  (/usr/lib/ld-linux-x86-64.so.2+0xb34d98)
    #12 0x000000aa42ed  (/usr/lib/ld-linux-x86-64.so.2+0xaa42ed)
    #13 0x000000a16baa  (/usr/lib/ld-linux-x86-64.so.2+0xa16baa)
    #14 0x000000b25488  (/usr/lib/ld-linux-x86-64.so.2+0xb25488)
    #15 0x0000004d2185  (/usr/lib/ld-linux-x86-64.so.2+0x4d2185)
    #16 0x7f8a9bc77253  (/usr/lib/libc.so.6+0x26253)
    #17 0x7f8a9bc77305 in __libc_start_main (/usr/lib/libc.so.6+0x26305)
    #18 0x0000004f9b70  (/usr/lib/ld-linux-x86-64.so.2+0x4f9b70)

Indirect leak of 10 byte(s) in 10 object(s) allocated from:
    #0 0x7f8a9cc197cf in malloc ../../../../src/libsanitizer/lsan/lsan_interceptors.cpp:74
    #1 0x7f8a9c1eb978  (/usr/lib/libudev.so.1+0xa978)
    #2 0x7f8a9c1ed9bb  (/usr/lib/libudev.so.1+0xc9bb)
    #3 0x7f8a9c1e960d in udev_enumerate_get_list_entry (/usr/lib/libudev.so.1+0x860d)
    #4 0x000000abcbcc  (/usr/lib/ld-linux-x86-64.so.2+0xabcbcc)
    #5 0x000000abcf11  (/usr/lib/ld-linux-x86-64.so.2+0xabcf11)
    #6 0x000000acb1d9  (/usr/lib/ld-linux-x86-64.so.2+0xacb1d9)
    #7 0x000000b1f3e2  (/usr/lib/ld-linux-x86-64.so.2+0xb1f3e2)
    #8 0x000000515317  (/usr/lib/ld-linux-x86-64.so.2+0x515317)
    #9 0x000000a17dce  (/usr/lib/ld-linux-x86-64.so.2+0xa17dce)
    #10 0x000000a187ad  (/usr/lib/ld-linux-x86-64.so.2+0xa187ad)
    #11 0x000000b34d98  (/usr/lib/ld-linux-x86-64.so.2+0xb34d98)
    #12 0x000000aa42ed  (/usr/lib/ld-linux-x86-64.so.2+0xaa42ed)
    #13 0x000000a16baa  (/usr/lib/ld-linux-x86-64.so.2+0xa16baa)
    #14 0x000000b25488  (/usr/lib/ld-linux-x86-64.so.2+0xb25488)
    #15 0x0000004d2185  (/usr/lib/ld-linux-x86-64.so.2+0x4d2185)
    #16 0x7f8a9bc77253  (/usr/lib/libc.so.6+0x26253)
    #17 0x7f8a9bc77305 in __libc_start_main (/usr/lib/libc.so.6+0x26305)
    #18 0x0000004f9b70  (/usr/lib/ld-linux-x86-64.so.2+0x4f9b70)

Indirect leak of 6 byte(s) in 1 object(s) allocated from:
    #0 0x7f8a9cc197cf in malloc ../../../../src/libsanitizer/lsan/lsan_interceptors.cpp:74
    #1 0x7f8a9bd06e39 in strdup (/usr/lib/libc.so.6+0xb5e39)
    #2 0x7f8a9c206957  (/usr/lib/libudev.so.1+0x25957)
    #3 0x7f8a9c1ebfb9  (/usr/lib/libudev.so.1+0xafb9)
    #4 0x7f8a9c1e9723 in udev_enumerate_add_match_subsystem (/usr/lib/libudev.so.1+0x8723)
    #5 0x000000abc660  (/usr/lib/ld-linux-x86-64.so.2+0xabc660)
    #6 0x000000abcf3c  (/usr/lib/ld-linux-x86-64.so.2+0xabcf3c)
    #7 0x000000acb1d9  (/usr/lib/ld-linux-x86-64.so.2+0xacb1d9)
    #8 0x0000004d1454  (/usr/lib/ld-linux-x86-64.so.2+0x4d1454)
    #9 0x7f8a9bc77253  (/usr/lib/libc.so.6+0x26253)
    #10 0x7f8a9bc77305 in __libc_start_main (/usr/lib/libc.so.6+0x26305)
    #11 0x0000004f9b70  (/usr/lib/ld-linux-x86-64.so.2+0x4f9b70)

Indirect leak of 6 byte(s) in 1 object(s) allocated from:
    #0 0x7f8a9cc197cf in malloc ../../../../src/libsanitizer/lsan/lsan_interceptors.cpp:74
    #1 0x7f8a9bd06e39 in strdup (/usr/lib/libc.so.6+0xb5e39)
    #2 0x7f8a9c206957  (/usr/lib/libudev.so.1+0x25957)
    #3 0x7f8a9c1ebfb9  (/usr/lib/libudev.so.1+0xafb9)
    #4 0x7f8a9c1e9723 in udev_enumerate_add_match_subsystem (/usr/lib/libudev.so.1+0x8723)
    #5 0x000000abc660  (/usr/lib/ld-linux-x86-64.so.2+0xabc660)
    #6 0x000000abcf3c  (/usr/lib/ld-linux-x86-64.so.2+0xabcf3c)
    #7 0x000000acb2d8  (/usr/lib/ld-linux-x86-64.so.2+0xacb2d8)
    #8 0x0000004d1454  (/usr/lib/ld-linux-x86-64.so.2+0x4d1454)
    #9 0x7f8a9bc77253  (/usr/lib/libc.so.6+0x26253)
    #10 0x7f8a9bc77305 in __libc_start_main (/usr/lib/libc.so.6+0x26305)
    #11 0x0000004f9b70  (/usr/lib/ld-linux-x86-64.so.2+0x4f9b70)

Indirect leak of 6 byte(s) in 1 object(s) allocated from:
    #0 0x7f8a9cc197cf in malloc ../../../../src/libsanitizer/lsan/lsan_interceptors.cpp:74
    #1 0x7f8a9bd06e39 in strdup (/usr/lib/libc.so.6+0xb5e39)
    #2 0x7f8a9c206957  (/usr/lib/libudev.so.1+0x25957)
    #3 0x7f8a9c1ebfb9  (/usr/lib/libudev.so.1+0xafb9)
    #4 0x7f8a9c1e9723 in udev_enumerate_add_match_subsystem (/usr/lib/libudev.so.1+0x8723)
    #5 0x000000acec81  (/usr/lib/ld-linux-x86-64.so.2+0xacec81)
    #6 0x000000aced82  (/usr/lib/ld-linux-x86-64.so.2+0xaced82)
    #7 0x000000acb59d  (/usr/lib/ld-linux-x86-64.so.2+0xacb59d)
    #8 0x0000004d1454  (/usr/lib/ld-linux-x86-64.so.2+0x4d1454)
    #9 0x7f8a9bc77253  (/usr/lib/libc.so.6+0x26253)
    #10 0x7f8a9bc77305 in __libc_start_main (/usr/lib/libc.so.6+0x26305)
    #11 0x0000004f9b70  (/usr/lib/ld-linux-x86-64.so.2+0x4f9b70)

Indirect leak of 6 byte(s) in 1 object(s) allocated from:
    #0 0x7f8a9cc197cf in malloc ../../../../src/libsanitizer/lsan/lsan_interceptors.cpp:74
    #1 0x7f8a9bd06e39 in strdup (/usr/lib/libc.so.6+0xb5e39)
    #2 0x7f8a9c206957  (/usr/lib/libudev.so.1+0x25957)
    #3 0x7f8a9c1ebfb9  (/usr/lib/libudev.so.1+0xafb9)
    #4 0x7f8a9c1e9723 in udev_enumerate_add_match_subsystem (/usr/lib/libudev.so.1+0x8723)
    #5 0x000000abc660  (/usr/lib/ld-linux-x86-64.so.2+0xabc660)
    #6 0x000000abcf3c  (/usr/lib/ld-linux-x86-64.so.2+0xabcf3c)
    #7 0x000000acb3b9  (/usr/lib/ld-linux-x86-64.so.2+0xacb3b9)
    #8 0x0000004d1454  (/usr/lib/ld-linux-x86-64.so.2+0x4d1454)
    #9 0x7f8a9bc77253  (/usr/lib/libc.so.6+0x26253)
    #10 0x7f8a9bc77305 in __libc_start_main (/usr/lib/libc.so.6+0x26305)
    #11 0x0000004f9b70  (/usr/lib/ld-linux-x86-64.so.2+0x4f9b70)

Indirect leak of 6 byte(s) in 1 object(s) allocated from:
    #0 0x7f8a9cc197cf in malloc ../../../../src/libsanitizer/lsan/lsan_interceptors.cpp:74
    #1 0x7f8a9bd06e39 in strdup (/usr/lib/libc.so.6+0xb5e39)
    #2 0x7f8a9c206957  (/usr/lib/libudev.so.1+0x25957)
    #3 0x7f8a9c1ebfb9  (/usr/lib/libudev.so.1+0xafb9)
    #4 0x7f8a9c1e9723 in udev_enumerate_add_match_subsystem (/usr/lib/libudev.so.1+0x8723)
    #5 0x000000abcbbc  (/usr/lib/ld-linux-x86-64.so.2+0xabcbbc)
    #6 0x000000abcf11  (/usr/lib/ld-linux-x86-64.so.2+0xabcf11)
    #7 0x000000acb1d9  (/usr/lib/ld-linux-x86-64.so.2+0xacb1d9)
    #8 0x0000004d1454  (/usr/lib/ld-linux-x86-64.so.2+0x4d1454)
    #9 0x7f8a9bc77253  (/usr/lib/libc.so.6+0x26253)
    #10 0x7f8a9bc77305 in __libc_start_main (/usr/lib/libc.so.6+0x26305)
    #11 0x0000004f9b70  (/usr/lib/ld-linux-x86-64.so.2+0x4f9b70)

Indirect leak of 6 byte(s) in 1 object(s) allocated from:
    #0 0x7f8a9cc197cf in malloc ../../../../src/libsanitizer/lsan/lsan_interceptors.cpp:74
    #1 0x7f8a9bd06e39 in strdup (/usr/lib/libc.so.6+0xb5e39)
    #2 0x7f8a9c206957  (/usr/lib/libudev.so.1+0x25957)
    #3 0x7f8a9c1ebfb9  (/usr/lib/libudev.so.1+0xafb9)
    #4 0x7f8a9c1e9723 in udev_enumerate_add_match_subsystem (/usr/lib/libudev.so.1+0x8723)
    #5 0x000000abcbbc  (/usr/lib/ld-linux-x86-64.so.2+0xabcbbc)
    #6 0x000000abcf11  (/usr/lib/ld-linux-x86-64.so.2+0xabcf11)
    #7 0x000000acb3b9  (/usr/lib/ld-linux-x86-64.so.2+0xacb3b9)
    #8 0x0000004d1454  (/usr/lib/ld-linux-x86-64.so.2+0x4d1454)
    #9 0x7f8a9bc77253  (/usr/lib/libc.so.6+0x26253)
    #10 0x7f8a9bc77305 in __libc_start_main (/usr/lib/libc.so.6+0x26305)
    #11 0x0000004f9b70  (/usr/lib/ld-linux-x86-64.so.2+0x4f9b70)

Indirect leak of 6 byte(s) in 1 object(s) allocated from:
    #0 0x7f8a9cc197cf in malloc ../../../../src/libsanitizer/lsan/lsan_interceptors.cpp:74
    #1 0x7f8a9bd06e39 in strdup (/usr/lib/libc.so.6+0xb5e39)
    #2 0x7f8a9c206957  (/usr/lib/libudev.so.1+0x25957)
    #3 0x7f8a9c1ebfb9  (/usr/lib/libudev.so.1+0xafb9)
    #4 0x7f8a9c1e9723 in udev_enumerate_add_match_subsystem (/usr/lib/libudev.so.1+0x8723)
    #5 0x000000abcbbc  (/usr/lib/ld-linux-x86-64.so.2+0xabcbbc)
    #6 0x000000abcf11  (/usr/lib/ld-linux-x86-64.so.2+0xabcf11)
    #7 0x000000acb2d8  (/usr/lib/ld-linux-x86-64.so.2+0xacb2d8)
    #8 0x0000004d1454  (/usr/lib/ld-linux-x86-64.so.2+0x4d1454)
    #9 0x7f8a9bc77253  (/usr/lib/libc.so.6+0x26253)
    #10 0x7f8a9bc77305 in __libc_start_main (/usr/lib/libc.so.6+0x26305)
    #11 0x0000004f9b70  (/usr/lib/ld-linux-x86-64.so.2+0x4f9b70)

Indirect leak of 2 byte(s) in 1 object(s) allocated from:
    #0 0x7f8a9cc197cf in malloc ../../../../src/libsanitizer/lsan/lsan_interceptors.cpp:74
    #1 0x7f8a9bd06e39 in strdup (/usr/lib/libc.so.6+0xb5e39)
    #2 0x7f8a9c210dbd  (/usr/lib/libudev.so.1+0x2fdbd)
    #3 0x7f8a9c210f4c  (/usr/lib/libudev.so.1+0x2ff4c)
    #4 0x7f8a9c1edb7f  (/usr/lib/libudev.so.1+0xcb7f)
    #5 0x7f8a9c1ec0f0  (/usr/lib/libudev.so.1+0xb0f0)
    #6 0x7f8a9c1e98de in udev_enumerate_add_match_property (/usr/lib/libudev.so.1+0x88de)
    #7 0x000000abcbaf  (/usr/lib/ld-linux-x86-64.so.2+0xabcbaf)
    #8 0x000000abcf11  (/usr/lib/ld-linux-x86-64.so.2+0xabcf11)
    #9 0x000000acb1d9  (/usr/lib/ld-linux-x86-64.so.2+0xacb1d9)
    #10 0x0000004d1454  (/usr/lib/ld-linux-x86-64.so.2+0x4d1454)
    #11 0x7f8a9bc77253  (/usr/lib/libc.so.6+0x26253)
    #12 0x7f8a9bc77305 in __libc_start_main (/usr/lib/libc.so.6+0x26305)
    #13 0x0000004f9b70  (/usr/lib/ld-linux-x86-64.so.2+0x4f9b70)

Indirect leak of 2 byte(s) in 1 object(s) allocated from:
    #0 0x7f8a9cc197cf in malloc ../../../../src/libsanitizer/lsan/lsan_interceptors.cpp:74
    #1 0x7f8a9bd06e39 in strdup (/usr/lib/libc.so.6+0xb5e39)
    #2 0x7f8a9c210dbd  (/usr/lib/libudev.so.1+0x2fdbd)
    #3 0x7f8a9c210f4c  (/usr/lib/libudev.so.1+0x2ff4c)
    #4 0x7f8a9c1edb7f  (/usr/lib/libudev.so.1+0xcb7f)
    #5 0x7f8a9c1ec0f0  (/usr/lib/libudev.so.1+0xb0f0)
    #6 0x7f8a9c1e98de in udev_enumerate_add_match_property (/usr/lib/libudev.so.1+0x88de)
    #7 0x000000abcbaf  (/usr/lib/ld-linux-x86-64.so.2+0xabcbaf)
    #8 0x000000abcf11  (/usr/lib/ld-linux-x86-64.so.2+0xabcf11)
    #9 0x000000acb3b9  (/usr/lib/ld-linux-x86-64.so.2+0xacb3b9)
    #10 0x0000004d1454  (/usr/lib/ld-linux-x86-64.so.2+0x4d1454)
    #11 0x7f8a9bc77253  (/usr/lib/libc.so.6+0x26253)
    #12 0x7f8a9bc77305 in __libc_start_main (/usr/lib/libc.so.6+0x26305)
    #13 0x0000004f9b70  (/usr/lib/ld-linux-x86-64.so.2+0x4f9b70)

Indirect leak of 2 byte(s) in 1 object(s) allocated from:
    #0 0x7f8a9cc197cf in malloc ../../../../src/libsanitizer/lsan/lsan_interceptors.cpp:74
    #1 0x7f8a9bd06e39 in strdup (/usr/lib/libc.so.6+0xb5e39)
    #2 0x7f8a9c210dbd  (/usr/lib/libudev.so.1+0x2fdbd)
    #3 0x7f8a9c210f4c  (/usr/lib/libudev.so.1+0x2ff4c)
    #4 0x7f8a9c1edb7f  (/usr/lib/libudev.so.1+0xcb7f)
    #5 0x7f8a9c1ec0f0  (/usr/lib/libudev.so.1+0xb0f0)
    #6 0x7f8a9c1e98de in udev_enumerate_add_match_property (/usr/lib/libudev.so.1+0x88de)
    #7 0x000000acec74  (/usr/lib/ld-linux-x86-64.so.2+0xacec74)
    #8 0x000000aced82  (/usr/lib/ld-linux-x86-64.so.2+0xaced82)
    #9 0x000000acb59d  (/usr/lib/ld-linux-x86-64.so.2+0xacb59d)
    #10 0x0000004d1454  (/usr/lib/ld-linux-x86-64.so.2+0x4d1454)
    #11 0x7f8a9bc77253  (/usr/lib/libc.so.6+0x26253)
    #12 0x7f8a9bc77305 in __libc_start_main (/usr/lib/libc.so.6+0x26305)
    #13 0x0000004f9b70  (/usr/lib/ld-linux-x86-64.so.2+0x4f9b70)

Indirect leak of 2 byte(s) in 1 object(s) allocated from:
    #0 0x7f8a9cc197cf in malloc ../../../../src/libsanitizer/lsan/lsan_interceptors.cpp:74
    #1 0x7f8a9bd06e39 in strdup (/usr/lib/libc.so.6+0xb5e39)
    #2 0x7f8a9c210dbd  (/usr/lib/libudev.so.1+0x2fdbd)
    #3 0x7f8a9c210f4c  (/usr/lib/libudev.so.1+0x2ff4c)
    #4 0x7f8a9c1edb7f  (/usr/lib/libudev.so.1+0xcb7f)
    #5 0x7f8a9c1ec0f0  (/usr/lib/libudev.so.1+0xb0f0)
    #6 0x7f8a9c1e98de in udev_enumerate_add_match_property (/usr/lib/libudev.so.1+0x88de)
    #7 0x000000abcbaf  (/usr/lib/ld-linux-x86-64.so.2+0xabcbaf)
    #8 0x000000abcf11  (/usr/lib/ld-linux-x86-64.so.2+0xabcf11)
    #9 0x000000acb2d8  (/usr/lib/ld-linux-x86-64.so.2+0xacb2d8)
    #10 0x0000004d1454  (/usr/lib/ld-linux-x86-64.so.2+0x4d1454)
    #11 0x7f8a9bc77253  (/usr/lib/libc.so.6+0x26253)
    #12 0x7f8a9bc77305 in __libc_start_main (/usr/lib/libc.so.6+0x26305)
    #13 0x0000004f9b70  (/usr/lib/ld-linux-x86-64.so.2+0x4f9b70)

Indirect leak of 1 byte(s) in 1 object(s) allocated from:
    #0 0x7f8a9cc197cf in malloc ../../../../src/libsanitizer/lsan/lsan_interceptors.cpp:74
    #1 0x7f8a9c1eb978  (/usr/lib/libudev.so.1+0xa978)
    #2 0x7f8a9c1ed9bb  (/usr/lib/libudev.so.1+0xc9bb)
    #3 0x7f8a9c1e960d in udev_enumerate_get_list_entry (/usr/lib/libudev.so.1+0x860d)
    #4 0x000000abcbcc  (/usr/lib/ld-linux-x86-64.so.2+0xabcbcc)
    #5 0x000000abcf11  (/usr/lib/ld-linux-x86-64.so.2+0xabcf11)
    #6 0x000000acb2d8  (/usr/lib/ld-linux-x86-64.so.2+0xacb2d8)
    #7 0x0000004d1454  (/usr/lib/ld-linux-x86-64.so.2+0x4d1454)
    #8 0x7f8a9bc77253  (/usr/lib/libc.so.6+0x26253)
    #9 0x7f8a9bc77305 in __libc_start_main (/usr/lib/libc.so.6+0x26305)
    #10 0x0000004f9b70  (/usr/lib/ld-linux-x86-64.so.2+0x4f9b70)

Indirect leak of 1 byte(s) in 1 object(s) allocated from:
    #0 0x7f8a9cc197cf in malloc ../../../../src/libsanitizer/lsan/lsan_interceptors.cpp:74
    #1 0x7f8a9c1eb978  (/usr/lib/libudev.so.1+0xa978)
    #2 0x7f8a9c1ed9bb  (/usr/lib/libudev.so.1+0xc9bb)
    #3 0x7f8a9c1e960d in udev_enumerate_get_list_entry (/usr/lib/libudev.so.1+0x860d)
    #4 0x000000abcbcc  (/usr/lib/ld-linux-x86-64.so.2+0xabcbcc)
    #5 0x000000abcf11  (/usr/lib/ld-linux-x86-64.so.2+0xabcf11)
    #6 0x000000acb3b9  (/usr/lib/ld-linux-x86-64.so.2+0xacb3b9)
    #7 0x0000004d1454  (/usr/lib/ld-linux-x86-64.so.2+0x4d1454)
    #8 0x7f8a9bc77253  (/usr/lib/libc.so.6+0x26253)
    #9 0x7f8a9bc77305 in __libc_start_main (/usr/lib/libc.so.6+0x26305)
    #10 0x0000004f9b70  (/usr/lib/ld-linux-x86-64.so.2+0x4f9b70)

Indirect leak of 1 byte(s) in 1 object(s) allocated from:
    #0 0x7f8a9cc197cf in malloc ../../../../src/libsanitizer/lsan/lsan_interceptors.cpp:74
    #1 0x7f8a9c1eb978  (/usr/lib/libudev.so.1+0xa978)
    #2 0x7f8a9c1ed9bb  (/usr/lib/libudev.so.1+0xc9bb)
    #3 0x7f8a9c1e960d in udev_enumerate_get_list_entry (/usr/lib/libudev.so.1+0x860d)
    #4 0x000000acec91  (/usr/lib/ld-linux-x86-64.so.2+0xacec91)
    #5 0x000000aced82  (/usr/lib/ld-linux-x86-64.so.2+0xaced82)
    #6 0x000000acb59d  (/usr/lib/ld-linux-x86-64.so.2+0xacb59d)
    #7 0x0000004d1454  (/usr/lib/ld-linux-x86-64.so.2+0x4d1454)
    #8 0x7f8a9bc77253  (/usr/lib/libc.so.6+0x26253)
    #9 0x7f8a9bc77305 in __libc_start_main (/usr/lib/libc.so.6+0x26305)
    #10 0x0000004f9b70  (/usr/lib/ld-linux-x86-64.so.2+0x4f9b70)

Indirect leak of 1 byte(s) in 1 object(s) allocated from:
    #0 0x7f8a9cc197cf in malloc ../../../../src/libsanitizer/lsan/lsan_interceptors.cpp:74
    #1 0x7f8a9c1eb978  (/usr/lib/libudev.so.1+0xa978)
    #2 0x7f8a9c1ed9bb  (/usr/lib/libudev.so.1+0xc9bb)
    #3 0x7f8a9c1e960d in udev_enumerate_get_list_entry (/usr/lib/libudev.so.1+0x860d)
    #4 0x000000abcbcc  (/usr/lib/ld-linux-x86-64.so.2+0xabcbcc)
    #5 0x000000abcf11  (/usr/lib/ld-linux-x86-64.so.2+0xabcf11)
    #6 0x000000acb1d9  (/usr/lib/ld-linux-x86-64.so.2+0xacb1d9)
    #7 0x0000004d1454  (/usr/lib/ld-linux-x86-64.so.2+0x4d1454)
    #8 0x7f8a9bc77253  (/usr/lib/libc.so.6+0x26253)
    #9 0x7f8a9bc77305 in __libc_start_main (/usr/lib/libc.so.6+0x26305)
    #10 0x0000004f9b70  (/usr/lib/ld-linux-x86-64.so.2+0x4f9b70)

-----------------------------------------------------
Suppressions used:
  count      bytes template
      1         64 *tls_get_addr*
-----------------------------------------------------

SUMMARY: LeakSanitizer: 1153399 byte(s) leaked in 14360 allocation(s).
